iso3,iso2,display_name,official_name,place_id_candidate,painmap_place_id_status,current_coverage_status,current_visible_country_fields_layers,missing_required_inputs,proposed_promotion_status_after_research,reason_if_still_not_promotable
ABW,AW,Aruba,,country:ABW,needs_mapping_to_current_place_registry,unknown_until_hidden_release_artifacts_fetchable,,all canonical country-profile source groups require source snapshots and QA in release compiler,not_promoted_yet__candidate_pending_source_snapshots_license_and_QA,browser could verify homepage/source pages but could not fetch PainMap machine artifacts or source datasets; no values invented
AFG,AF,Afghanistan,Islamic Republic of Afghanistan,country:AFG,needs_mapping_to_current_place_registry,unknown_until_hidden_release_artifacts_fetchable,,all canonical country-profile source groups require source snapshots and QA in release compiler,not_promoted_yet__candidate_pending_source_snapshots_license_and_QA,browser could verify homepage/source pages but could not fetch PainMap machine artifacts or source datasets; no values invented
AGO,AO,Angola,Republic of Angola,country:AGO,needs_mapping_to_current_place_registry,unknown_until_hidden_release_artifacts_fetchable,,all canonical country-profile source groups require source snapshots and QA in release compiler,not_promoted_yet__candidate_pending_source_snapshots_license_and_QA,browser could verify homepage/source pages but could not fetch PainMap machine artifacts or source datasets; no values invented
AIA,AI,Anguilla,,country:AIA,needs_mapping_to_current_place_registry,unknown_until_hidden_release_artifacts_fetchable,,all canonical country-profile source groups require source snapshots and QA in release compiler,not_promoted_yet__candidate_pending_source_snapshots_license_and_QA,browser could verify homepage/source pages but could not fetch PainMap machine artifacts or source datasets; no values invented
ALA,AX,Åland Islands,,country:ALA,needs_mapping_to_current_place_registry,unknown_until_hidden_release_artifacts_fetchable,,all canonical country-profile source groups require source snapshots and QA in release compiler,not_promoted_yet__candidate_pending_source_snapshots_license_and_QA,browser could verify homepage/source pages but could not fetch PainMap machine artifacts or source datasets; no values invented
ALB,AL,Albania,Republic of Albania,country:ALB,needs_mapping_to_current_place_registry,unknown_until_hidden_release_artifacts_fetchable,,all canonical country-profile source groups require source snapshots and QA in release compiler,not_promoted_yet__candidate_pending_source_snapshots_license_and_QA,browser could verify homepage/source pages but could not fetch PainMap machine artifacts or source datasets; no values invented
AND,AD,Andorra,Principality of Andorra,country:AND,needs_mapping_to_current_place_registry,unknown_until_hidden_release_artifacts_fetchable,,all canonical country-profile source groups require source snapshots and QA in release compiler,not_promoted_yet__candidate_pending_source_snapshots_license_and_QA,browser could verify homepage/source pages but could not fetch PainMap machine artifacts or source datasets; no values invented
ARE,AE,United Arab Emirates,,country:ARE,needs_mapping_to_current_place_registry,unknown_until_hidden_release_artifacts_fetchable,,all canonical country-profile source groups require source snapshots and QA in release compiler,not_promoted_yet__candidate_pending_source_snapshots_license_and_QA,browser could verify homepage/source pages but could not fetch PainMap machine artifacts or source datasets; no values invented
ARG,AR,Argentina,Argentine Republic,country:ARG,needs_mapping_to_current_place_registry,unknown_until_hidden_release_artifacts_fetchable,,all canonical country-profile source groups require source snapshots and QA in release compiler,not_promoted_yet__candidate_pending_source_snapshots_license_and_QA,browser could verify homepage/source pages but could not fetch PainMap machine artifacts or source datasets; no values invented
ARM,AM,Armenia,Republic of Armenia,country:ARM,needs_mapping_to_current_place_registry,unknown_until_hidden_release_artifacts_fetchable,,all canonical country-profile source groups require source snapshots and QA in release compiler,not_promoted_yet__candidate_pending_source_snapshots_license_and_QA,browser could verify homepage/source pages but could not fetch PainMap machine artifacts or source datasets; no values invented
ASM,AS,American Samoa,,country:ASM,needs_mapping_to_current_place_registry,unknown_until_hidden_release_artifacts_fetchable,,all canonical country-profile source groups require source snapshots and QA in release compiler,not_promoted_yet__candidate_pending_source_snapshots_license_and_QA,browser could verify homepage/source pages but could not fetch PainMap machine artifacts or source datasets; no values invented
ATA,AQ,Antarctica,,country:ATA,needs_mapping_to_current_place_registry,unknown_until_hidden_release_artifacts_fetchable,,all canonical country-profile source groups require source snapshots and QA in release compiler,not_promoted_yet__candidate_pending_source_snapshots_license_and_QA,browser could verify homepage/source pages but could not fetch PainMap machine artifacts or source datasets; no values invented
ATF,TF,French Southern Territories,,country:ATF,needs_mapping_to_current_place_registry,unknown_until_hidden_release_artifacts_fetchable,,all canonical country-profile source groups require source snapshots and QA in release compiler,not_promoted_yet__candidate_pending_source_snapshots_license_and_QA,browser could verify homepage/source pages but could not fetch PainMap machine artifacts or source datasets; no values invented
ATG,AG,Antigua and Barbuda,,country:ATG,needs_mapping_to_current_place_registry,unknown_until_hidden_release_artifacts_fetchable,,all canonical country-profile source groups require source snapshots and QA in release compiler,not_promoted_yet__candidate_pending_source_snapshots_license_and_QA,browser could verify homepage/source pages but could not fetch PainMap machine artifacts or source datasets; no values invented
AUS,AU,Australia,,country:AUS,needs_mapping_to_current_place_registry,unknown_until_hidden_release_artifacts_fetchable,,all canonical country-profile source groups require source snapshots and QA in release compiler,not_promoted_yet__candidate_pending_source_snapshots_license_and_QA,browser could verify homepage/source pages but could not fetch PainMap machine artifacts or source datasets; no values invented
AUT,AT,Austria,Republic of Austria,country:AUT,needs_mapping_to_current_place_registry,unknown_until_hidden_release_artifacts_fetchable,,all canonical country-profile source groups require source snapshots and QA in release compiler,not_promoted_yet__candidate_pending_source_snapshots_license_and_QA,browser could verify homepage/source pages but could not fetch PainMap machine artifacts or source datasets; no values invented
AZE,AZ,Azerbaijan,Republic of Azerbaijan,country:AZE,needs_mapping_to_current_place_registry,unknown_until_hidden_release_artifacts_fetchable,,all canonical country-profile source groups require source snapshots and QA in release compiler,not_promoted_yet__candidate_pending_source_snapshots_license_and_QA,browser could verify homepage/source pages but could not fetch PainMap machine artifacts or source datasets; no values invented
BDI,BI,Burundi,Republic of Burundi,country:BDI,needs_mapping_to_current_place_registry,unknown_until_hidden_release_artifacts_fetchable,,all canonical country-profile source groups require source snapshots and QA in release compiler,not_promoted_yet__candidate_pending_source_snapshots_license_and_QA,browser could verify homepage/source pages but could not fetch PainMap machine artifacts or source datasets; no values invented
BEL,BE,Belgium,Kingdom of Belgium,country:BEL,needs_mapping_to_current_place_registry,unknown_until_hidden_release_artifacts_fetchable,,all canonical country-profile source groups require source snapshots and QA in release compiler,not_promoted_yet__candidate_pending_source_snapshots_license_and_QA,browser could verify homepage/source pages but could not fetch PainMap machine artifacts or source datasets; no values invented
BEN,BJ,Benin,Republic of Benin,country:BEN,needs_mapping_to_current_place_registry,unknown_until_hidden_release_artifacts_fetchable,,all canonical country-profile source groups require source snapshots and QA in release compiler,not_promoted_yet__candidate_pending_source_snapshots_license_and_QA,browser could verify homepage/source pages but could not fetch PainMap machine artifacts or source datasets; no values invented
BES,BQ,"Bonaire, Sint Eustatius and Saba","Bonaire, Sint Eustatius and Saba",country:BES,needs_mapping_to_current_place_registry,unknown_until_hidden_release_artifacts_fetchable,,all canonical country-profile source groups require source snapshots and QA in release compiler,not_promoted_yet__candidate_pending_source_snapshots_license_and_QA,browser could verify homepage/source pages but could not fetch PainMap machine artifacts or source datasets; no values invented
BFA,BF,Burkina Faso,,country:BFA,needs_mapping_to_current_place_registry,unknown_until_hidden_release_artifacts_fetchable,,all canonical country-profile source groups require source snapshots and QA in release compiler,not_promoted_yet__candidate_pending_source_snapshots_license_and_QA,browser could verify homepage/source pages but could not fetch PainMap machine artifacts or source datasets; no values invented
BGD,BD,Bangladesh,People's Republic of Bangladesh,country:BGD,needs_mapping_to_current_place_registry,unknown_until_hidden_release_artifacts_fetchable,,all canonical country-profile source groups require source snapshots and QA in release compiler,not_promoted_yet__candidate_pending_source_snapshots_license_and_QA,browser could verify homepage/source pages but could not fetch PainMap machine artifacts or source datasets; no values invented
BGR,BG,Bulgaria,Republic of Bulgaria,country:BGR,needs_mapping_to_current_place_registry,unknown_until_hidden_release_artifacts_fetchable,,all canonical country-profile source groups require source snapshots and QA in release compiler,not_promoted_yet__candidate_pending_source_snapshots_license_and_QA,browser could verify homepage/source pages but could not fetch PainMap machine artifacts or source datasets; no values invented
BHR,BH,Bahrain,Kingdom of Bahrain,country:BHR,needs_mapping_to_current_place_registry,unknown_until_hidden_release_artifacts_fetchable,,all canonical country-profile source groups require source snapshots and QA in release compiler,not_promoted_yet__candidate_pending_source_snapshots_license_and_QA,browser could verify homepage/source pages but could not fetch PainMap machine artifacts or source datasets; no values invented
BHS,BS,Bahamas,Commonwealth of the Bahamas,country:BHS,needs_mapping_to_current_place_registry,unknown_until_hidden_release_artifacts_fetchable,,all canonical country-profile source groups require source snapshots and QA in release compiler,not_promoted_yet__candidate_pending_source_snapshots_license_and_QA,browser could verify homepage/source pages but could not fetch PainMap machine artifacts or source datasets; no values invented
BIH,BA,Bosnia and Herzegovina,Republic of Bosnia and Herzegovina,country:BIH,needs_mapping_to_current_place_registry,unknown_until_hidden_release_artifacts_fetchable,,all canonical country-profile source groups require source snapshots and QA in release compiler,not_promoted_yet__candidate_pending_source_snapshots_license_and_QA,browser could verify homepage/source pages but could not fetch PainMap machine artifacts or source datasets; no values invented
BLM,BL,Saint Barthélemy,,country:BLM,needs_mapping_to_current_place_registry,unknown_until_hidden_release_artifacts_fetchable,,all canonical country-profile source groups require source snapshots and QA in release compiler,not_promoted_yet__candidate_pending_source_snapshots_license_and_QA,browser could verify homepage/source pages but could not fetch PainMap machine artifacts or source datasets; no values invented
BLR,BY,Belarus,Republic of Belarus,country:BLR,needs_mapping_to_current_place_registry,unknown_until_hidden_release_artifacts_fetchable,,all canonical country-profile source groups require source snapshots and QA in release compiler,not_promoted_yet__candidate_pending_source_snapshots_license_and_QA,browser could verify homepage/source pages but could not fetch PainMap machine artifacts or source datasets; no values invented
BLZ,BZ,Belize,,country:BLZ,needs_mapping_to_current_place_registry,unknown_until_hidden_release_artifacts_fetchable,,all canonical country-profile source groups require source snapshots and QA in release compiler,not_promoted_yet__candidate_pending_source_snapshots_license_and_QA,browser could verify homepage/source pages but could not fetch PainMap machine artifacts or source datasets; no values invented
BMU,BM,Bermuda,,country:BMU,needs_mapping_to_current_place_registry,unknown_until_hidden_release_artifacts_fetchable,,all canonical country-profile source groups require source snapshots and QA in release compiler,not_promoted_yet__candidate_pending_source_snapshots_license_and_QA,browser could verify homepage/source pages but could not fetch PainMap machine artifacts or source datasets; no values invented
BOL,BO,Bolivia,Plurinational State of Bolivia,country:BOL,needs_mapping_to_current_place_registry,unknown_until_hidden_release_artifacts_fetchable,,all canonical country-profile source groups require source snapshots and QA in release compiler,not_promoted_yet__candidate_pending_source_snapshots_license_and_QA,browser could verify homepage/source pages but could not fetch PainMap machine artifacts or source datasets; no values invented
BRA,BR,Brazil,Federative Republic of Brazil,country:BRA,needs_mapping_to_current_place_registry,unknown_until_hidden_release_artifacts_fetchable,,all canonical country-profile source groups require source snapshots and QA in release compiler,not_promoted_yet__candidate_pending_source_snapshots_license_and_QA,browser could verify homepage/source pages but could not fetch PainMap machine artifacts or source datasets; no values invented
BRB,BB,Barbados,,country:BRB,needs_mapping_to_current_place_registry,unknown_until_hidden_release_artifacts_fetchable,,all canonical country-profile source groups require source snapshots and QA in release compiler,not_promoted_yet__candidate_pending_source_snapshots_license_and_QA,browser could verify homepage/source pages but could not fetch PainMap machine artifacts or source datasets; no values invented
BRN,BN,Brunei Darussalam,,country:BRN,needs_mapping_to_current_place_registry,unknown_until_hidden_release_artifacts_fetchable,,all canonical country-profile source groups require source snapshots and QA in release compiler,not_promoted_yet__candidate_pending_source_snapshots_license_and_QA,browser could verify homepage/source pages but could not fetch PainMap machine artifacts or source datasets; no values invented
BTN,BT,Bhutan,Kingdom of Bhutan,country:BTN,needs_mapping_to_current_place_registry,unknown_until_hidden_release_artifacts_fetchable,,all canonical country-profile source groups require source snapshots and QA in release compiler,not_promoted_yet__candidate_pending_source_snapshots_license_and_QA,browser could verify homepage/source pages but could not fetch PainMap machine artifacts or source datasets; no values invented
BVT,BV,Bouvet Island,,country:BVT,needs_mapping_to_current_place_registry,unknown_until_hidden_release_artifacts_fetchable,,all canonical country-profile source groups require source snapshots and QA in release compiler,not_promoted_yet__candidate_pending_source_snapshots_license_and_QA,browser could verify homepage/source pages but could not fetch PainMap machine artifacts or source datasets; no values invented
BWA,BW,Botswana,Republic of Botswana,country:BWA,needs_mapping_to_current_place_registry,unknown_until_hidden_release_artifacts_fetchable,,all canonical country-profile source groups require source snapshots and QA in release compiler,not_promoted_yet__candidate_pending_source_snapshots_license_and_QA,browser could verify homepage/source pages but could not fetch PainMap machine artifacts or source datasets; no values invented
CAF,CF,Central African Republic,,country:CAF,needs_mapping_to_current_place_registry,unknown_until_hidden_release_artifacts_fetchable,,all canonical country-profile source groups require source snapshots and QA in release compiler,not_promoted_yet__candidate_pending_source_snapshots_license_and_QA,browser could verify homepage/source pages but could not fetch PainMap machine artifacts or source datasets; no values invented
CAN,CA,Canada,,country:CAN,needs_mapping_to_current_place_registry,unknown_until_hidden_release_artifacts_fetchable,,all canonical country-profile source groups require source snapshots and QA in release compiler,not_promoted_yet__candidate_pending_source_snapshots_license_and_QA,browser could verify homepage/source pages but could not fetch PainMap machine artifacts or source datasets; no values invented
CCK,CC,Cocos (Keeling) Islands,,country:CCK,needs_mapping_to_current_place_registry,unknown_until_hidden_release_artifacts_fetchable,,all canonical country-profile source groups require source snapshots and QA in release compiler,not_promoted_yet__candidate_pending_source_snapshots_license_and_QA,browser could verify homepage/source pages but could not fetch PainMap machine artifacts or source datasets; no values invented
CHE,CH,Switzerland,Swiss Confederation,country:CHE,needs_mapping_to_current_place_registry,unknown_until_hidden_release_artifacts_fetchable,,all canonical country-profile source groups require source snapshots and QA in release compiler,not_promoted_yet__candidate_pending_source_snapshots_license_and_QA,browser could verify homepage/source pages but could not fetch PainMap machine artifacts or source datasets; no values invented
CHL,CL,Chile,Republic of Chile,country:CHL,needs_mapping_to_current_place_registry,unknown_until_hidden_release_artifacts_fetchable,,all canonical country-profile source groups require source snapshots and QA in release compiler,not_promoted_yet__candidate_pending_source_snapshots_license_and_QA,browser could verify homepage/source pages but could not fetch PainMap machine artifacts or source datasets; no values invented
CHN,CN,China,People's Republic of China,country:CHN,mapped_to_current_place_registry,boundary_index_only,factory-farmed-animals; insects-insecticide-proxy; wild-animal-land-proxy-denominator (candidate only),remaining aquatic-animal sources; population/agricultural-land context; welfare-range source review; manual license/method/UX review,source_backed_partial_candidate__not_promoted,"Three source groups now have numeric rows and checksum receipts, but the canonical country-profile gate and manual release review are incomplete."
CIV,CI,Côte d'Ivoire,Republic of Côte d'Ivoire,country:CIV,needs_mapping_to_current_place_registry,unknown_until_hidden_release_artifacts_fetchable,,all canonical country-profile source groups require source snapshots and QA in release compiler,not_promoted_yet__candidate_pending_source_snapshots_license_and_QA,browser could verify homepage/source pages but could not fetch PainMap machine artifacts or source datasets; no values invented
CMR,CM,Cameroon,Republic of Cameroon,country:CMR,needs_mapping_to_current_place_registry,unknown_until_hidden_release_artifacts_fetchable,,all canonical country-profile source groups require source snapshots and QA in release compiler,not_promoted_yet__candidate_pending_source_snapshots_license_and_QA,browser could verify homepage/source pages but could not fetch PainMap machine artifacts or source datasets; no values invented
COD,CD,"Congo, The Democratic Republic of the",,country:COD,needs_mapping_to_current_place_registry,unknown_until_hidden_release_artifacts_fetchable,,all canonical country-profile source groups require source snapshots and QA in release compiler,not_promoted_yet__candidate_pending_source_snapshots_license_and_QA,browser could verify homepage/source pages but could not fetch PainMap machine artifacts or source datasets; no values invented
COG,CG,Congo,Republic of the Congo,country:COG,needs_mapping_to_current_place_registry,unknown_until_hidden_release_artifacts_fetchable,,all canonical country-profile source groups require source snapshots and QA in release compiler,not_promoted_yet__candidate_pending_source_snapshots_license_and_QA,browser could verify homepage/source pages but could not fetch PainMap machine artifacts or source datasets; no values invented
COK,CK,Cook Islands,,country:COK,needs_mapping_to_current_place_registry,unknown_until_hidden_release_artifacts_fetchable,,all canonical country-profile source groups require source snapshots and QA in release compiler,not_promoted_yet__candidate_pending_source_snapshots_license_and_QA,browser could verify homepage/source pages but could not fetch PainMap machine artifacts or source datasets; no values invented
COL,CO,Colombia,Republic of Colombia,country:COL,needs_mapping_to_current_place_registry,unknown_until_hidden_release_artifacts_fetchable,,all canonical country-profile source groups require source snapshots and QA in release compiler,not_promoted_yet__candidate_pending_source_snapshots_license_and_QA,browser could verify homepage/source pages but could not fetch PainMap machine artifacts or source datasets; no values invented
COM,KM,Comoros,Union of the Comoros,country:COM,needs_mapping_to_current_place_registry,unknown_until_hidden_release_artifacts_fetchable,,all canonical country-profile source groups require source snapshots and QA in release compiler,not_promoted_yet__candidate_pending_source_snapshots_license_and_QA,browser could verify homepage/source pages but could not fetch PainMap machine artifacts or source datasets; no values invented
CPV,CV,Cabo Verde,Republic of Cabo Verde,country:CPV,needs_mapping_to_current_place_registry,unknown_until_hidden_release_artifacts_fetchable,,all canonical country-profile source groups require source snapshots and QA in release compiler,not_promoted_yet__candidate_pending_source_snapshots_license_and_QA,browser could verify homepage/source pages but could not fetch PainMap machine artifacts or source datasets; no values invented
CRI,CR,Costa Rica,Republic of Costa Rica,country:CRI,needs_mapping_to_current_place_registry,unknown_until_hidden_release_artifacts_fetchable,,all canonical country-profile source groups require source snapshots and QA in release compiler,not_promoted_yet__candidate_pending_source_snapshots_license_and_QA,browser could verify homepage/source pages but could not fetch PainMap machine artifacts or source datasets; no values invented
CUB,CU,Cuba,Republic of Cuba,country:CUB,needs_mapping_to_current_place_registry,unknown_until_hidden_release_artifacts_fetchable,,all canonical country-profile source groups require source snapshots and QA in release compiler,not_promoted_yet__candidate_pending_source_snapshots_license_and_QA,browser could verify homepage/source pages but could not fetch PainMap machine artifacts or source datasets; no values invented
CUW,CW,Curaçao,Curaçao,country:CUW,needs_mapping_to_current_place_registry,unknown_until_hidden_release_artifacts_fetchable,,all canonical country-profile source groups require source snapshots and QA in release compiler,not_promoted_yet__candidate_pending_source_snapshots_license_and_QA,browser could verify homepage/source pages but could not fetch PainMap machine artifacts or source datasets; no values invented
CXR,CX,Christmas Island,,country:CXR,needs_mapping_to_current_place_registry,unknown_until_hidden_release_artifacts_fetchable,,all canonical country-profile source groups require source snapshots and QA in release compiler,not_promoted_yet__candidate_pending_source_snapshots_license_and_QA,browser could verify homepage/source pages but could not fetch PainMap machine artifacts or source datasets; no values invented
CYM,KY,Cayman Islands,,country:CYM,needs_mapping_to_current_place_registry,unknown_until_hidden_release_artifacts_fetchable,,all canonical country-profile source groups require source snapshots and QA in release compiler,not_promoted_yet__candidate_pending_source_snapshots_license_and_QA,browser could verify homepage/source pages but could not fetch PainMap machine artifacts or source datasets; no values invented
CYP,CY,Cyprus,Republic of Cyprus,country:CYP,needs_mapping_to_current_place_registry,unknown_until_hidden_release_artifacts_fetchable,,all canonical country-profile source groups require source snapshots and QA in release compiler,not_promoted_yet__candidate_pending_source_snapshots_license_and_QA,browser could verify homepage/source pages but could not fetch PainMap machine artifacts or source datasets; no values invented
CZE,CZ,Czechia,Czech Republic,country:CZE,needs_mapping_to_current_place_registry,unknown_until_hidden_release_artifacts_fetchable,,all canonical country-profile source groups require source snapshots and QA in release compiler,not_promoted_yet__candidate_pending_source_snapshots_license_and_QA,browser could verify homepage/source pages but could not fetch PainMap machine artifacts or source datasets; no values invented
DEU,DE,Germany,Federal Republic of Germany,country:DEU,mapped_to_current_place_registry,boundary_index_only,factory-farmed-animals; insects-insecticide-proxy; wild-animal-land-proxy-denominator (candidate only),remaining aquatic-animal sources; population/agricultural-land context; welfare-range source review; manual license/method/UX review,source_backed_partial_candidate__not_promoted,"Three source groups now have numeric rows and checksum receipts, but the canonical country-profile gate and manual release review are incomplete."
DJI,DJ,Djibouti,Republic of Djibouti,country:DJI,needs_mapping_to_current_place_registry,unknown_until_hidden_release_artifacts_fetchable,,all canonical country-profile source groups require source snapshots and QA in release compiler,not_promoted_yet__candidate_pending_source_snapshots_license_and_QA,browser could verify homepage/source pages but could not fetch PainMap machine artifacts or source datasets; no values invented
DMA,DM,Dominica,Commonwealth of Dominica,country:DMA,needs_mapping_to_current_place_registry,unknown_until_hidden_release_artifacts_fetchable,,all canonical country-profile source groups require source snapshots and QA in release compiler,not_promoted_yet__candidate_pending_source_snapshots_license_and_QA,browser could verify homepage/source pages but could not fetch PainMap machine artifacts or source datasets; no values invented
DNK,DK,Denmark,Kingdom of Denmark,country:DNK,needs_mapping_to_current_place_registry,unknown_until_hidden_release_artifacts_fetchable,,all canonical country-profile source groups require source snapshots and QA in release compiler,not_promoted_yet__candidate_pending_source_snapshots_license_and_QA,browser could verify homepage/source pages but could not fetch PainMap machine artifacts or source datasets; no values invented
DOM,DO,Dominican Republic,,country:DOM,needs_mapping_to_current_place_registry,unknown_until_hidden_release_artifacts_fetchable,,all canonical country-profile source groups require source snapshots and QA in release compiler,not_promoted_yet__candidate_pending_source_snapshots_license_and_QA,browser could verify homepage/source pages but could not fetch PainMap machine artifacts or source datasets; no values invented
DZA,DZ,Algeria,People's Democratic Republic of Algeria,country:DZA,needs_mapping_to_current_place_registry,unknown_until_hidden_release_artifacts_fetchable,,all canonical country-profile source groups require source snapshots and QA in release compiler,not_promoted_yet__candidate_pending_source_snapshots_license_and_QA,browser could verify homepage/source pages but could not fetch PainMap machine artifacts or source datasets; no values invented
ECU,EC,Ecuador,Republic of Ecuador,country:ECU,needs_mapping_to_current_place_registry,unknown_until_hidden_release_artifacts_fetchable,,all canonical country-profile source groups require source snapshots and QA in release compiler,not_promoted_yet__candidate_pending_source_snapshots_license_and_QA,browser could verify homepage/source pages but could not fetch PainMap machine artifacts or source datasets; no values invented
EGY,EG,Egypt,Arab Republic of Egypt,country:EGY,needs_mapping_to_current_place_registry,unknown_until_hidden_release_artifacts_fetchable,,all canonical country-profile source groups require source snapshots and QA in release compiler,not_promoted_yet__candidate_pending_source_snapshots_license_and_QA,browser could verify homepage/source pages but could not fetch PainMap machine artifacts or source datasets; no values invented
ERI,ER,Eritrea,the State of Eritrea,country:ERI,needs_mapping_to_current_place_registry,unknown_until_hidden_release_artifacts_fetchable,,all canonical country-profile source groups require source snapshots and QA in release compiler,not_promoted_yet__candidate_pending_source_snapshots_license_and_QA,browser could verify homepage/source pages but could not fetch PainMap machine artifacts or source datasets; no values invented
ESH,EH,Western Sahara,,country:ESH,needs_mapping_to_current_place_registry,unknown_until_hidden_release_artifacts_fetchable,,all canonical country-profile source groups require source snapshots and QA in release compiler,not_promoted_yet__candidate_pending_source_snapshots_license_and_QA,browser could verify homepage/source pages but could not fetch PainMap machine artifacts or source datasets; no values invented
ESP,ES,Spain,Kingdom of Spain,country:ESP,needs_mapping_to_current_place_registry,unknown_until_hidden_release_artifacts_fetchable,,all canonical country-profile source groups require source snapshots and QA in release compiler,not_promoted_yet__candidate_pending_source_snapshots_license_and_QA,browser could verify homepage/source pages but could not fetch PainMap machine artifacts or source datasets; no values invented
EST,EE,Estonia,Republic of Estonia,country:EST,needs_mapping_to_current_place_registry,unknown_until_hidden_release_artifacts_fetchable,,all canonical country-profile source groups require source snapshots and QA in release compiler,not_promoted_yet__candidate_pending_source_snapshots_license_and_QA,browser could verify homepage/source pages but could not fetch PainMap machine artifacts or source datasets; no values invented
ETH,ET,Ethiopia,Federal Democratic Republic of Ethiopia,country:ETH,needs_mapping_to_current_place_registry,unknown_until_hidden_release_artifacts_fetchable,,all canonical country-profile source groups require source snapshots and QA in release compiler,not_promoted_yet__candidate_pending_source_snapshots_license_and_QA,browser could verify homepage/source pages but could not fetch PainMap machine artifacts or source datasets; no values invented
FIN,FI,Finland,Republic of Finland,country:FIN,needs_mapping_to_current_place_registry,unknown_until_hidden_release_artifacts_fetchable,,all canonical country-profile source groups require source snapshots and QA in release compiler,not_promoted_yet__candidate_pending_source_snapshots_license_and_QA,browser could verify homepage/source pages but could not fetch PainMap machine artifacts or source datasets; no values invented
FJI,FJ,Fiji,Republic of Fiji,country:FJI,needs_mapping_to_current_place_registry,unknown_until_hidden_release_artifacts_fetchable,,all canonical country-profile source groups require source snapshots and QA in release compiler,not_promoted_yet__candidate_pending_source_snapshots_license_and_QA,browser could verify homepage/source pages but could not fetch PainMap machine artifacts or source datasets; no values invented
FLK,FK,Falkland Islands (Malvinas),,country:FLK,needs_mapping_to_current_place_registry,unknown_until_hidden_release_artifacts_fetchable,,all canonical country-profile source groups require source snapshots and QA in release compiler,not_promoted_yet__candidate_pending_source_snapshots_license_and_QA,browser could verify homepage/source pages but could not fetch PainMap machine artifacts or source datasets; no values invented
FRA,FR,France,French Republic,country:FRA,needs_mapping_to_current_place_registry,unknown_until_hidden_release_artifacts_fetchable,,all canonical country-profile source groups require source snapshots and QA in release compiler,not_promoted_yet__candidate_pending_source_snapshots_license_and_QA,browser could verify homepage/source pages but could not fetch PainMap machine artifacts or source datasets; no values invented
FRO,FO,Faroe Islands,,country:FRO,needs_mapping_to_current_place_registry,unknown_until_hidden_release_artifacts_fetchable,,all canonical country-profile source groups require source snapshots and QA in release compiler,not_promoted_yet__candidate_pending_source_snapshots_license_and_QA,browser could verify homepage/source pages but could not fetch PainMap machine artifacts or source datasets; no values invented
FSM,FM,"Micronesia, Federated States of",Federated States of Micronesia,country:FSM,needs_mapping_to_current_place_registry,unknown_until_hidden_release_artifacts_fetchable,,all canonical country-profile source groups require source snapshots and QA in release compiler,not_promoted_yet__candidate_pending_source_snapshots_license_and_QA,browser could verify homepage/source pages but could not fetch PainMap machine artifacts or source datasets; no values invented
GAB,GA,Gabon,Gabonese Republic,country:GAB,needs_mapping_to_current_place_registry,unknown_until_hidden_release_artifacts_fetchable,,all canonical country-profile source groups require source snapshots and QA in release compiler,not_promoted_yet__candidate_pending_source_snapshots_license_and_QA,browser could verify homepage/source pages but could not fetch PainMap machine artifacts or source datasets; no values invented
GBR,GB,United Kingdom,United Kingdom of Great Britain and Northern Ireland,country:GBR,mapped_to_current_place_registry,boundary_index_only,factory-farmed-animals; insects-insecticide-proxy; wild-animal-land-proxy-denominator (candidate only),remaining aquatic-animal sources; population/agricultural-land context; welfare-range source review; manual license/method/UX review,source_backed_partial_candidate__not_promoted,"Three source groups now have numeric rows and checksum receipts, but the canonical country-profile gate and manual release review are incomplete."
GEO,GE,Georgia,,country:GEO,needs_mapping_to_current_place_registry,unknown_until_hidden_release_artifacts_fetchable,,all canonical country-profile source groups require source snapshots and QA in release compiler,not_promoted_yet__candidate_pending_source_snapshots_license_and_QA,browser could verify homepage/source pages but could not fetch PainMap machine artifacts or source datasets; no values invented
GGY,GG,Guernsey,,country:GGY,needs_mapping_to_current_place_registry,unknown_until_hidden_release_artifacts_fetchable,,all canonical country-profile source groups require source snapshots and QA in release compiler,not_promoted_yet__candidate_pending_source_snapshots_license_and_QA,browser could verify homepage/source pages but could not fetch PainMap machine artifacts or source datasets; no values invented
GHA,GH,Ghana,Republic of Ghana,country:GHA,needs_mapping_to_current_place_registry,unknown_until_hidden_release_artifacts_fetchable,,all canonical country-profile source groups require source snapshots and QA in release compiler,not_promoted_yet__candidate_pending_source_snapshots_license_and_QA,browser could verify homepage/source pages but could not fetch PainMap machine artifacts or source datasets; no values invented
GIB,GI,Gibraltar,,country:GIB,needs_mapping_to_current_place_registry,unknown_until_hidden_release_artifacts_fetchable,,all canonical country-profile source groups require source snapshots and QA in release compiler,not_promoted_yet__candidate_pending_source_snapshots_license_and_QA,browser could verify homepage/source pages but could not fetch PainMap machine artifacts or source datasets; no values invented
GIN,GN,Guinea,Republic of Guinea,country:GIN,needs_mapping_to_current_place_registry,unknown_until_hidden_release_artifacts_fetchable,,all canonical country-profile source groups require source snapshots and QA in release compiler,not_promoted_yet__candidate_pending_source_snapshots_license_and_QA,browser could verify homepage/source pages but could not fetch PainMap machine artifacts or source datasets; no values invented
GLP,GP,Guadeloupe,,country:GLP,needs_mapping_to_current_place_registry,unknown_until_hidden_release_artifacts_fetchable,,all canonical country-profile source groups require source snapshots and QA in release compiler,not_promoted_yet__candidate_pending_source_snapshots_license_and_QA,browser could verify homepage/source pages but could not fetch PainMap machine artifacts or source datasets; no values invented
GMB,GM,Gambia,Republic of the Gambia,country:GMB,needs_mapping_to_current_place_registry,unknown_until_hidden_release_artifacts_fetchable,,all canonical country-profile source groups require source snapshots and QA in release compiler,not_promoted_yet__candidate_pending_source_snapshots_license_and_QA,browser could verify homepage/source pages but could not fetch PainMap machine artifacts or source datasets; no values invented
GNB,GW,Guinea-Bissau,Republic of Guinea-Bissau,country:GNB,needs_mapping_to_current_place_registry,unknown_until_hidden_release_artifacts_fetchable,,all canonical country-profile source groups require source snapshots and QA in release compiler,not_promoted_yet__candidate_pending_source_snapshots_license_and_QA,browser could verify homepage/source pages but could not fetch PainMap machine artifacts or source datasets; no values invented
GNQ,GQ,Equatorial Guinea,Republic of Equatorial Guinea,country:GNQ,needs_mapping_to_current_place_registry,unknown_until_hidden_release_artifacts_fetchable,,all canonical country-profile source groups require source snapshots and QA in release compiler,not_promoted_yet__candidate_pending_source_snapshots_license_and_QA,browser could verify homepage/source pages but could not fetch PainMap machine artifacts or source datasets; no values invented
GRC,GR,Greece,Hellenic Republic,country:GRC,needs_mapping_to_current_place_registry,unknown_until_hidden_release_artifacts_fetchable,,all canonical country-profile source groups require source snapshots and QA in release compiler,not_promoted_yet__candidate_pending_source_snapshots_license_and_QA,browser could verify homepage/source pages but could not fetch PainMap machine artifacts or source datasets; no values invented
GRD,GD,Grenada,,country:GRD,needs_mapping_to_current_place_registry,unknown_until_hidden_release_artifacts_fetchable,,all canonical country-profile source groups require source snapshots and QA in release compiler,not_promoted_yet__candidate_pending_source_snapshots_license_and_QA,browser could verify homepage/source pages but could not fetch PainMap machine artifacts or source datasets; no values invented
GRL,GL,Greenland,,country:GRL,needs_mapping_to_current_place_registry,unknown_until_hidden_release_artifacts_fetchable,,all canonical country-profile source groups require source snapshots and QA in release compiler,not_promoted_yet__candidate_pending_source_snapshots_license_and_QA,browser could verify homepage/source pages but could not fetch PainMap machine artifacts or source datasets; no values invented
GTM,GT,Guatemala,Republic of Guatemala,country:GTM,needs_mapping_to_current_place_registry,unknown_until_hidden_release_artifacts_fetchable,,all canonical country-profile source groups require source snapshots and QA in release compiler,not_promoted_yet__candidate_pending_source_snapshots_license_and_QA,browser could verify homepage/source pages but could not fetch PainMap machine artifacts or source datasets; no values invented
GUF,GF,French Guiana,,country:GUF,needs_mapping_to_current_place_registry,unknown_until_hidden_release_artifacts_fetchable,,all canonical country-profile source groups require source snapshots and QA in release compiler,not_promoted_yet__candidate_pending_source_snapshots_license_and_QA,browser could verify homepage/source pages but could not fetch PainMap machine artifacts or source datasets; no values invented
GUM,GU,Guam,,country:GUM,needs_mapping_to_current_place_registry,unknown_until_hidden_release_artifacts_fetchable,,all canonical country-profile source groups require source snapshots and QA in release compiler,not_promoted_yet__candidate_pending_source_snapshots_license_and_QA,browser could verify homepage/source pages but could not fetch PainMap machine artifacts or source datasets; no values invented
GUY,GY,Guyana,Republic of Guyana,country:GUY,needs_mapping_to_current_place_registry,unknown_until_hidden_release_artifacts_fetchable,,all canonical country-profile source groups require source snapshots and QA in release compiler,not_promoted_yet__candidate_pending_source_snapshots_license_and_QA,browser could verify homepage/source pages but could not fetch PainMap machine artifacts or source datasets; no values invented
HKG,HK,Hong Kong,Hong Kong Special Administrative Region of China,country:HKG,needs_mapping_to_current_place_registry,unknown_until_hidden_release_artifacts_fetchable,,all canonical country-profile source groups require source snapshots and QA in release compiler,not_promoted_yet__candidate_pending_source_snapshots_license_and_QA,browser could verify homepage/source pages but could not fetch PainMap machine artifacts or source datasets; no values invented
HMD,HM,Heard Island and McDonald Islands,,country:HMD,needs_mapping_to_current_place_registry,unknown_until_hidden_release_artifacts_fetchable,,all canonical country-profile source groups require source snapshots and QA in release compiler,not_promoted_yet__candidate_pending_source_snapshots_license_and_QA,browser could verify homepage/source pages but could not fetch PainMap machine artifacts or source datasets; no values invented
HND,HN,Honduras,Republic of Honduras,country:HND,needs_mapping_to_current_place_registry,unknown_until_hidden_release_artifacts_fetchable,,all canonical country-profile source groups require source snapshots and QA in release compiler,not_promoted_yet__candidate_pending_source_snapshots_license_and_QA,browser could verify homepage/source pages but could not fetch PainMap machine artifacts or source datasets; no values invented
HRV,HR,Croatia,Republic of Croatia,country:HRV,needs_mapping_to_current_place_registry,unknown_until_hidden_release_artifacts_fetchable,,all canonical country-profile source groups require source snapshots and QA in release compiler,not_promoted_yet__candidate_pending_source_snapshots_license_and_QA,browser could verify homepage/source pages but could not fetch PainMap machine artifacts or source datasets; no values invented
HTI,HT,Haiti,Republic of Haiti,country:HTI,needs_mapping_to_current_place_registry,unknown_until_hidden_release_artifacts_fetchable,,all canonical country-profile source groups require source snapshots and QA in release compiler,not_promoted_yet__candidate_pending_source_snapshots_license_and_QA,browser could verify homepage/source pages but could not fetch PainMap machine artifacts or source datasets; no values invented
HUN,HU,Hungary,Hungary,country:HUN,needs_mapping_to_current_place_registry,unknown_until_hidden_release_artifacts_fetchable,,all canonical country-profile source groups require source snapshots and QA in release compiler,not_promoted_yet__candidate_pending_source_snapshots_license_and_QA,browser could verify homepage/source pages but could not fetch PainMap machine artifacts or source datasets; no values invented
IDN,ID,Indonesia,Republic of Indonesia,country:IDN,mapped_to_current_place_registry,boundary_index_only,factory-farmed-animals; insects-insecticide-proxy; wild-animal-land-proxy-denominator (candidate only),remaining aquatic-animal sources; population/agricultural-land context; welfare-range source review; manual license/method/UX review,source_backed_partial_candidate__not_promoted,"Three source groups now have numeric rows and checksum receipts, but the canonical country-profile gate and manual release review are incomplete."
IMN,IM,Isle of Man,,country:IMN,needs_mapping_to_current_place_registry,unknown_until_hidden_release_artifacts_fetchable,,all canonical country-profile source groups require source snapshots and QA in release compiler,not_promoted_yet__candidate_pending_source_snapshots_license_and_QA,browser could verify homepage/source pages but could not fetch PainMap machine artifacts or source datasets; no values invented
IND,IN,India,Republic of India,country:IND,needs_mapping_to_current_place_registry,unknown_until_hidden_release_artifacts_fetchable,,all canonical country-profile source groups require source snapshots and QA in release compiler,not_promoted_yet__candidate_pending_source_snapshots_license_and_QA,browser could verify homepage/source pages but could not fetch PainMap machine artifacts or source datasets; no values invented
IOT,IO,British Indian Ocean Territory,,country:IOT,needs_mapping_to_current_place_registry,unknown_until_hidden_release_artifacts_fetchable,,all canonical country-profile source groups require source snapshots and QA in release compiler,not_promoted_yet__candidate_pending_source_snapshots_license_and_QA,browser could verify homepage/source pages but could not fetch PainMap machine artifacts or source datasets; no values invented
IRL,IE,Ireland,,country:IRL,needs_mapping_to_current_place_registry,unknown_until_hidden_release_artifacts_fetchable,,all canonical country-profile source groups require source snapshots and QA in release compiler,not_promoted_yet__candidate_pending_source_snapshots_license_and_QA,browser could verify homepage/source pages but could not fetch PainMap machine artifacts or source datasets; no values invented
IRN,IR,Iran,Islamic Republic of Iran,country:IRN,needs_mapping_to_current_place_registry,unknown_until_hidden_release_artifacts_fetchable,,all canonical country-profile source groups require source snapshots and QA in release compiler,not_promoted_yet__candidate_pending_source_snapshots_license_and_QA,browser could verify homepage/source pages but could not fetch PainMap machine artifacts or source datasets; no values invented
IRQ,IQ,Iraq,Republic of Iraq,country:IRQ,needs_mapping_to_current_place_registry,unknown_until_hidden_release_artifacts_fetchable,,all canonical country-profile source groups require source snapshots and QA in release compiler,not_promoted_yet__candidate_pending_source_snapshots_license_and_QA,browser could verify homepage/source pages but could not fetch PainMap machine artifacts or source datasets; no values invented
ISL,IS,Iceland,Republic of Iceland,country:ISL,needs_mapping_to_current_place_registry,unknown_until_hidden_release_artifacts_fetchable,,all canonical country-profile source groups require source snapshots and QA in release compiler,not_promoted_yet__candidate_pending_source_snapshots_license_and_QA,browser could verify homepage/source pages but could not fetch PainMap machine artifacts or source datasets; no values invented
ISR,IL,Israel,State of Israel,country:ISR,needs_mapping_to_current_place_registry,unknown_until_hidden_release_artifacts_fetchable,,all canonical country-profile source groups require source snapshots and QA in release compiler,not_promoted_yet__candidate_pending_source_snapshots_license_and_QA,browser could verify homepage/source pages but could not fetch PainMap machine artifacts or source datasets; no values invented
ITA,IT,Italy,Italian Republic,country:ITA,needs_mapping_to_current_place_registry,unknown_until_hidden_release_artifacts_fetchable,,all canonical country-profile source groups require source snapshots and QA in release compiler,not_promoted_yet__candidate_pending_source_snapshots_license_and_QA,browser could verify homepage/source pages but could not fetch PainMap machine artifacts or source datasets; no values invented
JAM,JM,Jamaica,,country:JAM,needs_mapping_to_current_place_registry,unknown_until_hidden_release_artifacts_fetchable,,all canonical country-profile source groups require source snapshots and QA in release compiler,not_promoted_yet__candidate_pending_source_snapshots_license_and_QA,browser could verify homepage/source pages but could not fetch PainMap machine artifacts or source datasets; no values invented
JEY,JE,Jersey,,country:JEY,needs_mapping_to_current_place_registry,unknown_until_hidden_release_artifacts_fetchable,,all canonical country-profile source groups require source snapshots and QA in release compiler,not_promoted_yet__candidate_pending_source_snapshots_license_and_QA,browser could verify homepage/source pages but could not fetch PainMap machine artifacts or source datasets; no values invented
JOR,JO,Jordan,Hashemite Kingdom of Jordan,country:JOR,needs_mapping_to_current_place_registry,unknown_until_hidden_release_artifacts_fetchable,,all canonical country-profile source groups require source snapshots and QA in release compiler,not_promoted_yet__candidate_pending_source_snapshots_license_and_QA,browser could verify homepage/source pages but could not fetch PainMap machine artifacts or source datasets; no values invented
JPN,JP,Japan,,country:JPN,mapped_to_current_place_registry,boundary_index_only,factory-farmed-animals; insects-insecticide-proxy; wild-animal-land-proxy-denominator (candidate only),remaining aquatic-animal sources; population/agricultural-land context; welfare-range source review; manual license/method/UX review,source_backed_partial_candidate__not_promoted,"Three source groups now have numeric rows and checksum receipts, but the canonical country-profile gate and manual release review are incomplete."
KAZ,KZ,Kazakhstan,Republic of Kazakhstan,country:KAZ,needs_mapping_to_current_place_registry,unknown_until_hidden_release_artifacts_fetchable,,all canonical country-profile source groups require source snapshots and QA in release compiler,not_promoted_yet__candidate_pending_source_snapshots_license_and_QA,browser could verify homepage/source pages but could not fetch PainMap machine artifacts or source datasets; no values invented
KEN,KE,Kenya,Republic of Kenya,country:KEN,needs_mapping_to_current_place_registry,unknown_until_hidden_release_artifacts_fetchable,,all canonical country-profile source groups require source snapshots and QA in release compiler,not_promoted_yet__candidate_pending_source_snapshots_license_and_QA,browser could verify homepage/source pages but could not fetch PainMap machine artifacts or source datasets; no values invented
KGZ,KG,Kyrgyzstan,Kyrgyz Republic,country:KGZ,needs_mapping_to_current_place_registry,unknown_until_hidden_release_artifacts_fetchable,,all canonical country-profile source groups require source snapshots and QA in release compiler,not_promoted_yet__candidate_pending_source_snapshots_license_and_QA,browser could verify homepage/source pages but could not fetch PainMap machine artifacts or source datasets; no values invented
KHM,KH,Cambodia,Kingdom of Cambodia,country:KHM,needs_mapping_to_current_place_registry,unknown_until_hidden_release_artifacts_fetchable,,all canonical country-profile source groups require source snapshots and QA in release compiler,not_promoted_yet__candidate_pending_source_snapshots_license_and_QA,browser could verify homepage/source pages but could not fetch PainMap machine artifacts or source datasets; no values invented
KIR,KI,Kiribati,Republic of Kiribati,country:KIR,needs_mapping_to_current_place_registry,unknown_until_hidden_release_artifacts_fetchable,,all canonical country-profile source groups require source snapshots and QA in release compiler,not_promoted_yet__candidate_pending_source_snapshots_license_and_QA,browser could verify homepage/source pages but could not fetch PainMap machine artifacts or source datasets; no values invented
KNA,KN,Saint Kitts and Nevis,,country:KNA,needs_mapping_to_current_place_registry,unknown_until_hidden_release_artifacts_fetchable,,all canonical country-profile source groups require source snapshots and QA in release compiler,not_promoted_yet__candidate_pending_source_snapshots_license_and_QA,browser could verify homepage/source pages but could not fetch PainMap machine artifacts or source datasets; no values invented
KOR,KR,South Korea,,country:KOR,needs_mapping_to_current_place_registry,unknown_until_hidden_release_artifacts_fetchable,,all canonical country-profile source groups require source snapshots and QA in release compiler,not_promoted_yet__candidate_pending_source_snapshots_license_and_QA,browser could verify homepage/source pages but could not fetch PainMap machine artifacts or source datasets; no values invented
KWT,KW,Kuwait,State of Kuwait,country:KWT,needs_mapping_to_current_place_registry,unknown_until_hidden_release_artifacts_fetchable,,all canonical country-profile source groups require source snapshots and QA in release compiler,not_promoted_yet__candidate_pending_source_snapshots_license_and_QA,browser could verify homepage/source pages but could not fetch PainMap machine artifacts or source datasets; no values invented
LAO,LA,Laos,,country:LAO,needs_mapping_to_current_place_registry,unknown_until_hidden_release_artifacts_fetchable,,all canonical country-profile source groups require source snapshots and QA in release compiler,not_promoted_yet__candidate_pending_source_snapshots_license_and_QA,browser could verify homepage/source pages but could not fetch PainMap machine artifacts or source datasets; no values invented
LBN,LB,Lebanon,Lebanese Republic,country:LBN,needs_mapping_to_current_place_registry,unknown_until_hidden_release_artifacts_fetchable,,all canonical country-profile source groups require source snapshots and QA in release compiler,not_promoted_yet__candidate_pending_source_snapshots_license_and_QA,browser could verify homepage/source pages but could not fetch PainMap machine artifacts or source datasets; no values invented
LBR,LR,Liberia,Republic of Liberia,country:LBR,needs_mapping_to_current_place_registry,unknown_until_hidden_release_artifacts_fetchable,,all canonical country-profile source groups require source snapshots and QA in release compiler,not_promoted_yet__candidate_pending_source_snapshots_license_and_QA,browser could verify homepage/source pages but could not fetch PainMap machine artifacts or source datasets; no values invented
LBY,LY,Libya,Libya,country:LBY,needs_mapping_to_current_place_registry,unknown_until_hidden_release_artifacts_fetchable,,all canonical country-profile source groups require source snapshots and QA in release compiler,not_promoted_yet__candidate_pending_source_snapshots_license_and_QA,browser could verify homepage/source pages but could not fetch PainMap machine artifacts or source datasets; no values invented
LCA,LC,Saint Lucia,,country:LCA,needs_mapping_to_current_place_registry,unknown_until_hidden_release_artifacts_fetchable,,all canonical country-profile source groups require source snapshots and QA in release compiler,not_promoted_yet__candidate_pending_source_snapshots_license_and_QA,browser could verify homepage/source pages but could not fetch PainMap machine artifacts or source datasets; no values invented
LIE,LI,Liechtenstein,Principality of Liechtenstein,country:LIE,needs_mapping_to_current_place_registry,unknown_until_hidden_release_artifacts_fetchable,,all canonical country-profile source groups require source snapshots and QA in release compiler,not_promoted_yet__candidate_pending_source_snapshots_license_and_QA,browser could verify homepage/source pages but could not fetch PainMap machine artifacts or source datasets; no values invented
LKA,LK,Sri Lanka,Democratic Socialist Republic of Sri Lanka,country:LKA,needs_mapping_to_current_place_registry,unknown_until_hidden_release_artifacts_fetchable,,all canonical country-profile source groups require source snapshots and QA in release compiler,not_promoted_yet__candidate_pending_source_snapshots_license_and_QA,browser could verify homepage/source pages but could not fetch PainMap machine artifacts or source datasets; no values invented
LSO,LS,Lesotho,Kingdom of Lesotho,country:LSO,needs_mapping_to_current_place_registry,unknown_until_hidden_release_artifacts_fetchable,,all canonical country-profile source groups require source snapshots and QA in release compiler,not_promoted_yet__candidate_pending_source_snapshots_license_and_QA,browser could verify homepage/source pages but could not fetch PainMap machine artifacts or source datasets; no values invented
LTU,LT,Lithuania,Republic of Lithuania,country:LTU,needs_mapping_to_current_place_registry,unknown_until_hidden_release_artifacts_fetchable,,all canonical country-profile source groups require source snapshots and QA in release compiler,not_promoted_yet__candidate_pending_source_snapshots_license_and_QA,browser could verify homepage/source pages but could not fetch PainMap machine artifacts or source datasets; no values invented
LUX,LU,Luxembourg,Grand Duchy of Luxembourg,country:LUX,needs_mapping_to_current_place_registry,unknown_until_hidden_release_artifacts_fetchable,,all canonical country-profile source groups require source snapshots and QA in release compiler,not_promoted_yet__candidate_pending_source_snapshots_license_and_QA,browser could verify homepage/source pages but could not fetch PainMap machine artifacts or source datasets; no values invented
LVA,LV,Latvia,Republic of Latvia,country:LVA,needs_mapping_to_current_place_registry,unknown_until_hidden_release_artifacts_fetchable,,all canonical country-profile source groups require source snapshots and QA in release compiler,not_promoted_yet__candidate_pending_source_snapshots_license_and_QA,browser could verify homepage/source pages but could not fetch PainMap machine artifacts or source datasets; no values invented
MAC,MO,Macao,Macao Special Administrative Region of China,country:MAC,needs_mapping_to_current_place_registry,unknown_until_hidden_release_artifacts_fetchable,,all canonical country-profile source groups require source snapshots and QA in release compiler,not_promoted_yet__candidate_pending_source_snapshots_license_and_QA,browser could verify homepage/source pages but could not fetch PainMap machine artifacts or source datasets; no values invented
MAF,MF,Saint Martin (French part),,country:MAF,needs_mapping_to_current_place_registry,unknown_until_hidden_release_artifacts_fetchable,,all canonical country-profile source groups require source snapshots and QA in release compiler,not_promoted_yet__candidate_pending_source_snapshots_license_and_QA,browser could verify homepage/source pages but could not fetch PainMap machine artifacts or source datasets; no values invented
MAR,MA,Morocco,Kingdom of Morocco,country:MAR,needs_mapping_to_current_place_registry,unknown_until_hidden_release_artifacts_fetchable,,all canonical country-profile source groups require source snapshots and QA in release compiler,not_promoted_yet__candidate_pending_source_snapshots_license_and_QA,browser could verify homepage/source pages but could not fetch PainMap machine artifacts or source datasets; no values invented
MCO,MC,Monaco,Principality of Monaco,country:MCO,needs_mapping_to_current_place_registry,unknown_until_hidden_release_artifacts_fetchable,,all canonical country-profile source groups require source snapshots and QA in release compiler,not_promoted_yet__candidate_pending_source_snapshots_license_and_QA,browser could verify homepage/source pages but could not fetch PainMap machine artifacts or source datasets; no values invented
MDA,MD,Moldova,Republic of Moldova,country:MDA,needs_mapping_to_current_place_registry,unknown_until_hidden_release_artifacts_fetchable,,all canonical country-profile source groups require source snapshots and QA in release compiler,not_promoted_yet__candidate_pending_source_snapshots_license_and_QA,browser could verify homepage/source pages but could not fetch PainMap machine artifacts or source datasets; no values invented
MDG,MG,Madagascar,Republic of Madagascar,country:MDG,needs_mapping_to_current_place_registry,unknown_until_hidden_release_artifacts_fetchable,,all canonical country-profile source groups require source snapshots and QA in release compiler,not_promoted_yet__candidate_pending_source_snapshots_license_and_QA,browser could verify homepage/source pages but could not fetch PainMap machine artifacts or source datasets; no values invented
MDV,MV,Maldives,Republic of Maldives,country:MDV,needs_mapping_to_current_place_registry,unknown_until_hidden_release_artifacts_fetchable,,all canonical country-profile source groups require source snapshots and QA in release compiler,not_promoted_yet__candidate_pending_source_snapshots_license_and_QA,browser could verify homepage/source pages but could not fetch PainMap machine artifacts or source datasets; no values invented
MEX,MX,Mexico,United Mexican States,country:MEX,mapped_to_current_place_registry,boundary_index_only,factory-farmed-animals; insects-insecticide-proxy; wild-animal-land-proxy-denominator (candidate only),remaining aquatic-animal sources; population/agricultural-land context; welfare-range source review; manual license/method/UX review,source_backed_partial_candidate__not_promoted,"Three source groups now have numeric rows and checksum receipts, but the canonical country-profile gate and manual release review are incomplete."
MHL,MH,Marshall Islands,Republic of the Marshall Islands,country:MHL,needs_mapping_to_current_place_registry,unknown_until_hidden_release_artifacts_fetchable,,all canonical country-profile source groups require source snapshots and QA in release compiler,not_promoted_yet__candidate_pending_source_snapshots_license_and_QA,browser could verify homepage/source pages but could not fetch PainMap machine artifacts or source datasets; no values invented
MKD,MK,North Macedonia,Republic of North Macedonia,country:MKD,needs_mapping_to_current_place_registry,unknown_until_hidden_release_artifacts_fetchable,,all canonical country-profile source groups require source snapshots and QA in release compiler,not_promoted_yet__candidate_pending_source_snapshots_license_and_QA,browser could verify homepage/source pages but could not fetch PainMap machine artifacts or source datasets; no values invented
MLI,ML,Mali,Republic of Mali,country:MLI,needs_mapping_to_current_place_registry,unknown_until_hidden_release_artifacts_fetchable,,all canonical country-profile source groups require source snapshots and QA in release compiler,not_promoted_yet__candidate_pending_source_snapshots_license_and_QA,browser could verify homepage/source pages but could not fetch PainMap machine artifacts or source datasets; no values invented
MLT,MT,Malta,Republic of Malta,country:MLT,needs_mapping_to_current_place_registry,unknown_until_hidden_release_artifacts_fetchable,,all canonical country-profile source groups require source snapshots and QA in release compiler,not_promoted_yet__candidate_pending_source_snapshots_license_and_QA,browser could verify homepage/source pages but could not fetch PainMap machine artifacts or source datasets; no values invented
MMR,MM,Myanmar,Republic of Myanmar,country:MMR,needs_mapping_to_current_place_registry,unknown_until_hidden_release_artifacts_fetchable,,all canonical country-profile source groups require source snapshots and QA in release compiler,not_promoted_yet__candidate_pending_source_snapshots_license_and_QA,browser could verify homepage/source pages but could not fetch PainMap machine artifacts or source datasets; no values invented
MNE,ME,Montenegro,Montenegro,country:MNE,needs_mapping_to_current_place_registry,unknown_until_hidden_release_artifacts_fetchable,,all canonical country-profile source groups require source snapshots and QA in release compiler,not_promoted_yet__candidate_pending_source_snapshots_license_and_QA,browser could verify homepage/source pages but could not fetch PainMap machine artifacts or source datasets; no values invented
MNG,MN,Mongolia,,country:MNG,needs_mapping_to_current_place_registry,unknown_until_hidden_release_artifacts_fetchable,,all canonical country-profile source groups require source snapshots and QA in release compiler,not_promoted_yet__candidate_pending_source_snapshots_license_and_QA,browser could verify homepage/source pages but could not fetch PainMap machine artifacts or source datasets; no values invented
MNP,MP,Northern Mariana Islands,Commonwealth of the Northern Mariana Islands,country:MNP,needs_mapping_to_current_place_registry,unknown_until_hidden_release_artifacts_fetchable,,all canonical country-profile source groups require source snapshots and QA in release compiler,not_promoted_yet__candidate_pending_source_snapshots_license_and_QA,browser could verify homepage/source pages but could not fetch PainMap machine artifacts or source datasets; no values invented
MOZ,MZ,Mozambique,Republic of Mozambique,country:MOZ,needs_mapping_to_current_place_registry,unknown_until_hidden_release_artifacts_fetchable,,all canonical country-profile source groups require source snapshots and QA in release compiler,not_promoted_yet__candidate_pending_source_snapshots_license_and_QA,browser could verify homepage/source pages but could not fetch PainMap machine artifacts or source datasets; no values invented
MRT,MR,Mauritania,Islamic Republic of Mauritania,country:MRT,needs_mapping_to_current_place_registry,unknown_until_hidden_release_artifacts_fetchable,,all canonical country-profile source groups require source snapshots and QA in release compiler,not_promoted_yet__candidate_pending_source_snapshots_license_and_QA,browser could verify homepage/source pages but could not fetch PainMap machine artifacts or source datasets; no values invented
MSR,MS,Montserrat,,country:MSR,needs_mapping_to_current_place_registry,unknown_until_hidden_release_artifacts_fetchable,,all canonical country-profile source groups require source snapshots and QA in release compiler,not_promoted_yet__candidate_pending_source_snapshots_license_and_QA,browser could verify homepage/source pages but could not fetch PainMap machine artifacts or source datasets; no values invented
MTQ,MQ,Martinique,,country:MTQ,needs_mapping_to_current_place_registry,unknown_until_hidden_release_artifacts_fetchable,,all canonical country-profile source groups require source snapshots and QA in release compiler,not_promoted_yet__candidate_pending_source_snapshots_license_and_QA,browser could verify homepage/source pages but could not fetch PainMap machine artifacts or source datasets; no values invented
MUS,MU,Mauritius,Republic of Mauritius,country:MUS,needs_mapping_to_current_place_registry,unknown_until_hidden_release_artifacts_fetchable,,all canonical country-profile source groups require source snapshots and QA in release compiler,not_promoted_yet__candidate_pending_source_snapshots_license_and_QA,browser could verify homepage/source pages but could not fetch PainMap machine artifacts or source datasets; no values invented
MWI,MW,Malawi,Republic of Malawi,country:MWI,needs_mapping_to_current_place_registry,unknown_until_hidden_release_artifacts_fetchable,,all canonical country-profile source groups require source snapshots and QA in release compiler,not_promoted_yet__candidate_pending_source_snapshots_license_and_QA,browser could verify homepage/source pages but could not fetch PainMap machine artifacts or source datasets; no values invented
MYS,MY,Malaysia,,country:MYS,needs_mapping_to_current_place_registry,unknown_until_hidden_release_artifacts_fetchable,,all canonical country-profile source groups require source snapshots and QA in release compiler,not_promoted_yet__candidate_pending_source_snapshots_license_and_QA,browser could verify homepage/source pages but could not fetch PainMap machine artifacts or source datasets; no values invented
MYT,YT,Mayotte,,country:MYT,needs_mapping_to_current_place_registry,unknown_until_hidden_release_artifacts_fetchable,,all canonical country-profile source groups require source snapshots and QA in release compiler,not_promoted_yet__candidate_pending_source_snapshots_license_and_QA,browser could verify homepage/source pages but could not fetch PainMap machine artifacts or source datasets; no values invented
NAM,NA,Namibia,Republic of Namibia,country:NAM,needs_mapping_to_current_place_registry,unknown_until_hidden_release_artifacts_fetchable,,all canonical country-profile source groups require source snapshots and QA in release compiler,not_promoted_yet__candidate_pending_source_snapshots_license_and_QA,browser could verify homepage/source pages but could not fetch PainMap machine artifacts or source datasets; no values invented
NCL,NC,New Caledonia,,country:NCL,needs_mapping_to_current_place_registry,unknown_until_hidden_release_artifacts_fetchable,,all canonical country-profile source groups require source snapshots and QA in release compiler,not_promoted_yet__candidate_pending_source_snapshots_license_and_QA,browser could verify homepage/source pages but could not fetch PainMap machine artifacts or source datasets; no values invented
NER,NE,Niger,Republic of the Niger,country:NER,needs_mapping_to_current_place_registry,unknown_until_hidden_release_artifacts_fetchable,,all canonical country-profile source groups require source snapshots and QA in release compiler,not_promoted_yet__candidate_pending_source_snapshots_license_and_QA,browser could verify homepage/source pages but could not fetch PainMap machine artifacts or source datasets; no values invented
NFK,NF,Norfolk Island,,country:NFK,needs_mapping_to_current_place_registry,unknown_until_hidden_release_artifacts_fetchable,,all canonical country-profile source groups require source snapshots and QA in release compiler,not_promoted_yet__candidate_pending_source_snapshots_license_and_QA,browser could verify homepage/source pages but could not fetch PainMap machine artifacts or source datasets; no values invented
NGA,NG,Nigeria,Federal Republic of Nigeria,country:NGA,needs_mapping_to_current_place_registry,unknown_until_hidden_release_artifacts_fetchable,,all canonical country-profile source groups require source snapshots and QA in release compiler,not_promoted_yet__candidate_pending_source_snapshots_license_and_QA,browser could verify homepage/source pages but could not fetch PainMap machine artifacts or source datasets; no values invented
NIC,NI,Nicaragua,Republic of Nicaragua,country:NIC,needs_mapping_to_current_place_registry,unknown_until_hidden_release_artifacts_fetchable,,all canonical country-profile source groups require source snapshots and QA in release compiler,not_promoted_yet__candidate_pending_source_snapshots_license_and_QA,browser could verify homepage/source pages but could not fetch PainMap machine artifacts or source datasets; no values invented
NIU,NU,Niue,Niue,country:NIU,needs_mapping_to_current_place_registry,unknown_until_hidden_release_artifacts_fetchable,,all canonical country-profile source groups require source snapshots and QA in release compiler,not_promoted_yet__candidate_pending_source_snapshots_license_and_QA,browser could verify homepage/source pages but could not fetch PainMap machine artifacts or source datasets; no values invented
NLD,NL,Netherlands,Kingdom of the Netherlands,country:NLD,needs_mapping_to_current_place_registry,unknown_until_hidden_release_artifacts_fetchable,,all canonical country-profile source groups require source snapshots and QA in release compiler,not_promoted_yet__candidate_pending_source_snapshots_license_and_QA,browser could verify homepage/source pages but could not fetch PainMap machine artifacts or source datasets; no values invented
NOR,NO,Norway,Kingdom of Norway,country:NOR,needs_mapping_to_current_place_registry,unknown_until_hidden_release_artifacts_fetchable,,all canonical country-profile source groups require source snapshots and QA in release compiler,not_promoted_yet__candidate_pending_source_snapshots_license_and_QA,browser could verify homepage/source pages but could not fetch PainMap machine artifacts or source datasets; no values invented
NPL,NP,Nepal,Federal Democratic Republic of Nepal,country:NPL,needs_mapping_to_current_place_registry,unknown_until_hidden_release_artifacts_fetchable,,all canonical country-profile source groups require source snapshots and QA in release compiler,not_promoted_yet__candidate_pending_source_snapshots_license_and_QA,browser could verify homepage/source pages but could not fetch PainMap machine artifacts or source datasets; no values invented
NRU,NR,Nauru,Republic of Nauru,country:NRU,needs_mapping_to_current_place_registry,unknown_until_hidden_release_artifacts_fetchable,,all canonical country-profile source groups require source snapshots and QA in release compiler,not_promoted_yet__candidate_pending_source_snapshots_license_and_QA,browser could verify homepage/source pages but could not fetch PainMap machine artifacts or source datasets; no values invented
NZL,NZ,New Zealand,,country:NZL,needs_mapping_to_current_place_registry,unknown_until_hidden_release_artifacts_fetchable,,all canonical country-profile source groups require source snapshots and QA in release compiler,not_promoted_yet__candidate_pending_source_snapshots_license_and_QA,browser could verify homepage/source pages but could not fetch PainMap machine artifacts or source datasets; no values invented
OMN,OM,Oman,Sultanate of Oman,country:OMN,needs_mapping_to_current_place_registry,unknown_until_hidden_release_artifacts_fetchable,,all canonical country-profile source groups require source snapshots and QA in release compiler,not_promoted_yet__candidate_pending_source_snapshots_license_and_QA,browser could verify homepage/source pages but could not fetch PainMap machine artifacts or source datasets; no values invented
PAK,PK,Pakistan,Islamic Republic of Pakistan,country:PAK,needs_mapping_to_current_place_registry,unknown_until_hidden_release_artifacts_fetchable,,all canonical country-profile source groups require source snapshots and QA in release compiler,not_promoted_yet__candidate_pending_source_snapshots_license_and_QA,browser could verify homepage/source pages but could not fetch PainMap machine artifacts or source datasets; no values invented
PAN,PA,Panama,Republic of Panama,country:PAN,needs_mapping_to_current_place_registry,unknown_until_hidden_release_artifacts_fetchable,,all canonical country-profile source groups require source snapshots and QA in release compiler,not_promoted_yet__candidate_pending_source_snapshots_license_and_QA,browser could verify homepage/source pages but could not fetch PainMap machine artifacts or source datasets; no values invented
PCN,PN,Pitcairn,,country:PCN,needs_mapping_to_current_place_registry,unknown_until_hidden_release_artifacts_fetchable,,all canonical country-profile source groups require source snapshots and QA in release compiler,not_promoted_yet__candidate_pending_source_snapshots_license_and_QA,browser could verify homepage/source pages but could not fetch PainMap machine artifacts or source datasets; no values invented
PER,PE,Peru,Republic of Peru,country:PER,needs_mapping_to_current_place_registry,unknown_until_hidden_release_artifacts_fetchable,,all canonical country-profile source groups require source snapshots and QA in release compiler,not_promoted_yet__candidate_pending_source_snapshots_license_and_QA,browser could verify homepage/source pages but could not fetch PainMap machine artifacts or source datasets; no values invented
PHL,PH,Philippines,Republic of the Philippines,country:PHL,needs_mapping_to_current_place_registry,unknown_until_hidden_release_artifacts_fetchable,,all canonical country-profile source groups require source snapshots and QA in release compiler,not_promoted_yet__candidate_pending_source_snapshots_license_and_QA,browser could verify homepage/source pages but could not fetch PainMap machine artifacts or source datasets; no values invented
PLW,PW,Palau,Republic of Palau,country:PLW,needs_mapping_to_current_place_registry,unknown_until_hidden_release_artifacts_fetchable,,all canonical country-profile source groups require source snapshots and QA in release compiler,not_promoted_yet__candidate_pending_source_snapshots_license_and_QA,browser could verify homepage/source pages but could not fetch PainMap machine artifacts or source datasets; no values invented
PNG,PG,Papua New Guinea,Independent State of Papua New Guinea,country:PNG,needs_mapping_to_current_place_registry,unknown_until_hidden_release_artifacts_fetchable,,all canonical country-profile source groups require source snapshots and QA in release compiler,not_promoted_yet__candidate_pending_source_snapshots_license_and_QA,browser could verify homepage/source pages but could not fetch PainMap machine artifacts or source datasets; no values invented
POL,PL,Poland,Republic of Poland,country:POL,needs_mapping_to_current_place_registry,unknown_until_hidden_release_artifacts_fetchable,,all canonical country-profile source groups require source snapshots and QA in release compiler,not_promoted_yet__candidate_pending_source_snapshots_license_and_QA,browser could verify homepage/source pages but could not fetch PainMap machine artifacts or source datasets; no values invented
PRI,PR,Puerto Rico,,country:PRI,needs_mapping_to_current_place_registry,unknown_until_hidden_release_artifacts_fetchable,,all canonical country-profile source groups require source snapshots and QA in release compiler,not_promoted_yet__candidate_pending_source_snapshots_license_and_QA,browser could verify homepage/source pages but could not fetch PainMap machine artifacts or source datasets; no values invented
PRK,KP,North Korea,Democratic People's Republic of Korea,country:PRK,needs_mapping_to_current_place_registry,unknown_until_hidden_release_artifacts_fetchable,,all canonical country-profile source groups require source snapshots and QA in release compiler,not_promoted_yet__candidate_pending_source_snapshots_license_and_QA,browser could verify homepage/source pages but could not fetch PainMap machine artifacts or source datasets; no values invented
PRT,PT,Portugal,Portuguese Republic,country:PRT,needs_mapping_to_current_place_registry,unknown_until_hidden_release_artifacts_fetchable,,all canonical country-profile source groups require source snapshots and QA in release compiler,not_promoted_yet__candidate_pending_source_snapshots_license_and_QA,browser could verify homepage/source pages but could not fetch PainMap machine artifacts or source datasets; no values invented
PRY,PY,Paraguay,Republic of Paraguay,country:PRY,needs_mapping_to_current_place_registry,unknown_until_hidden_release_artifacts_fetchable,,all canonical country-profile source groups require source snapshots and QA in release compiler,not_promoted_yet__candidate_pending_source_snapshots_license_and_QA,browser could verify homepage/source pages but could not fetch PainMap machine artifacts or source datasets; no values invented
PSE,PS,"Palestine, State of",the State of Palestine,country:PSE,needs_mapping_to_current_place_registry,unknown_until_hidden_release_artifacts_fetchable,,all canonical country-profile source groups require source snapshots and QA in release compiler,not_promoted_yet__candidate_pending_source_snapshots_license_and_QA,browser could verify homepage/source pages but could not fetch PainMap machine artifacts or source datasets; no values invented
PYF,PF,French Polynesia,,country:PYF,needs_mapping_to_current_place_registry,unknown_until_hidden_release_artifacts_fetchable,,all canonical country-profile source groups require source snapshots and QA in release compiler,not_promoted_yet__candidate_pending_source_snapshots_license_and_QA,browser could verify homepage/source pages but could not fetch PainMap machine artifacts or source datasets; no values invented
QAT,QA,Qatar,State of Qatar,country:QAT,needs_mapping_to_current_place_registry,unknown_until_hidden_release_artifacts_fetchable,,all canonical country-profile source groups require source snapshots and QA in release compiler,not_promoted_yet__candidate_pending_source_snapshots_license_and_QA,browser could verify homepage/source pages but could not fetch PainMap machine artifacts or source datasets; no values invented
REU,RE,Réunion,,country:REU,needs_mapping_to_current_place_registry,unknown_until_hidden_release_artifacts_fetchable,,all canonical country-profile source groups require source snapshots and QA in release compiler,not_promoted_yet__candidate_pending_source_snapshots_license_and_QA,browser could verify homepage/source pages but could not fetch PainMap machine artifacts or source datasets; no values invented
ROU,RO,Romania,,country:ROU,needs_mapping_to_current_place_registry,unknown_until_hidden_release_artifacts_fetchable,,all canonical country-profile source groups require source snapshots and QA in release compiler,not_promoted_yet__candidate_pending_source_snapshots_license_and_QA,browser could verify homepage/source pages but could not fetch PainMap machine artifacts or source datasets; no values invented
RUS,RU,Russian Federation,,country:RUS,mapped_to_current_place_registry,boundary_index_only,factory-farmed-animals; insects-insecticide-proxy; wild-animal-land-proxy-denominator (candidate only),remaining aquatic-animal sources; population/agricultural-land context; welfare-range source review; manual license/method/UX review,source_backed_partial_candidate__not_promoted,"Three source groups now have numeric rows and checksum receipts, but the canonical country-profile gate and manual release review are incomplete."
RWA,RW,Rwanda,Rwandese Republic,country:RWA,needs_mapping_to_current_place_registry,unknown_until_hidden_release_artifacts_fetchable,,all canonical country-profile source groups require source snapshots and QA in release compiler,not_promoted_yet__candidate_pending_source_snapshots_license_and_QA,browser could verify homepage/source pages but could not fetch PainMap machine artifacts or source datasets; no values invented
SAU,SA,Saudi Arabia,Kingdom of Saudi Arabia,country:SAU,needs_mapping_to_current_place_registry,unknown_until_hidden_release_artifacts_fetchable,,all canonical country-profile source groups require source snapshots and QA in release compiler,not_promoted_yet__candidate_pending_source_snapshots_license_and_QA,browser could verify homepage/source pages but could not fetch PainMap machine artifacts or source datasets; no values invented
SDN,SD,Sudan,Republic of the Sudan,country:SDN,needs_mapping_to_current_place_registry,unknown_until_hidden_release_artifacts_fetchable,,all canonical country-profile source groups require source snapshots and QA in release compiler,not_promoted_yet__candidate_pending_source_snapshots_license_and_QA,browser could verify homepage/source pages but could not fetch PainMap machine artifacts or source datasets; no values invented
SEN,SN,Senegal,Republic of Senegal,country:SEN,needs_mapping_to_current_place_registry,unknown_until_hidden_release_artifacts_fetchable,,all canonical country-profile source groups require source snapshots and QA in release compiler,not_promoted_yet__candidate_pending_source_snapshots_license_and_QA,browser could verify homepage/source pages but could not fetch PainMap machine artifacts or source datasets; no values invented
SGP,SG,Singapore,Republic of Singapore,country:SGP,needs_mapping_to_current_place_registry,unknown_until_hidden_release_artifacts_fetchable,,all canonical country-profile source groups require source snapshots and QA in release compiler,not_promoted_yet__candidate_pending_source_snapshots_license_and_QA,browser could verify homepage/source pages but could not fetch PainMap machine artifacts or source datasets; no values invented
SGS,GS,South Georgia and the South Sandwich Islands,,country:SGS,needs_mapping_to_current_place_registry,unknown_until_hidden_release_artifacts_fetchable,,all canonical country-profile source groups require source snapshots and QA in release compiler,not_promoted_yet__candidate_pending_source_snapshots_license_and_QA,browser could verify homepage/source pages but could not fetch PainMap machine artifacts or source datasets; no values invented
SHN,SH,"Saint Helena, Ascension and Tristan da Cunha",,country:SHN,needs_mapping_to_current_place_registry,unknown_until_hidden_release_artifacts_fetchable,,all canonical country-profile source groups require source snapshots and QA in release compiler,not_promoted_yet__candidate_pending_source_snapshots_license_and_QA,browser could verify homepage/source pages but could not fetch PainMap machine artifacts or source datasets; no values invented
SJM,SJ,Svalbard and Jan Mayen,,country:SJM,needs_mapping_to_current_place_registry,unknown_until_hidden_release_artifacts_fetchable,,all canonical country-profile source groups require source snapshots and QA in release compiler,not_promoted_yet__candidate_pending_source_snapshots_license_and_QA,browser could verify homepage/source pages but could not fetch PainMap machine artifacts or source datasets; no values invented
SLB,SB,Solomon Islands,,country:SLB,needs_mapping_to_current_place_registry,unknown_until_hidden_release_artifacts_fetchable,,all canonical country-profile source groups require source snapshots and QA in release compiler,not_promoted_yet__candidate_pending_source_snapshots_license_and_QA,browser could verify homepage/source pages but could not fetch PainMap machine artifacts or source datasets; no values invented
SLE,SL,Sierra Leone,Republic of Sierra Leone,country:SLE,needs_mapping_to_current_place_registry,unknown_until_hidden_release_artifacts_fetchable,,all canonical country-profile source groups require source snapshots and QA in release compiler,not_promoted_yet__candidate_pending_source_snapshots_license_and_QA,browser could verify homepage/source pages but could not fetch PainMap machine artifacts or source datasets; no values invented
SLV,SV,El Salvador,Republic of El Salvador,country:SLV,needs_mapping_to_current_place_registry,unknown_until_hidden_release_artifacts_fetchable,,all canonical country-profile source groups require source snapshots and QA in release compiler,not_promoted_yet__candidate_pending_source_snapshots_license_and_QA,browser could verify homepage/source pages but could not fetch PainMap machine artifacts or source datasets; no values invented
SMR,SM,San Marino,Republic of San Marino,country:SMR,needs_mapping_to_current_place_registry,unknown_until_hidden_release_artifacts_fetchable,,all canonical country-profile source groups require source snapshots and QA in release compiler,not_promoted_yet__candidate_pending_source_snapshots_license_and_QA,browser could verify homepage/source pages but could not fetch PainMap machine artifacts or source datasets; no values invented
SOM,SO,Somalia,Federal Republic of Somalia,country:SOM,needs_mapping_to_current_place_registry,unknown_until_hidden_release_artifacts_fetchable,,all canonical country-profile source groups require source snapshots and QA in release compiler,not_promoted_yet__candidate_pending_source_snapshots_license_and_QA,browser could verify homepage/source pages but could not fetch PainMap machine artifacts or source datasets; no values invented
SPM,PM,Saint Pierre and Miquelon,,country:SPM,needs_mapping_to_current_place_registry,unknown_until_hidden_release_artifacts_fetchable,,all canonical country-profile source groups require source snapshots and QA in release compiler,not_promoted_yet__candidate_pending_source_snapshots_license_and_QA,browser could verify homepage/source pages but could not fetch PainMap machine artifacts or source datasets; no values invented
SRB,RS,Serbia,Republic of Serbia,country:SRB,needs_mapping_to_current_place_registry,unknown_until_hidden_release_artifacts_fetchable,,all canonical country-profile source groups require source snapshots and QA in release compiler,not_promoted_yet__candidate_pending_source_snapshots_license_and_QA,browser could verify homepage/source pages but could not fetch PainMap machine artifacts or source datasets; no values invented
SSD,SS,South Sudan,Republic of South Sudan,country:SSD,needs_mapping_to_current_place_registry,unknown_until_hidden_release_artifacts_fetchable,,all canonical country-profile source groups require source snapshots and QA in release compiler,not_promoted_yet__candidate_pending_source_snapshots_license_and_QA,browser could verify homepage/source pages but could not fetch PainMap machine artifacts or source datasets; no values invented
STP,ST,Sao Tome and Principe,Democratic Republic of Sao Tome and Principe,country:STP,needs_mapping_to_current_place_registry,unknown_until_hidden_release_artifacts_fetchable,,all canonical country-profile source groups require source snapshots and QA in release compiler,not_promoted_yet__candidate_pending_source_snapshots_license_and_QA,browser could verify homepage/source pages but could not fetch PainMap machine artifacts or source datasets; no values invented
SUR,SR,Suriname,Republic of Suriname,country:SUR,needs_mapping_to_current_place_registry,unknown_until_hidden_release_artifacts_fetchable,,all canonical country-profile source groups require source snapshots and QA in release compiler,not_promoted_yet__candidate_pending_source_snapshots_license_and_QA,browser could verify homepage/source pages but could not fetch PainMap machine artifacts or source datasets; no values invented
SVK,SK,Slovakia,Slovak Republic,country:SVK,needs_mapping_to_current_place_registry,unknown_until_hidden_release_artifacts_fetchable,,all canonical country-profile source groups require source snapshots and QA in release compiler,not_promoted_yet__candidate_pending_source_snapshots_license_and_QA,browser could verify homepage/source pages but could not fetch PainMap machine artifacts or source datasets; no values invented
SVN,SI,Slovenia,Republic of Slovenia,country:SVN,needs_mapping_to_current_place_registry,unknown_until_hidden_release_artifacts_fetchable,,all canonical country-profile source groups require source snapshots and QA in release compiler,not_promoted_yet__candidate_pending_source_snapshots_license_and_QA,browser could verify homepage/source pages but could not fetch PainMap machine artifacts or source datasets; no values invented
SWE,SE,Sweden,Kingdom of Sweden,country:SWE,needs_mapping_to_current_place_registry,unknown_until_hidden_release_artifacts_fetchable,,all canonical country-profile source groups require source snapshots and QA in release compiler,not_promoted_yet__candidate_pending_source_snapshots_license_and_QA,browser could verify homepage/source pages but could not fetch PainMap machine artifacts or source datasets; no values invented
SWZ,SZ,Eswatini,Kingdom of Eswatini,country:SWZ,needs_mapping_to_current_place_registry,unknown_until_hidden_release_artifacts_fetchable,,all canonical country-profile source groups require source snapshots and QA in release compiler,not_promoted_yet__candidate_pending_source_snapshots_license_and_QA,browser could verify homepage/source pages but could not fetch PainMap machine artifacts or source datasets; no values invented
SXM,SX,Sint Maarten (Dutch part),Sint Maarten (Dutch part),country:SXM,needs_mapping_to_current_place_registry,unknown_until_hidden_release_artifacts_fetchable,,all canonical country-profile source groups require source snapshots and QA in release compiler,not_promoted_yet__candidate_pending_source_snapshots_license_and_QA,browser could verify homepage/source pages but could not fetch PainMap machine artifacts or source datasets; no values invented
SYC,SC,Seychelles,Republic of Seychelles,country:SYC,needs_mapping_to_current_place_registry,unknown_until_hidden_release_artifacts_fetchable,,all canonical country-profile source groups require source snapshots and QA in release compiler,not_promoted_yet__candidate_pending_source_snapshots_license_and_QA,browser could verify homepage/source pages but could not fetch PainMap machine artifacts or source datasets; no values invented
SYR,SY,Syria,,country:SYR,needs_mapping_to_current_place_registry,unknown_until_hidden_release_artifacts_fetchable,,all canonical country-profile source groups require source snapshots and QA in release compiler,not_promoted_yet__candidate_pending_source_snapshots_license_and_QA,browser could verify homepage/source pages but could not fetch PainMap machine artifacts or source datasets; no values invented
TCA,TC,Turks and Caicos Islands,,country:TCA,needs_mapping_to_current_place_registry,unknown_until_hidden_release_artifacts_fetchable,,all canonical country-profile source groups require source snapshots and QA in release compiler,not_promoted_yet__candidate_pending_source_snapshots_license_and_QA,browser could verify homepage/source pages but could not fetch PainMap machine artifacts or source datasets; no values invented
TCD,TD,Chad,Republic of Chad,country:TCD,needs_mapping_to_current_place_registry,unknown_until_hidden_release_artifacts_fetchable,,all canonical country-profile source groups require source snapshots and QA in release compiler,not_promoted_yet__candidate_pending_source_snapshots_license_and_QA,browser could verify homepage/source pages but could not fetch PainMap machine artifacts or source datasets; no values invented
TGO,TG,Togo,Togolese Republic,country:TGO,needs_mapping_to_current_place_registry,unknown_until_hidden_release_artifacts_fetchable,,all canonical country-profile source groups require source snapshots and QA in release compiler,not_promoted_yet__candidate_pending_source_snapshots_license_and_QA,browser could verify homepage/source pages but could not fetch PainMap machine artifacts or source datasets; no values invented
THA,TH,Thailand,Kingdom of Thailand,country:THA,needs_mapping_to_current_place_registry,unknown_until_hidden_release_artifacts_fetchable,,all canonical country-profile source groups require source snapshots and QA in release compiler,not_promoted_yet__candidate_pending_source_snapshots_license_and_QA,browser could verify homepage/source pages but could not fetch PainMap machine artifacts or source datasets; no values invented
TJK,TJ,Tajikistan,Republic of Tajikistan,country:TJK,needs_mapping_to_current_place_registry,unknown_until_hidden_release_artifacts_fetchable,,all canonical country-profile source groups require source snapshots and QA in release compiler,not_promoted_yet__candidate_pending_source_snapshots_license_and_QA,browser could verify homepage/source pages but could not fetch PainMap machine artifacts or source datasets; no values invented
TKL,TK,Tokelau,,country:TKL,needs_mapping_to_current_place_registry,unknown_until_hidden_release_artifacts_fetchable,,all canonical country-profile source groups require source snapshots and QA in release compiler,not_promoted_yet__candidate_pending_source_snapshots_license_and_QA,browser could verify homepage/source pages but could not fetch PainMap machine artifacts or source datasets; no values invented
TKM,TM,Turkmenistan,,country:TKM,needs_mapping_to_current_place_registry,unknown_until_hidden_release_artifacts_fetchable,,all canonical country-profile source groups require source snapshots and QA in release compiler,not_promoted_yet__candidate_pending_source_snapshots_license_and_QA,browser could verify homepage/source pages but could not fetch PainMap machine artifacts or source datasets; no values invented
TLS,TL,Timor-Leste,Democratic Republic of Timor-Leste,country:TLS,needs_mapping_to_current_place_registry,unknown_until_hidden_release_artifacts_fetchable,,all canonical country-profile source groups require source snapshots and QA in release compiler,not_promoted_yet__candidate_pending_source_snapshots_license_and_QA,browser could verify homepage/source pages but could not fetch PainMap machine artifacts or source datasets; no values invented
TON,TO,Tonga,Kingdom of Tonga,country:TON,needs_mapping_to_current_place_registry,unknown_until_hidden_release_artifacts_fetchable,,all canonical country-profile source groups require source snapshots and QA in release compiler,not_promoted_yet__candidate_pending_source_snapshots_license_and_QA,browser could verify homepage/source pages but could not fetch PainMap machine artifacts or source datasets; no values invented
TTO,TT,Trinidad and Tobago,Republic of Trinidad and Tobago,country:TTO,needs_mapping_to_current_place_registry,unknown_until_hidden_release_artifacts_fetchable,,all canonical country-profile source groups require source snapshots and QA in release compiler,not_promoted_yet__candidate_pending_source_snapshots_license_and_QA,browser could verify homepage/source pages but could not fetch PainMap machine artifacts or source datasets; no values invented
TUN,TN,Tunisia,Republic of Tunisia,country:TUN,needs_mapping_to_current_place_registry,unknown_until_hidden_release_artifacts_fetchable,,all canonical country-profile source groups require source snapshots and QA in release compiler,not_promoted_yet__candidate_pending_source_snapshots_license_and_QA,browser could verify homepage/source pages but could not fetch PainMap machine artifacts or source datasets; no values invented
TUR,TR,Türkiye,Republic of Türkiye,country:TUR,needs_mapping_to_current_place_registry,unknown_until_hidden_release_artifacts_fetchable,,all canonical country-profile source groups require source snapshots and QA in release compiler,not_promoted_yet__candidate_pending_source_snapshots_license_and_QA,browser could verify homepage/source pages but could not fetch PainMap machine artifacts or source datasets; no values invented
TUV,TV,Tuvalu,,country:TUV,needs_mapping_to_current_place_registry,unknown_until_hidden_release_artifacts_fetchable,,all canonical country-profile source groups require source snapshots and QA in release compiler,not_promoted_yet__candidate_pending_source_snapshots_license_and_QA,browser could verify homepage/source pages but could not fetch PainMap machine artifacts or source datasets; no values invented
TWN,TW,Taiwan,"Taiwan, Province of China",country:TWN,needs_mapping_to_current_place_registry,unknown_until_hidden_release_artifacts_fetchable,,all canonical country-profile source groups require source snapshots and QA in release compiler,not_promoted_yet__candidate_pending_source_snapshots_license_and_QA,browser could verify homepage/source pages but could not fetch PainMap machine artifacts or source datasets; no values invented
TZA,TZ,Tanzania,United Republic of Tanzania,country:TZA,needs_mapping_to_current_place_registry,unknown_until_hidden_release_artifacts_fetchable,,all canonical country-profile source groups require source snapshots and QA in release compiler,not_promoted_yet__candidate_pending_source_snapshots_license_and_QA,browser could verify homepage/source pages but could not fetch PainMap machine artifacts or source datasets; no values invented
UGA,UG,Uganda,Republic of Uganda,country:UGA,needs_mapping_to_current_place_registry,unknown_until_hidden_release_artifacts_fetchable,,all canonical country-profile source groups require source snapshots and QA in release compiler,not_promoted_yet__candidate_pending_source_snapshots_license_and_QA,browser could verify homepage/source pages but could not fetch PainMap machine artifacts or source datasets; no values invented
UKR,UA,Ukraine,,country:UKR,needs_mapping_to_current_place_registry,unknown_until_hidden_release_artifacts_fetchable,,all canonical country-profile source groups require source snapshots and QA in release compiler,not_promoted_yet__candidate_pending_source_snapshots_license_and_QA,browser could verify homepage/source pages but could not fetch PainMap machine artifacts or source datasets; no values invented
UMI,UM,United States Minor Outlying Islands,,country:UMI,needs_mapping_to_current_place_registry,unknown_until_hidden_release_artifacts_fetchable,,all canonical country-profile source groups require source snapshots and QA in release compiler,not_promoted_yet__candidate_pending_source_snapshots_license_and_QA,browser could verify homepage/source pages but could not fetch PainMap machine artifacts or source datasets; no values invented
URY,UY,Uruguay,Eastern Republic of Uruguay,country:URY,needs_mapping_to_current_place_registry,unknown_until_hidden_release_artifacts_fetchable,,all canonical country-profile source groups require source snapshots and QA in release compiler,not_promoted_yet__candidate_pending_source_snapshots_license_and_QA,browser could verify homepage/source pages but could not fetch PainMap machine artifacts or source datasets; no values invented
USA,US,United States,United States of America,country:USA,mapped_to_current_place_registry,boundary_index_only,factory-farmed-animals; insects-insecticide-proxy; wild-animal-land-proxy-denominator (candidate only),remaining aquatic-animal sources; population/agricultural-land context; welfare-range source review; manual license/method/UX review,source_backed_partial_candidate__not_promoted,"Three source groups now have numeric rows and checksum receipts, but the canonical country-profile gate and manual release review are incomplete."
UZB,UZ,Uzbekistan,Republic of Uzbekistan,country:UZB,needs_mapping_to_current_place_registry,unknown_until_hidden_release_artifacts_fetchable,,all canonical country-profile source groups require source snapshots and QA in release compiler,not_promoted_yet__candidate_pending_source_snapshots_license_and_QA,browser could verify homepage/source pages but could not fetch PainMap machine artifacts or source datasets; no values invented
VAT,VA,Holy See (Vatican City State),,country:VAT,needs_mapping_to_current_place_registry,unknown_until_hidden_release_artifacts_fetchable,,all canonical country-profile source groups require source snapshots and QA in release compiler,not_promoted_yet__candidate_pending_source_snapshots_license_and_QA,browser could verify homepage/source pages but could not fetch PainMap machine artifacts or source datasets; no values invented
VCT,VC,Saint Vincent and the Grenadines,,country:VCT,needs_mapping_to_current_place_registry,unknown_until_hidden_release_artifacts_fetchable,,all canonical country-profile source groups require source snapshots and QA in release compiler,not_promoted_yet__candidate_pending_source_snapshots_license_and_QA,browser could verify homepage/source pages but could not fetch PainMap machine artifacts or source datasets; no values invented
VEN,VE,Venezuela,Bolivarian Republic of Venezuela,country:VEN,needs_mapping_to_current_place_registry,unknown_until_hidden_release_artifacts_fetchable,,all canonical country-profile source groups require source snapshots and QA in release compiler,not_promoted_yet__candidate_pending_source_snapshots_license_and_QA,browser could verify homepage/source pages but could not fetch PainMap machine artifacts or source datasets; no values invented
VGB,VG,"Virgin Islands, British",British Virgin Islands,country:VGB,needs_mapping_to_current_place_registry,unknown_until_hidden_release_artifacts_fetchable,,all canonical country-profile source groups require source snapshots and QA in release compiler,not_promoted_yet__candidate_pending_source_snapshots_license_and_QA,browser could verify homepage/source pages but could not fetch PainMap machine artifacts or source datasets; no values invented
VIR,VI,"Virgin Islands, U.S.",Virgin Islands of the United States,country:VIR,needs_mapping_to_current_place_registry,unknown_until_hidden_release_artifacts_fetchable,,all canonical country-profile source groups require source snapshots and QA in release compiler,not_promoted_yet__candidate_pending_source_snapshots_license_and_QA,browser could verify homepage/source pages but could not fetch PainMap machine artifacts or source datasets; no values invented
VNM,VN,Vietnam,Socialist Republic of Viet Nam,country:VNM,needs_mapping_to_current_place_registry,unknown_until_hidden_release_artifacts_fetchable,,all canonical country-profile source groups require source snapshots and QA in release compiler,not_promoted_yet__candidate_pending_source_snapshots_license_and_QA,browser could verify homepage/source pages but could not fetch PainMap machine artifacts or source datasets; no values invented
VUT,VU,Vanuatu,Republic of Vanuatu,country:VUT,needs_mapping_to_current_place_registry,unknown_until_hidden_release_artifacts_fetchable,,all canonical country-profile source groups require source snapshots and QA in release compiler,not_promoted_yet__candidate_pending_source_snapshots_license_and_QA,browser could verify homepage/source pages but could not fetch PainMap machine artifacts or source datasets; no values invented
WLF,WF,Wallis and Futuna,,country:WLF,needs_mapping_to_current_place_registry,unknown_until_hidden_release_artifacts_fetchable,,all canonical country-profile source groups require source snapshots and QA in release compiler,not_promoted_yet__candidate_pending_source_snapshots_license_and_QA,browser could verify homepage/source pages but could not fetch PainMap machine artifacts or source datasets; no values invented
WSM,WS,Samoa,Independent State of Samoa,country:WSM,needs_mapping_to_current_place_registry,unknown_until_hidden_release_artifacts_fetchable,,all canonical country-profile source groups require source snapshots and QA in release compiler,not_promoted_yet__candidate_pending_source_snapshots_license_and_QA,browser could verify homepage/source pages but could not fetch PainMap machine artifacts or source datasets; no values invented
YEM,YE,Yemen,Republic of Yemen,country:YEM,needs_mapping_to_current_place_registry,unknown_until_hidden_release_artifacts_fetchable,,all canonical country-profile source groups require source snapshots and QA in release compiler,not_promoted_yet__candidate_pending_source_snapshots_license_and_QA,browser could verify homepage/source pages but could not fetch PainMap machine artifacts or source datasets; no values invented
ZAF,ZA,South Africa,Republic of South Africa,country:ZAF,needs_mapping_to_current_place_registry,unknown_until_hidden_release_artifacts_fetchable,,all canonical country-profile source groups require source snapshots and QA in release compiler,not_promoted_yet__candidate_pending_source_snapshots_license_and_QA,browser could verify homepage/source pages but could not fetch PainMap machine artifacts or source datasets; no values invented
ZMB,ZM,Zambia,Republic of Zambia,country:ZMB,needs_mapping_to_current_place_registry,unknown_until_hidden_release_artifacts_fetchable,,all canonical country-profile source groups require source snapshots and QA in release compiler,not_promoted_yet__candidate_pending_source_snapshots_license_and_QA,browser could verify homepage/source pages but could not fetch PainMap machine artifacts or source datasets; no values invented
ZWE,ZW,Zimbabwe,Republic of Zimbabwe,country:ZWE,needs_mapping_to_current_place_registry,unknown_until_hidden_release_artifacts_fetchable,,all canonical country-profile source groups require source snapshots and QA in release compiler,not_promoted_yet__candidate_pending_source_snapshots_license_and_QA,browser could verify homepage/source pages but could not fetch PainMap machine artifacts or source datasets; no values invented
