place_id,iso3,place_name,geometry_level,coverage_status,gap_status,eligible_for_promotion,coverage_reason,missing_inputs,candidate_status,candidate_promote_to_canonical,candidate_blocking_reasons,candidate_next_action,last_seen_in_release
AFG,AFG,Afghanistan,country,boundary_index_only,boundary_only,false,"Boundary is indexed but minimum canonical profile input gate has not been satisfied. Candidate expansion remains blocked because source snapshots not captured; licenses not fully verified; numeric values not fetched or QAed.","identity|geometry|population_denominator|land_area_context|core_socioeconomic_proxy|candidate_source_snapshot|candidate_license_review|candidate_numeric_value_QA",not_promoted,false,"PainMap hidden coverage artifacts not fetched|source snapshots not captured|licenses not fully verified|numeric values not fetched/QAed","Run Codex release compiler task to fetch source snapshots, fill values, validate licenses, and update coverage summary.",2026-05-31
ALA,ALA,Åland,country,boundary_index_only,boundary_only,false,"Boundary is indexed but minimum canonical profile input gate has not been satisfied. Candidate expansion remains blocked because source snapshots not captured; licenses not fully verified; numeric values not fetched or QAed.","identity|geometry|population_denominator|land_area_context|core_socioeconomic_proxy|candidate_source_snapshot|candidate_license_review|candidate_numeric_value_QA",not_promoted,false,"PainMap hidden coverage artifacts not fetched|source snapshots not captured|licenses not fully verified|numeric values not fetched/QAed","Run Codex release compiler task to fetch source snapshots, fill values, validate licenses, and update coverage summary.",2026-05-31
ALB,ALB,Albania,country,boundary_index_only,boundary_only,false,"Boundary is indexed but minimum canonical profile input gate has not been satisfied. Candidate expansion remains blocked because source snapshots not captured; licenses not fully verified; numeric values not fetched or QAed.","identity|geometry|population_denominator|land_area_context|core_socioeconomic_proxy|candidate_source_snapshot|candidate_license_review|candidate_numeric_value_QA",not_promoted,false,"PainMap hidden coverage artifacts not fetched|source snapshots not captured|licenses not fully verified|numeric values not fetched/QAed","Run Codex release compiler task to fetch source snapshots, fill values, validate licenses, and update coverage summary.",2026-05-31
DZA,DZA,Algeria,country,boundary_index_only,boundary_only,false,"Boundary is indexed but minimum canonical profile input gate has not been satisfied. Candidate expansion remains blocked because source snapshots not captured; licenses not fully verified; numeric values not fetched or QAed.","identity|geometry|population_denominator|land_area_context|core_socioeconomic_proxy|candidate_source_snapshot|candidate_license_review|candidate_numeric_value_QA",not_promoted,false,"PainMap hidden coverage artifacts not fetched|source snapshots not captured|licenses not fully verified|numeric values not fetched/QAed","Run Codex release compiler task to fetch source snapshots, fill values, validate licenses, and update coverage summary.",2026-05-31
ASM,ASM,American Samoa,country,boundary_index_only,boundary_only,false,"Boundary is indexed but minimum canonical profile input gate has not been satisfied. Candidate expansion remains blocked because source snapshots not captured; licenses not fully verified; numeric values not fetched or QAed.","identity|geometry|population_denominator|land_area_context|core_socioeconomic_proxy|candidate_source_snapshot|candidate_license_review|candidate_numeric_value_QA",not_promoted,false,"PainMap hidden coverage artifacts not fetched|source snapshots not captured|licenses not fully verified|numeric values not fetched/QAed","Run Codex release compiler task to fetch source snapshots, fill values, validate licenses, and update coverage summary.",2026-05-31
AND,AND,Andorra,country,boundary_index_only,boundary_only,false,"Boundary is indexed but minimum canonical profile input gate has not been satisfied. Candidate expansion remains blocked because source snapshots not captured; licenses not fully verified; numeric values not fetched or QAed.","identity|geometry|population_denominator|land_area_context|core_socioeconomic_proxy|candidate_source_snapshot|candidate_license_review|candidate_numeric_value_QA",not_promoted,false,"PainMap hidden coverage artifacts not fetched|source snapshots not captured|licenses not fully verified|numeric values not fetched/QAed","Run Codex release compiler task to fetch source snapshots, fill values, validate licenses, and update coverage summary.",2026-05-31
AGO,AGO,Angola,country,boundary_index_only,boundary_only,false,"Boundary is indexed but minimum canonical profile input gate has not been satisfied. Candidate expansion remains blocked because source snapshots not captured; licenses not fully verified; numeric values not fetched or QAed.","identity|geometry|population_denominator|land_area_context|core_socioeconomic_proxy|candidate_source_snapshot|candidate_license_review|candidate_numeric_value_QA",not_promoted,false,"PainMap hidden coverage artifacts not fetched|source snapshots not captured|licenses not fully verified|numeric values not fetched/QAed","Run Codex release compiler task to fetch source snapshots, fill values, validate licenses, and update coverage summary.",2026-05-31
AIA,AIA,Anguilla,country,boundary_index_only,boundary_only,false,"Boundary is indexed but minimum canonical profile input gate has not been satisfied. Candidate expansion remains blocked because source snapshots not captured; licenses not fully verified; numeric values not fetched or QAed.","identity|geometry|population_denominator|land_area_context|core_socioeconomic_proxy|candidate_source_snapshot|candidate_license_review|candidate_numeric_value_QA",not_promoted,false,"PainMap hidden coverage artifacts not fetched|source snapshots not captured|licenses not fully verified|numeric values not fetched/QAed","Run Codex release compiler task to fetch source snapshots, fill values, validate licenses, and update coverage summary.",2026-05-31
ATG,ATG,Antigua and Barbuda,country,boundary_index_only,boundary_only,false,"Boundary is indexed but minimum canonical profile input gate has not been satisfied. Candidate expansion remains blocked because source snapshots not captured; licenses not fully verified; numeric values not fetched or QAed.","identity|geometry|population_denominator|land_area_context|core_socioeconomic_proxy|candidate_source_snapshot|candidate_license_review|candidate_numeric_value_QA",not_promoted,false,"PainMap hidden coverage artifacts not fetched|source snapshots not captured|licenses not fully verified|numeric values not fetched/QAed","Run Codex release compiler task to fetch source snapshots, fill values, validate licenses, and update coverage summary.",2026-05-31
ARG,ARG,Argentina,country,boundary_index_only,boundary_only,false,"Boundary is indexed but minimum canonical profile input gate has not been satisfied. Candidate expansion remains blocked because source snapshots not captured; licenses not fully verified; numeric values not fetched or QAed.","identity|geometry|population_denominator|land_area_context|core_socioeconomic_proxy|candidate_source_snapshot|candidate_license_review|candidate_numeric_value_QA",not_promoted,false,"PainMap hidden coverage artifacts not fetched|source snapshots not captured|licenses not fully verified|numeric values not fetched/QAed","Run Codex release compiler task to fetch source snapshots, fill values, validate licenses, and update coverage summary.",2026-05-31
ARM,ARM,Armenia,country,boundary_index_only,boundary_only,false,"Boundary is indexed but minimum canonical profile input gate has not been satisfied. Candidate expansion remains blocked because source snapshots not captured; licenses not fully verified; numeric values not fetched or QAed.","identity|geometry|population_denominator|land_area_context|core_socioeconomic_proxy|candidate_source_snapshot|candidate_license_review|candidate_numeric_value_QA",not_promoted,false,"PainMap hidden coverage artifacts not fetched|source snapshots not captured|licenses not fully verified|numeric values not fetched/QAed","Run Codex release compiler task to fetch source snapshots, fill values, validate licenses, and update coverage summary.",2026-05-31
ABW,ABW,Aruba,country,boundary_index_only,boundary_only,false,"Boundary is indexed but minimum canonical profile input gate has not been satisfied. Candidate expansion remains blocked because source snapshots not captured; licenses not fully verified; numeric values not fetched or QAed.","identity|geometry|population_denominator|land_area_context|core_socioeconomic_proxy|candidate_source_snapshot|candidate_license_review|candidate_numeric_value_QA",not_promoted,false,"PainMap hidden coverage artifacts not fetched|source snapshots not captured|licenses not fully verified|numeric values not fetched/QAed","Run Codex release compiler task to fetch source snapshots, fill values, validate licenses, and update coverage summary.",2026-05-31
AUS,AUS,Australia,country,boundary_index_only,boundary_only,false,"Boundary is indexed but minimum canonical profile input gate has not been satisfied. Candidate expansion remains blocked because source snapshots not captured; licenses not fully verified; numeric values not fetched or QAed.","identity|geometry|population_denominator|land_area_context|core_socioeconomic_proxy|candidate_source_snapshot|candidate_license_review|candidate_numeric_value_QA",not_promoted,false,"PainMap hidden coverage artifacts not fetched|source snapshots not captured|licenses not fully verified|numeric values not fetched/QAed","Run Codex release compiler task to fetch source snapshots, fill values, validate licenses, and update coverage summary.",2026-05-31
AUT,AUT,Austria,country,boundary_index_only,boundary_only,false,"Boundary is indexed but minimum canonical profile input gate has not been satisfied. Candidate expansion remains blocked because source snapshots not captured; licenses not fully verified; numeric values not fetched or QAed.","identity|geometry|population_denominator|land_area_context|core_socioeconomic_proxy|candidate_source_snapshot|candidate_license_review|candidate_numeric_value_QA",not_promoted,false,"PainMap hidden coverage artifacts not fetched|source snapshots not captured|licenses not fully verified|numeric values not fetched/QAed","Run Codex release compiler task to fetch source snapshots, fill values, validate licenses, and update coverage summary.",2026-05-31
AZE,AZE,Azerbaijan,country,boundary_index_only,boundary_only,false,"Boundary is indexed but minimum canonical profile input gate has not been satisfied. Candidate expansion remains blocked because source snapshots not captured; licenses not fully verified; numeric values not fetched or QAed.","identity|geometry|population_denominator|land_area_context|core_socioeconomic_proxy|candidate_source_snapshot|candidate_license_review|candidate_numeric_value_QA",not_promoted,false,"PainMap hidden coverage artifacts not fetched|source snapshots not captured|licenses not fully verified|numeric values not fetched/QAed","Run Codex release compiler task to fetch source snapshots, fill values, validate licenses, and update coverage summary.",2026-05-31
BHR,BHR,Bahrain,country,boundary_index_only,boundary_only,false,"Boundary is indexed but minimum canonical profile input gate has not been satisfied. Candidate expansion remains blocked because source snapshots not captured; licenses not fully verified; numeric values not fetched or QAed.","identity|geometry|population_denominator|land_area_context|core_socioeconomic_proxy|candidate_source_snapshot|candidate_license_review|candidate_numeric_value_QA",not_promoted,false,"PainMap hidden coverage artifacts not fetched|source snapshots not captured|licenses not fully verified|numeric values not fetched/QAed","Run Codex release compiler task to fetch source snapshots, fill values, validate licenses, and update coverage summary.",2026-05-31
BGD,BGD,Bangladesh,country,boundary_index_only,boundary_only,false,"Boundary is indexed but minimum canonical profile input gate has not been satisfied. Candidate expansion remains blocked because source snapshots not captured; licenses not fully verified; numeric values not fetched or QAed.","identity|geometry|population_denominator|land_area_context|core_socioeconomic_proxy|candidate_source_snapshot|candidate_license_review|candidate_numeric_value_QA",not_promoted,false,"PainMap hidden coverage artifacts not fetched|source snapshots not captured|licenses not fully verified|numeric values not fetched/QAed","Run Codex release compiler task to fetch source snapshots, fill values, validate licenses, and update coverage summary.",2026-05-31
BRB,BRB,Barbados,country,boundary_index_only,boundary_only,false,"Boundary is indexed but minimum canonical profile input gate has not been satisfied. Candidate expansion remains blocked because source snapshots not captured; licenses not fully verified; numeric values not fetched or QAed.","identity|geometry|population_denominator|land_area_context|core_socioeconomic_proxy|candidate_source_snapshot|candidate_license_review|candidate_numeric_value_QA",not_promoted,false,"PainMap hidden coverage artifacts not fetched|source snapshots not captured|licenses not fully verified|numeric values not fetched/QAed","Run Codex release compiler task to fetch source snapshots, fill values, validate licenses, and update coverage summary.",2026-05-31
BLR,BLR,Belarus,country,boundary_index_only,boundary_only,false,"Boundary is indexed but minimum canonical profile input gate has not been satisfied. Candidate expansion remains blocked because source snapshots not captured; licenses not fully verified; numeric values not fetched or QAed.","identity|geometry|population_denominator|land_area_context|core_socioeconomic_proxy|candidate_source_snapshot|candidate_license_review|candidate_numeric_value_QA",not_promoted,false,"PainMap hidden coverage artifacts not fetched|source snapshots not captured|licenses not fully verified|numeric values not fetched/QAed","Run Codex release compiler task to fetch source snapshots, fill values, validate licenses, and update coverage summary.",2026-05-31
BEL,BEL,Belgium,country,boundary_index_only,boundary_only,false,"Boundary is indexed but minimum canonical profile input gate has not been satisfied. Candidate expansion remains blocked because source snapshots not captured; licenses not fully verified; numeric values not fetched or QAed.","identity|geometry|population_denominator|land_area_context|core_socioeconomic_proxy|candidate_source_snapshot|candidate_license_review|candidate_numeric_value_QA",not_promoted,false,"PainMap hidden coverage artifacts not fetched|source snapshots not captured|licenses not fully verified|numeric values not fetched/QAed","Run Codex release compiler task to fetch source snapshots, fill values, validate licenses, and update coverage summary.",2026-05-31
BLZ,BLZ,Belize,country,boundary_index_only,boundary_only,false,"Boundary is indexed but minimum canonical profile input gate has not been satisfied. Candidate expansion remains blocked because source snapshots not captured; licenses not fully verified; numeric values not fetched or QAed.","identity|geometry|population_denominator|land_area_context|core_socioeconomic_proxy|candidate_source_snapshot|candidate_license_review|candidate_numeric_value_QA",not_promoted,false,"PainMap hidden coverage artifacts not fetched|source snapshots not captured|licenses not fully verified|numeric values not fetched/QAed","Run Codex release compiler task to fetch source snapshots, fill values, validate licenses, and update coverage summary.",2026-05-31
BEN,BEN,Benin,country,boundary_index_only,boundary_only,false,"Boundary is indexed but minimum canonical profile input gate has not been satisfied. Candidate expansion remains blocked because source snapshots not captured; licenses not fully verified; numeric values not fetched or QAed.","identity|geometry|population_denominator|land_area_context|core_socioeconomic_proxy|candidate_source_snapshot|candidate_license_review|candidate_numeric_value_QA",not_promoted,false,"PainMap hidden coverage artifacts not fetched|source snapshots not captured|licenses not fully verified|numeric values not fetched/QAed","Run Codex release compiler task to fetch source snapshots, fill values, validate licenses, and update coverage summary.",2026-05-31
BMU,BMU,Bermuda,country,boundary_index_only,boundary_only,false,"Boundary is indexed but minimum canonical profile input gate has not been satisfied. Candidate expansion remains blocked because source snapshots not captured; licenses not fully verified; numeric values not fetched or QAed.","identity|geometry|population_denominator|land_area_context|core_socioeconomic_proxy|candidate_source_snapshot|candidate_license_review|candidate_numeric_value_QA",not_promoted,false,"PainMap hidden coverage artifacts not fetched|source snapshots not captured|licenses not fully verified|numeric values not fetched/QAed","Run Codex release compiler task to fetch source snapshots, fill values, validate licenses, and update coverage summary.",2026-05-31
BTN,BTN,Bhutan,country,boundary_index_only,boundary_only,false,"Boundary is indexed but minimum canonical profile input gate has not been satisfied. Candidate expansion remains blocked because source snapshots not captured; licenses not fully verified; numeric values not fetched or QAed.","identity|geometry|population_denominator|land_area_context|core_socioeconomic_proxy|candidate_source_snapshot|candidate_license_review|candidate_numeric_value_QA",not_promoted,false,"PainMap hidden coverage artifacts not fetched|source snapshots not captured|licenses not fully verified|numeric values not fetched/QAed","Run Codex release compiler task to fetch source snapshots, fill values, validate licenses, and update coverage summary.",2026-05-31
BOL,BOL,Bolivia,country,boundary_index_only,boundary_only,false,"Boundary is indexed but minimum canonical profile input gate has not been satisfied. Candidate expansion remains blocked because source snapshots not captured; licenses not fully verified; numeric values not fetched or QAed.","identity|geometry|population_denominator|land_area_context|core_socioeconomic_proxy|candidate_source_snapshot|candidate_license_review|candidate_numeric_value_QA",not_promoted,false,"PainMap hidden coverage artifacts not fetched|source snapshots not captured|licenses not fully verified|numeric values not fetched/QAed","Run Codex release compiler task to fetch source snapshots, fill values, validate licenses, and update coverage summary.",2026-05-31
BIH,BIH,Bosnia and Herzegovina,country,boundary_index_only,boundary_only,false,"Boundary is indexed but minimum canonical profile input gate has not been satisfied. Candidate expansion remains blocked because source snapshots not captured; licenses not fully verified; numeric values not fetched or QAed.","identity|geometry|population_denominator|land_area_context|core_socioeconomic_proxy|candidate_source_snapshot|candidate_license_review|candidate_numeric_value_QA",not_promoted,false,"PainMap hidden coverage artifacts not fetched|source snapshots not captured|licenses not fully verified|numeric values not fetched/QAed","Run Codex release compiler task to fetch source snapshots, fill values, validate licenses, and update coverage summary.",2026-05-31
BWA,BWA,Botswana,country,boundary_index_only,boundary_only,false,"Boundary is indexed but minimum canonical profile input gate has not been satisfied. Candidate expansion remains blocked because source snapshots not captured; licenses not fully verified; numeric values not fetched or QAed.","identity|geometry|population_denominator|land_area_context|core_socioeconomic_proxy|candidate_source_snapshot|candidate_license_review|candidate_numeric_value_QA",not_promoted,false,"PainMap hidden coverage artifacts not fetched|source snapshots not captured|licenses not fully verified|numeric values not fetched/QAed","Run Codex release compiler task to fetch source snapshots, fill values, validate licenses, and update coverage summary.",2026-05-31
BRA,BRA,Brazil,country,canonical_measurements,canonical,true,"Canonical country profile passed the input-gate and source-provenance checks.","",not_promoted,false,"PainMap hidden coverage artifacts not fetched|source snapshots not captured|licenses not fully verified|numeric values not fetched/QAed","Run Codex release compiler task to fetch source snapshots, fill values, validate licenses, and update coverage summary.",2026-05-31
IOT,IOT,British Indian Ocean Territory,country,boundary_index_only,boundary_only,false,"Boundary is indexed but minimum canonical profile input gate has not been satisfied. Candidate expansion remains blocked because source snapshots not captured; licenses not fully verified; numeric values not fetched or QAed.","identity|geometry|population_denominator|land_area_context|core_socioeconomic_proxy|candidate_source_snapshot|candidate_license_review|candidate_numeric_value_QA",not_promoted,false,"PainMap hidden coverage artifacts not fetched|source snapshots not captured|licenses not fully verified|numeric values not fetched/QAed","Run Codex release compiler task to fetch source snapshots, fill values, validate licenses, and update coverage summary.",2026-05-31
VGB,VGB,British Virgin Islands,country,boundary_index_only,boundary_only,false,"Boundary is indexed but minimum canonical profile input gate has not been satisfied. Candidate expansion remains blocked because source snapshots not captured; licenses not fully verified; numeric values not fetched or QAed.","identity|geometry|population_denominator|land_area_context|core_socioeconomic_proxy|candidate_source_snapshot|candidate_license_review|candidate_numeric_value_QA",not_promoted,false,"PainMap hidden coverage artifacts not fetched|source snapshots not captured|licenses not fully verified|numeric values not fetched/QAed","Run Codex release compiler task to fetch source snapshots, fill values, validate licenses, and update coverage summary.",2026-05-31
BRN,BRN,Brunei,country,boundary_index_only,boundary_only,false,"Boundary is indexed but minimum canonical profile input gate has not been satisfied. Candidate expansion remains blocked because source snapshots not captured; licenses not fully verified; numeric values not fetched or QAed.","identity|geometry|population_denominator|land_area_context|core_socioeconomic_proxy|candidate_source_snapshot|candidate_license_review|candidate_numeric_value_QA",not_promoted,false,"PainMap hidden coverage artifacts not fetched|source snapshots not captured|licenses not fully verified|numeric values not fetched/QAed","Run Codex release compiler task to fetch source snapshots, fill values, validate licenses, and update coverage summary.",2026-05-31
BGR,BGR,Bulgaria,country,boundary_index_only,boundary_only,false,"Boundary is indexed but minimum canonical profile input gate has not been satisfied. Candidate expansion remains blocked because source snapshots not captured; licenses not fully verified; numeric values not fetched or QAed.","identity|geometry|population_denominator|land_area_context|core_socioeconomic_proxy|candidate_source_snapshot|candidate_license_review|candidate_numeric_value_QA",not_promoted,false,"PainMap hidden coverage artifacts not fetched|source snapshots not captured|licenses not fully verified|numeric values not fetched/QAed","Run Codex release compiler task to fetch source snapshots, fill values, validate licenses, and update coverage summary.",2026-05-31
BFA,BFA,Burkina Faso,country,boundary_index_only,boundary_only,false,"Boundary is indexed but minimum canonical profile input gate has not been satisfied. Candidate expansion remains blocked because source snapshots not captured; licenses not fully verified; numeric values not fetched or QAed.","identity|geometry|population_denominator|land_area_context|core_socioeconomic_proxy|candidate_source_snapshot|candidate_license_review|candidate_numeric_value_QA",not_promoted,false,"PainMap hidden coverage artifacts not fetched|source snapshots not captured|licenses not fully verified|numeric values not fetched/QAed","Run Codex release compiler task to fetch source snapshots, fill values, validate licenses, and update coverage summary.",2026-05-31
BDI,BDI,Burundi,country,boundary_index_only,boundary_only,false,"Boundary is indexed but minimum canonical profile input gate has not been satisfied. Candidate expansion remains blocked because source snapshots not captured; licenses not fully verified; numeric values not fetched or QAed.","identity|geometry|population_denominator|land_area_context|core_socioeconomic_proxy|candidate_source_snapshot|candidate_license_review|candidate_numeric_value_QA",not_promoted,false,"PainMap hidden coverage artifacts not fetched|source snapshots not captured|licenses not fully verified|numeric values not fetched/QAed","Run Codex release compiler task to fetch source snapshots, fill values, validate licenses, and update coverage summary.",2026-05-31
KHM,KHM,Cambodia,country,boundary_index_only,boundary_only,false,"Boundary is indexed but minimum canonical profile input gate has not been satisfied. Candidate expansion remains blocked because source snapshots not captured; licenses not fully verified; numeric values not fetched or QAed.","identity|geometry|population_denominator|land_area_context|core_socioeconomic_proxy|candidate_source_snapshot|candidate_license_review|candidate_numeric_value_QA",not_promoted,false,"PainMap hidden coverage artifacts not fetched|source snapshots not captured|licenses not fully verified|numeric values not fetched/QAed","Run Codex release compiler task to fetch source snapshots, fill values, validate licenses, and update coverage summary.",2026-05-31
CMR,CMR,Cameroon,country,boundary_index_only,boundary_only,false,"Boundary is indexed but minimum canonical profile input gate has not been satisfied. Candidate expansion remains blocked because source snapshots not captured; licenses not fully verified; numeric values not fetched or QAed.","identity|geometry|population_denominator|land_area_context|core_socioeconomic_proxy|candidate_source_snapshot|candidate_license_review|candidate_numeric_value_QA",not_promoted,false,"PainMap hidden coverage artifacts not fetched|source snapshots not captured|licenses not fully verified|numeric values not fetched/QAed","Run Codex release compiler task to fetch source snapshots, fill values, validate licenses, and update coverage summary.",2026-05-31
CAN,CAN,Canada,country,boundary_index_only,boundary_only,false,"Boundary is indexed but minimum canonical profile input gate has not been satisfied. Candidate expansion remains blocked because source snapshots not captured; licenses not fully verified; numeric values not fetched or QAed.","identity|geometry|population_denominator|land_area_context|core_socioeconomic_proxy|candidate_source_snapshot|candidate_license_review|candidate_numeric_value_QA",not_promoted,false,"PainMap hidden coverage artifacts not fetched|source snapshots not captured|licenses not fully verified|numeric values not fetched/QAed","Run Codex release compiler task to fetch source snapshots, fill values, validate licenses, and update coverage summary.",2026-05-31
CPV,CPV,Cape Verde,country,boundary_index_only,boundary_only,false,"Boundary is indexed but minimum canonical profile input gate has not been satisfied. Candidate expansion remains blocked because source snapshots not captured; licenses not fully verified; numeric values not fetched or QAed.","identity|geometry|population_denominator|land_area_context|core_socioeconomic_proxy|candidate_source_snapshot|candidate_license_review|candidate_numeric_value_QA",not_promoted,false,"PainMap hidden coverage artifacts not fetched|source snapshots not captured|licenses not fully verified|numeric values not fetched/QAed","Run Codex release compiler task to fetch source snapshots, fill values, validate licenses, and update coverage summary.",2026-05-31
CYM,CYM,Cayman Islands,country,boundary_index_only,boundary_only,false,"Boundary is indexed but minimum canonical profile input gate has not been satisfied. Candidate expansion remains blocked because source snapshots not captured; licenses not fully verified; numeric values not fetched or QAed.","identity|geometry|population_denominator|land_area_context|core_socioeconomic_proxy|candidate_source_snapshot|candidate_license_review|candidate_numeric_value_QA",not_promoted,false,"PainMap hidden coverage artifacts not fetched|source snapshots not captured|licenses not fully verified|numeric values not fetched/QAed","Run Codex release compiler task to fetch source snapshots, fill values, validate licenses, and update coverage summary.",2026-05-31
CAF,CAF,Central African Republic,country,boundary_index_only,boundary_only,false,"Boundary is indexed but minimum canonical profile input gate has not been satisfied. Candidate expansion remains blocked because source snapshots not captured; licenses not fully verified; numeric values not fetched or QAed.","identity|geometry|population_denominator|land_area_context|core_socioeconomic_proxy|candidate_source_snapshot|candidate_license_review|candidate_numeric_value_QA",not_promoted,false,"PainMap hidden coverage artifacts not fetched|source snapshots not captured|licenses not fully verified|numeric values not fetched/QAed","Run Codex release compiler task to fetch source snapshots, fill values, validate licenses, and update coverage summary.",2026-05-31
TCD,TCD,Chad,country,boundary_index_only,boundary_only,false,"Boundary is indexed but minimum canonical profile input gate has not been satisfied. Candidate expansion remains blocked because source snapshots not captured; licenses not fully verified; numeric values not fetched or QAed.","identity|geometry|population_denominator|land_area_context|core_socioeconomic_proxy|candidate_source_snapshot|candidate_license_review|candidate_numeric_value_QA",not_promoted,false,"PainMap hidden coverage artifacts not fetched|source snapshots not captured|licenses not fully verified|numeric values not fetched/QAed","Run Codex release compiler task to fetch source snapshots, fill values, validate licenses, and update coverage summary.",2026-05-31
CHL,CHL,Chile,country,boundary_index_only,boundary_only,false,"Boundary is indexed but minimum canonical profile input gate has not been satisfied. Candidate expansion remains blocked because source snapshots not captured; licenses not fully verified; numeric values not fetched or QAed.","identity|geometry|population_denominator|land_area_context|core_socioeconomic_proxy|candidate_source_snapshot|candidate_license_review|candidate_numeric_value_QA",not_promoted,false,"PainMap hidden coverage artifacts not fetched|source snapshots not captured|licenses not fully verified|numeric values not fetched/QAed","Run Codex release compiler task to fetch source snapshots, fill values, validate licenses, and update coverage summary.",2026-05-31
COL,COL,Colombia,country,boundary_index_only,boundary_only,false,"Boundary is indexed but minimum canonical profile input gate has not been satisfied. Candidate expansion remains blocked because source snapshots not captured; licenses not fully verified; numeric values not fetched or QAed.","identity|geometry|population_denominator|land_area_context|core_socioeconomic_proxy|candidate_source_snapshot|candidate_license_review|candidate_numeric_value_QA",not_promoted,false,"PainMap hidden coverage artifacts not fetched|source snapshots not captured|licenses not fully verified|numeric values not fetched/QAed","Run Codex release compiler task to fetch source snapshots, fill values, validate licenses, and update coverage summary.",2026-05-31
COM,COM,Comoros,country,boundary_index_only,boundary_only,false,"Boundary is indexed but minimum canonical profile input gate has not been satisfied. Candidate expansion remains blocked because source snapshots not captured; licenses not fully verified; numeric values not fetched or QAed.","identity|geometry|population_denominator|land_area_context|core_socioeconomic_proxy|candidate_source_snapshot|candidate_license_review|candidate_numeric_value_QA",not_promoted,false,"PainMap hidden coverage artifacts not fetched|source snapshots not captured|licenses not fully verified|numeric values not fetched/QAed","Run Codex release compiler task to fetch source snapshots, fill values, validate licenses, and update coverage summary.",2026-05-31
COK,COK,Cook Islands,country,boundary_index_only,boundary_only,false,"Boundary is indexed but minimum canonical profile input gate has not been satisfied. Candidate expansion remains blocked because source snapshots not captured; licenses not fully verified; numeric values not fetched or QAed.","identity|geometry|population_denominator|land_area_context|core_socioeconomic_proxy|candidate_source_snapshot|candidate_license_review|candidate_numeric_value_QA",not_promoted,false,"PainMap hidden coverage artifacts not fetched|source snapshots not captured|licenses not fully verified|numeric values not fetched/QAed","Run Codex release compiler task to fetch source snapshots, fill values, validate licenses, and update coverage summary.",2026-05-31
CRI,CRI,Costa Rica,country,boundary_index_only,boundary_only,false,"Boundary is indexed but minimum canonical profile input gate has not been satisfied. Candidate expansion remains blocked because source snapshots not captured; licenses not fully verified; numeric values not fetched or QAed.","identity|geometry|population_denominator|land_area_context|core_socioeconomic_proxy|candidate_source_snapshot|candidate_license_review|candidate_numeric_value_QA",not_promoted,false,"PainMap hidden coverage artifacts not fetched|source snapshots not captured|licenses not fully verified|numeric values not fetched/QAed","Run Codex release compiler task to fetch source snapshots, fill values, validate licenses, and update coverage summary.",2026-05-31
HRV,HRV,Croatia,country,boundary_index_only,boundary_only,false,"Boundary is indexed but minimum canonical profile input gate has not been satisfied. Candidate expansion remains blocked because source snapshots not captured; licenses not fully verified; numeric values not fetched or QAed.","identity|geometry|population_denominator|land_area_context|core_socioeconomic_proxy|candidate_source_snapshot|candidate_license_review|candidate_numeric_value_QA",not_promoted,false,"PainMap hidden coverage artifacts not fetched|source snapshots not captured|licenses not fully verified|numeric values not fetched/QAed","Run Codex release compiler task to fetch source snapshots, fill values, validate licenses, and update coverage summary.",2026-05-31
CUB,CUB,Cuba,country,boundary_index_only,boundary_only,false,"Boundary is indexed but minimum canonical profile input gate has not been satisfied. Candidate expansion remains blocked because source snapshots not captured; licenses not fully verified; numeric values not fetched or QAed.","identity|geometry|population_denominator|land_area_context|core_socioeconomic_proxy|candidate_source_snapshot|candidate_license_review|candidate_numeric_value_QA",not_promoted,false,"PainMap hidden coverage artifacts not fetched|source snapshots not captured|licenses not fully verified|numeric values not fetched/QAed","Run Codex release compiler task to fetch source snapshots, fill values, validate licenses, and update coverage summary.",2026-05-31
CUW,CUW,Curaçao,country,boundary_index_only,boundary_only,false,"Boundary is indexed but minimum canonical profile input gate has not been satisfied. Candidate expansion remains blocked because source snapshots not captured; licenses not fully verified; numeric values not fetched or QAed.","identity|geometry|population_denominator|land_area_context|core_socioeconomic_proxy|candidate_source_snapshot|candidate_license_review|candidate_numeric_value_QA",not_promoted,false,"PainMap hidden coverage artifacts not fetched|source snapshots not captured|licenses not fully verified|numeric values not fetched/QAed","Run Codex release compiler task to fetch source snapshots, fill values, validate licenses, and update coverage summary.",2026-05-31
CYP,CYP,Cyprus,country,boundary_index_only,boundary_only,false,"Boundary is indexed but minimum canonical profile input gate has not been satisfied. Candidate expansion remains blocked because source snapshots not captured; licenses not fully verified; numeric values not fetched or QAed.","identity|geometry|population_denominator|land_area_context|core_socioeconomic_proxy|candidate_source_snapshot|candidate_license_review|candidate_numeric_value_QA",not_promoted,false,"PainMap hidden coverage artifacts not fetched|source snapshots not captured|licenses not fully verified|numeric values not fetched/QAed","Run Codex release compiler task to fetch source snapshots, fill values, validate licenses, and update coverage summary.",2026-05-31
CZE,CZE,Czech Republic,country,boundary_index_only,boundary_only,false,"Boundary is indexed but minimum canonical profile input gate has not been satisfied. Candidate expansion remains blocked because source snapshots not captured; licenses not fully verified; numeric values not fetched or QAed.","identity|geometry|population_denominator|land_area_context|core_socioeconomic_proxy|candidate_source_snapshot|candidate_license_review|candidate_numeric_value_QA",not_promoted,false,"PainMap hidden coverage artifacts not fetched|source snapshots not captured|licenses not fully verified|numeric values not fetched/QAed","Run Codex release compiler task to fetch source snapshots, fill values, validate licenses, and update coverage summary.",2026-05-31
COD,COD,Democratic Republic of the Congo,country,boundary_index_only,boundary_only,false,"Boundary is indexed but minimum canonical profile input gate has not been satisfied. Candidate expansion remains blocked because source snapshots not captured; licenses not fully verified; numeric values not fetched or QAed.","identity|geometry|population_denominator|land_area_context|core_socioeconomic_proxy|candidate_source_snapshot|candidate_license_review|candidate_numeric_value_QA",not_promoted,false,"PainMap hidden coverage artifacts not fetched|source snapshots not captured|licenses not fully verified|numeric values not fetched/QAed","Run Codex release compiler task to fetch source snapshots, fill values, validate licenses, and update coverage summary.",2026-05-31
DNK,DNK,Denmark,country,boundary_index_only,boundary_only,false,"Boundary is indexed but minimum canonical profile input gate has not been satisfied. Candidate expansion remains blocked because source snapshots not captured; licenses not fully verified; numeric values not fetched or QAed.","identity|geometry|population_denominator|land_area_context|core_socioeconomic_proxy|candidate_source_snapshot|candidate_license_review|candidate_numeric_value_QA",not_promoted,false,"PainMap hidden coverage artifacts not fetched|source snapshots not captured|licenses not fully verified|numeric values not fetched/QAed","Run Codex release compiler task to fetch source snapshots, fill values, validate licenses, and update coverage summary.",2026-05-31
DJI,DJI,Djibouti,country,boundary_index_only,boundary_only,false,"Boundary is indexed but minimum canonical profile input gate has not been satisfied. Candidate expansion remains blocked because source snapshots not captured; licenses not fully verified; numeric values not fetched or QAed.","identity|geometry|population_denominator|land_area_context|core_socioeconomic_proxy|candidate_source_snapshot|candidate_license_review|candidate_numeric_value_QA",not_promoted,false,"PainMap hidden coverage artifacts not fetched|source snapshots not captured|licenses not fully verified|numeric values not fetched/QAed","Run Codex release compiler task to fetch source snapshots, fill values, validate licenses, and update coverage summary.",2026-05-31
DMA,DMA,Dominica,country,boundary_index_only,boundary_only,false,"Boundary is indexed but minimum canonical profile input gate has not been satisfied. Candidate expansion remains blocked because source snapshots not captured; licenses not fully verified; numeric values not fetched or QAed.","identity|geometry|population_denominator|land_area_context|core_socioeconomic_proxy|candidate_source_snapshot|candidate_license_review|candidate_numeric_value_QA",not_promoted,false,"PainMap hidden coverage artifacts not fetched|source snapshots not captured|licenses not fully verified|numeric values not fetched/QAed","Run Codex release compiler task to fetch source snapshots, fill values, validate licenses, and update coverage summary.",2026-05-31
DOM,DOM,Dominican Republic,country,boundary_index_only,boundary_only,false,"Boundary is indexed but minimum canonical profile input gate has not been satisfied. Candidate expansion remains blocked because source snapshots not captured; licenses not fully verified; numeric values not fetched or QAed.","identity|geometry|population_denominator|land_area_context|core_socioeconomic_proxy|candidate_source_snapshot|candidate_license_review|candidate_numeric_value_QA",not_promoted,false,"PainMap hidden coverage artifacts not fetched|source snapshots not captured|licenses not fully verified|numeric values not fetched/QAed","Run Codex release compiler task to fetch source snapshots, fill values, validate licenses, and update coverage summary.",2026-05-31
TLS,TLS,East Timor,country,boundary_index_only,boundary_only,false,"Boundary is indexed but minimum canonical profile input gate has not been satisfied. Candidate expansion remains blocked because source snapshots not captured; licenses not fully verified; numeric values not fetched or QAed.","identity|geometry|population_denominator|land_area_context|core_socioeconomic_proxy|candidate_source_snapshot|candidate_license_review|candidate_numeric_value_QA",not_promoted,false,"PainMap hidden coverage artifacts not fetched|source snapshots not captured|licenses not fully verified|numeric values not fetched/QAed","Run Codex release compiler task to fetch source snapshots, fill values, validate licenses, and update coverage summary.",2026-05-31
ECU,ECU,Ecuador,country,boundary_index_only,boundary_only,false,"Boundary is indexed but minimum canonical profile input gate has not been satisfied. Candidate expansion remains blocked because source snapshots not captured; licenses not fully verified; numeric values not fetched or QAed.","identity|geometry|population_denominator|land_area_context|core_socioeconomic_proxy|candidate_source_snapshot|candidate_license_review|candidate_numeric_value_QA",not_promoted,false,"PainMap hidden coverage artifacts not fetched|source snapshots not captured|licenses not fully verified|numeric values not fetched/QAed","Run Codex release compiler task to fetch source snapshots, fill values, validate licenses, and update coverage summary.",2026-05-31
EGY,EGY,Egypt,country,boundary_index_only,boundary_only,false,"Boundary is indexed but minimum canonical profile input gate has not been satisfied. Candidate expansion remains blocked because source snapshots not captured; licenses not fully verified; numeric values not fetched or QAed.","identity|geometry|population_denominator|land_area_context|core_socioeconomic_proxy|candidate_source_snapshot|candidate_license_review|candidate_numeric_value_QA",not_promoted,false,"PainMap hidden coverage artifacts not fetched|source snapshots not captured|licenses not fully verified|numeric values not fetched/QAed","Run Codex release compiler task to fetch source snapshots, fill values, validate licenses, and update coverage summary.",2026-05-31
SLV,SLV,El Salvador,country,boundary_index_only,boundary_only,false,"Boundary is indexed but minimum canonical profile input gate has not been satisfied. Candidate expansion remains blocked because source snapshots not captured; licenses not fully verified; numeric values not fetched or QAed.","identity|geometry|population_denominator|land_area_context|core_socioeconomic_proxy|candidate_source_snapshot|candidate_license_review|candidate_numeric_value_QA",not_promoted,false,"PainMap hidden coverage artifacts not fetched|source snapshots not captured|licenses not fully verified|numeric values not fetched/QAed","Run Codex release compiler task to fetch source snapshots, fill values, validate licenses, and update coverage summary.",2026-05-31
GNQ,GNQ,Equatorial Guinea,country,boundary_index_only,boundary_only,false,"Boundary is indexed but minimum canonical profile input gate has not been satisfied. Candidate expansion remains blocked because source snapshots not captured; licenses not fully verified; numeric values not fetched or QAed.","identity|geometry|population_denominator|land_area_context|core_socioeconomic_proxy|candidate_source_snapshot|candidate_license_review|candidate_numeric_value_QA",not_promoted,false,"PainMap hidden coverage artifacts not fetched|source snapshots not captured|licenses not fully verified|numeric values not fetched/QAed","Run Codex release compiler task to fetch source snapshots, fill values, validate licenses, and update coverage summary.",2026-05-31
ERI,ERI,Eritrea,country,boundary_index_only,boundary_only,false,"Boundary is indexed but minimum canonical profile input gate has not been satisfied. Candidate expansion remains blocked because source snapshots not captured; licenses not fully verified; numeric values not fetched or QAed.","identity|geometry|population_denominator|land_area_context|core_socioeconomic_proxy|candidate_source_snapshot|candidate_license_review|candidate_numeric_value_QA",not_promoted,false,"PainMap hidden coverage artifacts not fetched|source snapshots not captured|licenses not fully verified|numeric values not fetched/QAed","Run Codex release compiler task to fetch source snapshots, fill values, validate licenses, and update coverage summary.",2026-05-31
EST,EST,Estonia,country,boundary_index_only,boundary_only,false,"Boundary is indexed but minimum canonical profile input gate has not been satisfied. Candidate expansion remains blocked because source snapshots not captured; licenses not fully verified; numeric values not fetched or QAed.","identity|geometry|population_denominator|land_area_context|core_socioeconomic_proxy|candidate_source_snapshot|candidate_license_review|candidate_numeric_value_QA",not_promoted,false,"PainMap hidden coverage artifacts not fetched|source snapshots not captured|licenses not fully verified|numeric values not fetched/QAed","Run Codex release compiler task to fetch source snapshots, fill values, validate licenses, and update coverage summary.",2026-05-31
SWZ,SWZ,Eswatini,country,boundary_index_only,boundary_only,false,"Boundary is indexed but minimum canonical profile input gate has not been satisfied. Candidate expansion remains blocked because source snapshots not captured; licenses not fully verified; numeric values not fetched or QAed.","identity|geometry|population_denominator|land_area_context|core_socioeconomic_proxy|candidate_source_snapshot|candidate_license_review|candidate_numeric_value_QA",not_promoted,false,"PainMap hidden coverage artifacts not fetched|source snapshots not captured|licenses not fully verified|numeric values not fetched/QAed","Run Codex release compiler task to fetch source snapshots, fill values, validate licenses, and update coverage summary.",2026-05-31
ETH,ETH,Ethiopia,country,boundary_index_only,boundary_only,false,"Boundary is indexed but minimum canonical profile input gate has not been satisfied. Candidate expansion remains blocked because source snapshots not captured; licenses not fully verified; numeric values not fetched or QAed.","identity|geometry|population_denominator|land_area_context|core_socioeconomic_proxy|candidate_source_snapshot|candidate_license_review|candidate_numeric_value_QA",not_promoted,false,"PainMap hidden coverage artifacts not fetched|source snapshots not captured|licenses not fully verified|numeric values not fetched/QAed","Run Codex release compiler task to fetch source snapshots, fill values, validate licenses, and update coverage summary.",2026-05-31
FLK,FLK,Falkland Islands,country,boundary_index_only,boundary_only,false,"Boundary is indexed but minimum canonical profile input gate has not been satisfied. Candidate expansion remains blocked because source snapshots not captured; licenses not fully verified; numeric values not fetched or QAed.","identity|geometry|population_denominator|land_area_context|core_socioeconomic_proxy|candidate_source_snapshot|candidate_license_review|candidate_numeric_value_QA",not_promoted,false,"PainMap hidden coverage artifacts not fetched|source snapshots not captured|licenses not fully verified|numeric values not fetched/QAed","Run Codex release compiler task to fetch source snapshots, fill values, validate licenses, and update coverage summary.",2026-05-31
FRO,FRO,Faroe Islands,country,boundary_index_only,boundary_only,false,"Boundary is indexed but minimum canonical profile input gate has not been satisfied. Candidate expansion remains blocked because source snapshots not captured; licenses not fully verified; numeric values not fetched or QAed.","identity|geometry|population_denominator|land_area_context|core_socioeconomic_proxy|candidate_source_snapshot|candidate_license_review|candidate_numeric_value_QA",not_promoted,false,"PainMap hidden coverage artifacts not fetched|source snapshots not captured|licenses not fully verified|numeric values not fetched/QAed","Run Codex release compiler task to fetch source snapshots, fill values, validate licenses, and update coverage summary.",2026-05-31
FSM,FSM,Federated States of Micronesia,country,boundary_index_only,boundary_only,false,"Boundary is indexed but minimum canonical profile input gate has not been satisfied. Candidate expansion remains blocked because source snapshots not captured; licenses not fully verified; numeric values not fetched or QAed.","identity|geometry|population_denominator|land_area_context|core_socioeconomic_proxy|candidate_source_snapshot|candidate_license_review|candidate_numeric_value_QA",not_promoted,false,"PainMap hidden coverage artifacts not fetched|source snapshots not captured|licenses not fully verified|numeric values not fetched/QAed","Run Codex release compiler task to fetch source snapshots, fill values, validate licenses, and update coverage summary.",2026-05-31
FJI,FJI,Fiji,country,boundary_index_only,boundary_only,false,"Boundary is indexed but minimum canonical profile input gate has not been satisfied. Candidate expansion remains blocked because source snapshots not captured; licenses not fully verified; numeric values not fetched or QAed.","identity|geometry|population_denominator|land_area_context|core_socioeconomic_proxy|candidate_source_snapshot|candidate_license_review|candidate_numeric_value_QA",not_promoted,false,"PainMap hidden coverage artifacts not fetched|source snapshots not captured|licenses not fully verified|numeric values not fetched/QAed","Run Codex release compiler task to fetch source snapshots, fill values, validate licenses, and update coverage summary.",2026-05-31
FIN,FIN,Finland,country,boundary_index_only,boundary_only,false,"Boundary is indexed but minimum canonical profile input gate has not been satisfied. Candidate expansion remains blocked because source snapshots not captured; licenses not fully verified; numeric values not fetched or QAed.","identity|geometry|population_denominator|land_area_context|core_socioeconomic_proxy|candidate_source_snapshot|candidate_license_review|candidate_numeric_value_QA",not_promoted,false,"PainMap hidden coverage artifacts not fetched|source snapshots not captured|licenses not fully verified|numeric values not fetched/QAed","Run Codex release compiler task to fetch source snapshots, fill values, validate licenses, and update coverage summary.",2026-05-31
FRA,FRA,France,country,boundary_index_only,boundary_only,false,"Boundary is indexed but minimum canonical profile input gate has not been satisfied. Candidate expansion remains blocked because source snapshots not captured; licenses not fully verified; numeric values not fetched or QAed.","identity|geometry|population_denominator|land_area_context|core_socioeconomic_proxy|candidate_source_snapshot|candidate_license_review|candidate_numeric_value_QA",not_promoted,false,"PainMap hidden coverage artifacts not fetched|source snapshots not captured|licenses not fully verified|numeric values not fetched/QAed","Run Codex release compiler task to fetch source snapshots, fill values, validate licenses, and update coverage summary.",2026-05-31
PYF,PYF,French Polynesia,country,boundary_index_only,boundary_only,false,"Boundary is indexed but minimum canonical profile input gate has not been satisfied. Candidate expansion remains blocked because source snapshots not captured; licenses not fully verified; numeric values not fetched or QAed.","identity|geometry|population_denominator|land_area_context|core_socioeconomic_proxy|candidate_source_snapshot|candidate_license_review|candidate_numeric_value_QA",not_promoted,false,"PainMap hidden coverage artifacts not fetched|source snapshots not captured|licenses not fully verified|numeric values not fetched/QAed","Run Codex release compiler task to fetch source snapshots, fill values, validate licenses, and update coverage summary.",2026-05-31
ATF,ATF,French Southern and Antarctic Lands,country,boundary_index_only,boundary_only,false,"Boundary is indexed but minimum canonical profile input gate has not been satisfied. Candidate expansion remains blocked because source snapshots not captured; licenses not fully verified; numeric values not fetched or QAed.","identity|geometry|population_denominator|land_area_context|core_socioeconomic_proxy|candidate_source_snapshot|candidate_license_review|candidate_numeric_value_QA",not_promoted,false,"PainMap hidden coverage artifacts not fetched|source snapshots not captured|licenses not fully verified|numeric values not fetched/QAed","Run Codex release compiler task to fetch source snapshots, fill values, validate licenses, and update coverage summary.",2026-05-31
GAB,GAB,Gabon,country,boundary_index_only,boundary_only,false,"Boundary is indexed but minimum canonical profile input gate has not been satisfied. Candidate expansion remains blocked because source snapshots not captured; licenses not fully verified; numeric values not fetched or QAed.","identity|geometry|population_denominator|land_area_context|core_socioeconomic_proxy|candidate_source_snapshot|candidate_license_review|candidate_numeric_value_QA",not_promoted,false,"PainMap hidden coverage artifacts not fetched|source snapshots not captured|licenses not fully verified|numeric values not fetched/QAed","Run Codex release compiler task to fetch source snapshots, fill values, validate licenses, and update coverage summary.",2026-05-31
GEO,GEO,Georgia,country,boundary_index_only,boundary_only,false,"Boundary is indexed but minimum canonical profile input gate has not been satisfied. Candidate expansion remains blocked because source snapshots not captured; licenses not fully verified; numeric values not fetched or QAed.","identity|geometry|population_denominator|land_area_context|core_socioeconomic_proxy|candidate_source_snapshot|candidate_license_review|candidate_numeric_value_QA",not_promoted,false,"PainMap hidden coverage artifacts not fetched|source snapshots not captured|licenses not fully verified|numeric values not fetched/QAed","Run Codex release compiler task to fetch source snapshots, fill values, validate licenses, and update coverage summary.",2026-05-31
DEU,DEU,Germany,country,boundary_index_only,boundary_only,false,"Boundary is indexed but minimum canonical profile input gate has not been satisfied. Candidate expansion remains blocked because source snapshots not captured; licenses not fully verified; numeric values not fetched or QAed.","identity|geometry|population_denominator|land_area_context|core_socioeconomic_proxy|candidate_source_snapshot|candidate_license_review|candidate_numeric_value_QA",not_promoted,false,"PainMap hidden coverage artifacts not fetched|source snapshots not captured|licenses not fully verified|numeric values not fetched/QAed","Run Codex release compiler task to fetch source snapshots, fill values, validate licenses, and update coverage summary.",2026-05-31
GHA,GHA,Ghana,country,boundary_index_only,boundary_only,false,"Boundary is indexed but minimum canonical profile input gate has not been satisfied. Candidate expansion remains blocked because source snapshots not captured; licenses not fully verified; numeric values not fetched or QAed.","identity|geometry|population_denominator|land_area_context|core_socioeconomic_proxy|candidate_source_snapshot|candidate_license_review|candidate_numeric_value_QA",not_promoted,false,"PainMap hidden coverage artifacts not fetched|source snapshots not captured|licenses not fully verified|numeric values not fetched/QAed","Run Codex release compiler task to fetch source snapshots, fill values, validate licenses, and update coverage summary.",2026-05-31
GRC,GRC,Greece,country,boundary_index_only,boundary_only,false,"Boundary is indexed but minimum canonical profile input gate has not been satisfied. Candidate expansion remains blocked because source snapshots not captured; licenses not fully verified; numeric values not fetched or QAed.","identity|geometry|population_denominator|land_area_context|core_socioeconomic_proxy|candidate_source_snapshot|candidate_license_review|candidate_numeric_value_QA",not_promoted,false,"PainMap hidden coverage artifacts not fetched|source snapshots not captured|licenses not fully verified|numeric values not fetched/QAed","Run Codex release compiler task to fetch source snapshots, fill values, validate licenses, and update coverage summary.",2026-05-31
GRL,GRL,Greenland,country,boundary_index_only,boundary_only,false,"Boundary is indexed but minimum canonical profile input gate has not been satisfied. Candidate expansion remains blocked because source snapshots not captured; licenses not fully verified; numeric values not fetched or QAed.","identity|geometry|population_denominator|land_area_context|core_socioeconomic_proxy|candidate_source_snapshot|candidate_license_review|candidate_numeric_value_QA",not_promoted,false,"PainMap hidden coverage artifacts not fetched|source snapshots not captured|licenses not fully verified|numeric values not fetched/QAed","Run Codex release compiler task to fetch source snapshots, fill values, validate licenses, and update coverage summary.",2026-05-31
GRD,GRD,Grenada,country,boundary_index_only,boundary_only,false,"Boundary is indexed but minimum canonical profile input gate has not been satisfied. Candidate expansion remains blocked because source snapshots not captured; licenses not fully verified; numeric values not fetched or QAed.","identity|geometry|population_denominator|land_area_context|core_socioeconomic_proxy|candidate_source_snapshot|candidate_license_review|candidate_numeric_value_QA",not_promoted,false,"PainMap hidden coverage artifacts not fetched|source snapshots not captured|licenses not fully verified|numeric values not fetched/QAed","Run Codex release compiler task to fetch source snapshots, fill values, validate licenses, and update coverage summary.",2026-05-31
GUM,GUM,Guam,country,boundary_index_only,boundary_only,false,"Boundary is indexed but minimum canonical profile input gate has not been satisfied. Candidate expansion remains blocked because source snapshots not captured; licenses not fully verified; numeric values not fetched or QAed.","identity|geometry|population_denominator|land_area_context|core_socioeconomic_proxy|candidate_source_snapshot|candidate_license_review|candidate_numeric_value_QA",not_promoted,false,"PainMap hidden coverage artifacts not fetched|source snapshots not captured|licenses not fully verified|numeric values not fetched/QAed","Run Codex release compiler task to fetch source snapshots, fill values, validate licenses, and update coverage summary.",2026-05-31
GTM,GTM,Guatemala,country,boundary_index_only,boundary_only,false,"Boundary is indexed but minimum canonical profile input gate has not been satisfied. Candidate expansion remains blocked because source snapshots not captured; licenses not fully verified; numeric values not fetched or QAed.","identity|geometry|population_denominator|land_area_context|core_socioeconomic_proxy|candidate_source_snapshot|candidate_license_review|candidate_numeric_value_QA",not_promoted,false,"PainMap hidden coverage artifacts not fetched|source snapshots not captured|licenses not fully verified|numeric values not fetched/QAed","Run Codex release compiler task to fetch source snapshots, fill values, validate licenses, and update coverage summary.",2026-05-31
GGY,GGY,Guernsey,country,boundary_index_only,boundary_only,false,"Boundary is indexed but minimum canonical profile input gate has not been satisfied. Candidate expansion remains blocked because source snapshots not captured; licenses not fully verified; numeric values not fetched or QAed.","identity|geometry|population_denominator|land_area_context|core_socioeconomic_proxy|candidate_source_snapshot|candidate_license_review|candidate_numeric_value_QA",not_promoted,false,"PainMap hidden coverage artifacts not fetched|source snapshots not captured|licenses not fully verified|numeric values not fetched/QAed","Run Codex release compiler task to fetch source snapshots, fill values, validate licenses, and update coverage summary.",2026-05-31
GIN,GIN,Guinea,country,boundary_index_only,boundary_only,false,"Boundary is indexed but minimum canonical profile input gate has not been satisfied. Candidate expansion remains blocked because source snapshots not captured; licenses not fully verified; numeric values not fetched or QAed.","identity|geometry|population_denominator|land_area_context|core_socioeconomic_proxy|candidate_source_snapshot|candidate_license_review|candidate_numeric_value_QA",not_promoted,false,"PainMap hidden coverage artifacts not fetched|source snapshots not captured|licenses not fully verified|numeric values not fetched/QAed","Run Codex release compiler task to fetch source snapshots, fill values, validate licenses, and update coverage summary.",2026-05-31
GNB,GNB,Guinea-Bissau,country,boundary_index_only,boundary_only,false,"Boundary is indexed but minimum canonical profile input gate has not been satisfied. Candidate expansion remains blocked because source snapshots not captured; licenses not fully verified; numeric values not fetched or QAed.","identity|geometry|population_denominator|land_area_context|core_socioeconomic_proxy|candidate_source_snapshot|candidate_license_review|candidate_numeric_value_QA",not_promoted,false,"PainMap hidden coverage artifacts not fetched|source snapshots not captured|licenses not fully verified|numeric values not fetched/QAed","Run Codex release compiler task to fetch source snapshots, fill values, validate licenses, and update coverage summary.",2026-05-31
GUY,GUY,Guyana,country,boundary_index_only,boundary_only,false,"Boundary is indexed but minimum canonical profile input gate has not been satisfied. Candidate expansion remains blocked because source snapshots not captured; licenses not fully verified; numeric values not fetched or QAed.","identity|geometry|population_denominator|land_area_context|core_socioeconomic_proxy|candidate_source_snapshot|candidate_license_review|candidate_numeric_value_QA",not_promoted,false,"PainMap hidden coverage artifacts not fetched|source snapshots not captured|licenses not fully verified|numeric values not fetched/QAed","Run Codex release compiler task to fetch source snapshots, fill values, validate licenses, and update coverage summary.",2026-05-31
HTI,HTI,Haiti,country,boundary_index_only,boundary_only,false,"Boundary is indexed but minimum canonical profile input gate has not been satisfied. Candidate expansion remains blocked because source snapshots not captured; licenses not fully verified; numeric values not fetched or QAed.","identity|geometry|population_denominator|land_area_context|core_socioeconomic_proxy|candidate_source_snapshot|candidate_license_review|candidate_numeric_value_QA",not_promoted,false,"PainMap hidden coverage artifacts not fetched|source snapshots not captured|licenses not fully verified|numeric values not fetched/QAed","Run Codex release compiler task to fetch source snapshots, fill values, validate licenses, and update coverage summary.",2026-05-31
HMD,HMD,Heard Island and McDonald Islands,country,boundary_index_only,boundary_only,false,"Boundary is indexed but minimum canonical profile input gate has not been satisfied. Candidate expansion remains blocked because source snapshots not captured; licenses not fully verified; numeric values not fetched or QAed.","identity|geometry|population_denominator|land_area_context|core_socioeconomic_proxy|candidate_source_snapshot|candidate_license_review|candidate_numeric_value_QA",not_promoted,false,"PainMap hidden coverage artifacts not fetched|source snapshots not captured|licenses not fully verified|numeric values not fetched/QAed","Run Codex release compiler task to fetch source snapshots, fill values, validate licenses, and update coverage summary.",2026-05-31
HND,HND,Honduras,country,boundary_index_only,boundary_only,false,"Boundary is indexed but minimum canonical profile input gate has not been satisfied. Candidate expansion remains blocked because source snapshots not captured; licenses not fully verified; numeric values not fetched or QAed.","identity|geometry|population_denominator|land_area_context|core_socioeconomic_proxy|candidate_source_snapshot|candidate_license_review|candidate_numeric_value_QA",not_promoted,false,"PainMap hidden coverage artifacts not fetched|source snapshots not captured|licenses not fully verified|numeric values not fetched/QAed","Run Codex release compiler task to fetch source snapshots, fill values, validate licenses, and update coverage summary.",2026-05-31
HKG,HKG,Hong Kong,country,boundary_index_only,boundary_only,false,"Boundary is indexed but minimum canonical profile input gate has not been satisfied. Candidate expansion remains blocked because source snapshots not captured; licenses not fully verified; numeric values not fetched or QAed.","identity|geometry|population_denominator|land_area_context|core_socioeconomic_proxy|candidate_source_snapshot|candidate_license_review|candidate_numeric_value_QA",not_promoted,false,"PainMap hidden coverage artifacts not fetched|source snapshots not captured|licenses not fully verified|numeric values not fetched/QAed","Run Codex release compiler task to fetch source snapshots, fill values, validate licenses, and update coverage summary.",2026-05-31
HUN,HUN,Hungary,country,boundary_index_only,boundary_only,false,"Boundary is indexed but minimum canonical profile input gate has not been satisfied. Candidate expansion remains blocked because source snapshots not captured; licenses not fully verified; numeric values not fetched or QAed.","identity|geometry|population_denominator|land_area_context|core_socioeconomic_proxy|candidate_source_snapshot|candidate_license_review|candidate_numeric_value_QA",not_promoted,false,"PainMap hidden coverage artifacts not fetched|source snapshots not captured|licenses not fully verified|numeric values not fetched/QAed","Run Codex release compiler task to fetch source snapshots, fill values, validate licenses, and update coverage summary.",2026-05-31
ISL,ISL,Iceland,country,boundary_index_only,boundary_only,false,"Boundary is indexed but minimum canonical profile input gate has not been satisfied. Candidate expansion remains blocked because source snapshots not captured; licenses not fully verified; numeric values not fetched or QAed.","identity|geometry|population_denominator|land_area_context|core_socioeconomic_proxy|candidate_source_snapshot|candidate_license_review|candidate_numeric_value_QA",not_promoted,false,"PainMap hidden coverage artifacts not fetched|source snapshots not captured|licenses not fully verified|numeric values not fetched/QAed","Run Codex release compiler task to fetch source snapshots, fill values, validate licenses, and update coverage summary.",2026-05-31
IND,IND,India,country,canonical_measurements,canonical,true,"Canonical country profile passed the input-gate and source-provenance checks.","",not_promoted,false,"PainMap hidden coverage artifacts not fetched|source snapshots not captured|licenses not fully verified|numeric values not fetched/QAed","Run Codex release compiler task to fetch source snapshots, fill values, validate licenses, and update coverage summary.",2026-05-31
IDN,IDN,Indonesia,country,boundary_index_only,boundary_only,false,"Boundary is indexed but minimum canonical profile input gate has not been satisfied. Candidate expansion remains blocked because source snapshots not captured; licenses not fully verified; numeric values not fetched or QAed.","identity|geometry|population_denominator|land_area_context|core_socioeconomic_proxy|candidate_source_snapshot|candidate_license_review|candidate_numeric_value_QA",not_promoted,false,"PainMap hidden coverage artifacts not fetched|source snapshots not captured|licenses not fully verified|numeric values not fetched/QAed","Run Codex release compiler task to fetch source snapshots, fill values, validate licenses, and update coverage summary.",2026-05-31
IRN,IRN,Iran,country,boundary_index_only,boundary_only,false,"Boundary is indexed but minimum canonical profile input gate has not been satisfied. Candidate expansion remains blocked because source snapshots not captured; licenses not fully verified; numeric values not fetched or QAed.","identity|geometry|population_denominator|land_area_context|core_socioeconomic_proxy|candidate_source_snapshot|candidate_license_review|candidate_numeric_value_QA",not_promoted,false,"PainMap hidden coverage artifacts not fetched|source snapshots not captured|licenses not fully verified|numeric values not fetched/QAed","Run Codex release compiler task to fetch source snapshots, fill values, validate licenses, and update coverage summary.",2026-05-31
IRQ,IRQ,Iraq,country,boundary_index_only,boundary_only,false,"Boundary is indexed but minimum canonical profile input gate has not been satisfied. Candidate expansion remains blocked because source snapshots not captured; licenses not fully verified; numeric values not fetched or QAed.","identity|geometry|population_denominator|land_area_context|core_socioeconomic_proxy|candidate_source_snapshot|candidate_license_review|candidate_numeric_value_QA",not_promoted,false,"PainMap hidden coverage artifacts not fetched|source snapshots not captured|licenses not fully verified|numeric values not fetched/QAed","Run Codex release compiler task to fetch source snapshots, fill values, validate licenses, and update coverage summary.",2026-05-31
IRL,IRL,Ireland,country,boundary_index_only,boundary_only,false,"Boundary is indexed but minimum canonical profile input gate has not been satisfied. Candidate expansion remains blocked because source snapshots not captured; licenses not fully verified; numeric values not fetched or QAed.","identity|geometry|population_denominator|land_area_context|core_socioeconomic_proxy|candidate_source_snapshot|candidate_license_review|candidate_numeric_value_QA",not_promoted,false,"PainMap hidden coverage artifacts not fetched|source snapshots not captured|licenses not fully verified|numeric values not fetched/QAed","Run Codex release compiler task to fetch source snapshots, fill values, validate licenses, and update coverage summary.",2026-05-31
IMN,IMN,Isle of Man,country,boundary_index_only,boundary_only,false,"Boundary is indexed but minimum canonical profile input gate has not been satisfied. Candidate expansion remains blocked because source snapshots not captured; licenses not fully verified; numeric values not fetched or QAed.","identity|geometry|population_denominator|land_area_context|core_socioeconomic_proxy|candidate_source_snapshot|candidate_license_review|candidate_numeric_value_QA",not_promoted,false,"PainMap hidden coverage artifacts not fetched|source snapshots not captured|licenses not fully verified|numeric values not fetched/QAed","Run Codex release compiler task to fetch source snapshots, fill values, validate licenses, and update coverage summary.",2026-05-31
ISR,ISR,Israel,country,boundary_index_only,boundary_only,false,"Boundary is indexed but minimum canonical profile input gate has not been satisfied. Candidate expansion remains blocked because source snapshots not captured; licenses not fully verified; numeric values not fetched or QAed.","identity|geometry|population_denominator|land_area_context|core_socioeconomic_proxy|candidate_source_snapshot|candidate_license_review|candidate_numeric_value_QA",not_promoted,false,"PainMap hidden coverage artifacts not fetched|source snapshots not captured|licenses not fully verified|numeric values not fetched/QAed","Run Codex release compiler task to fetch source snapshots, fill values, validate licenses, and update coverage summary.",2026-05-31
ITA,ITA,Italy,country,boundary_index_only,boundary_only,false,"Boundary is indexed but minimum canonical profile input gate has not been satisfied. Candidate expansion remains blocked because source snapshots not captured; licenses not fully verified; numeric values not fetched or QAed.","identity|geometry|population_denominator|land_area_context|core_socioeconomic_proxy|candidate_source_snapshot|candidate_license_review|candidate_numeric_value_QA",not_promoted,false,"PainMap hidden coverage artifacts not fetched|source snapshots not captured|licenses not fully verified|numeric values not fetched/QAed","Run Codex release compiler task to fetch source snapshots, fill values, validate licenses, and update coverage summary.",2026-05-31
CIV,CIV,Ivory Coast,country,boundary_index_only,boundary_only,false,"Boundary is indexed but minimum canonical profile input gate has not been satisfied. Candidate expansion remains blocked because source snapshots not captured; licenses not fully verified; numeric values not fetched or QAed.","identity|geometry|population_denominator|land_area_context|core_socioeconomic_proxy|candidate_source_snapshot|candidate_license_review|candidate_numeric_value_QA",not_promoted,false,"PainMap hidden coverage artifacts not fetched|source snapshots not captured|licenses not fully verified|numeric values not fetched/QAed","Run Codex release compiler task to fetch source snapshots, fill values, validate licenses, and update coverage summary.",2026-05-31
JAM,JAM,Jamaica,country,boundary_index_only,boundary_only,false,"Boundary is indexed but minimum canonical profile input gate has not been satisfied. Candidate expansion remains blocked because source snapshots not captured; licenses not fully verified; numeric values not fetched or QAed.","identity|geometry|population_denominator|land_area_context|core_socioeconomic_proxy|candidate_source_snapshot|candidate_license_review|candidate_numeric_value_QA",not_promoted,false,"PainMap hidden coverage artifacts not fetched|source snapshots not captured|licenses not fully verified|numeric values not fetched/QAed","Run Codex release compiler task to fetch source snapshots, fill values, validate licenses, and update coverage summary.",2026-05-31
JPN,JPN,Japan,country,boundary_index_only,boundary_only,false,"Boundary is indexed but minimum canonical profile input gate has not been satisfied. Candidate expansion remains blocked because source snapshots not captured; licenses not fully verified; numeric values not fetched or QAed.","identity|geometry|population_denominator|land_area_context|core_socioeconomic_proxy|candidate_source_snapshot|candidate_license_review|candidate_numeric_value_QA",not_promoted,false,"PainMap hidden coverage artifacts not fetched|source snapshots not captured|licenses not fully verified|numeric values not fetched/QAed","Run Codex release compiler task to fetch source snapshots, fill values, validate licenses, and update coverage summary.",2026-05-31
JEY,JEY,Jersey,country,boundary_index_only,boundary_only,false,"Boundary is indexed but minimum canonical profile input gate has not been satisfied. Candidate expansion remains blocked because source snapshots not captured; licenses not fully verified; numeric values not fetched or QAed.","identity|geometry|population_denominator|land_area_context|core_socioeconomic_proxy|candidate_source_snapshot|candidate_license_review|candidate_numeric_value_QA",not_promoted,false,"PainMap hidden coverage artifacts not fetched|source snapshots not captured|licenses not fully verified|numeric values not fetched/QAed","Run Codex release compiler task to fetch source snapshots, fill values, validate licenses, and update coverage summary.",2026-05-31
JOR,JOR,Jordan,country,boundary_index_only,boundary_only,false,"Boundary is indexed but minimum canonical profile input gate has not been satisfied. Candidate expansion remains blocked because source snapshots not captured; licenses not fully verified; numeric values not fetched or QAed.","identity|geometry|population_denominator|land_area_context|core_socioeconomic_proxy|candidate_source_snapshot|candidate_license_review|candidate_numeric_value_QA",not_promoted,false,"PainMap hidden coverage artifacts not fetched|source snapshots not captured|licenses not fully verified|numeric values not fetched/QAed","Run Codex release compiler task to fetch source snapshots, fill values, validate licenses, and update coverage summary.",2026-05-31
KAZ,KAZ,Kazakhstan,country,boundary_index_only,boundary_only,false,"Boundary is indexed but minimum canonical profile input gate has not been satisfied. Candidate expansion remains blocked because source snapshots not captured; licenses not fully verified; numeric values not fetched or QAed.","identity|geometry|population_denominator|land_area_context|core_socioeconomic_proxy|candidate_source_snapshot|candidate_license_review|candidate_numeric_value_QA",not_promoted,false,"PainMap hidden coverage artifacts not fetched|source snapshots not captured|licenses not fully verified|numeric values not fetched/QAed","Run Codex release compiler task to fetch source snapshots, fill values, validate licenses, and update coverage summary.",2026-05-31
KEN,KEN,Kenya,country,boundary_index_only,boundary_only,false,"Boundary is indexed but minimum canonical profile input gate has not been satisfied. Candidate expansion remains blocked because source snapshots not captured; licenses not fully verified; numeric values not fetched or QAed.","identity|geometry|population_denominator|land_area_context|core_socioeconomic_proxy|candidate_source_snapshot|candidate_license_review|candidate_numeric_value_QA",not_promoted,false,"PainMap hidden coverage artifacts not fetched|source snapshots not captured|licenses not fully verified|numeric values not fetched/QAed","Run Codex release compiler task to fetch source snapshots, fill values, validate licenses, and update coverage summary.",2026-05-31
KIR,KIR,Kiribati,country,boundary_index_only,boundary_only,false,"Boundary is indexed but minimum canonical profile input gate has not been satisfied. Candidate expansion remains blocked because source snapshots not captured; licenses not fully verified; numeric values not fetched or QAed.","identity|geometry|population_denominator|land_area_context|core_socioeconomic_proxy|candidate_source_snapshot|candidate_license_review|candidate_numeric_value_QA",not_promoted,false,"PainMap hidden coverage artifacts not fetched|source snapshots not captured|licenses not fully verified|numeric values not fetched/QAed","Run Codex release compiler task to fetch source snapshots, fill values, validate licenses, and update coverage summary.",2026-05-31
KOS,KOS,Kosovo,country,boundary_index_only,boundary_only,false,"Boundary is indexed but minimum canonical profile input gate has not been satisfied. Candidate expansion package did not include this PainMap country identifier.","identity|geometry|population_denominator|land_area_context|core_socioeconomic_proxy|candidate_place_registry_mapping",not_in_candidate_package,false,"Candidate package has no row for this PainMap place ISO3","Review candidate country universe mapping before any promotion.",2026-05-31
KWT,KWT,Kuwait,country,boundary_index_only,boundary_only,false,"Boundary is indexed but minimum canonical profile input gate has not been satisfied. Candidate expansion remains blocked because source snapshots not captured; licenses not fully verified; numeric values not fetched or QAed.","identity|geometry|population_denominator|land_area_context|core_socioeconomic_proxy|candidate_source_snapshot|candidate_license_review|candidate_numeric_value_QA",not_promoted,false,"PainMap hidden coverage artifacts not fetched|source snapshots not captured|licenses not fully verified|numeric values not fetched/QAed","Run Codex release compiler task to fetch source snapshots, fill values, validate licenses, and update coverage summary.",2026-05-31
KGZ,KGZ,Kyrgyzstan,country,boundary_index_only,boundary_only,false,"Boundary is indexed but minimum canonical profile input gate has not been satisfied. Candidate expansion remains blocked because source snapshots not captured; licenses not fully verified; numeric values not fetched or QAed.","identity|geometry|population_denominator|land_area_context|core_socioeconomic_proxy|candidate_source_snapshot|candidate_license_review|candidate_numeric_value_QA",not_promoted,false,"PainMap hidden coverage artifacts not fetched|source snapshots not captured|licenses not fully verified|numeric values not fetched/QAed","Run Codex release compiler task to fetch source snapshots, fill values, validate licenses, and update coverage summary.",2026-05-31
LAO,LAO,Laos,country,boundary_index_only,boundary_only,false,"Boundary is indexed but minimum canonical profile input gate has not been satisfied. Candidate expansion remains blocked because source snapshots not captured; licenses not fully verified; numeric values not fetched or QAed.","identity|geometry|population_denominator|land_area_context|core_socioeconomic_proxy|candidate_source_snapshot|candidate_license_review|candidate_numeric_value_QA",not_promoted,false,"PainMap hidden coverage artifacts not fetched|source snapshots not captured|licenses not fully verified|numeric values not fetched/QAed","Run Codex release compiler task to fetch source snapshots, fill values, validate licenses, and update coverage summary.",2026-05-31
LVA,LVA,Latvia,country,boundary_index_only,boundary_only,false,"Boundary is indexed but minimum canonical profile input gate has not been satisfied. Candidate expansion remains blocked because source snapshots not captured; licenses not fully verified; numeric values not fetched or QAed.","identity|geometry|population_denominator|land_area_context|core_socioeconomic_proxy|candidate_source_snapshot|candidate_license_review|candidate_numeric_value_QA",not_promoted,false,"PainMap hidden coverage artifacts not fetched|source snapshots not captured|licenses not fully verified|numeric values not fetched/QAed","Run Codex release compiler task to fetch source snapshots, fill values, validate licenses, and update coverage summary.",2026-05-31
LBN,LBN,Lebanon,country,boundary_index_only,boundary_only,false,"Boundary is indexed but minimum canonical profile input gate has not been satisfied. Candidate expansion remains blocked because source snapshots not captured; licenses not fully verified; numeric values not fetched or QAed.","identity|geometry|population_denominator|land_area_context|core_socioeconomic_proxy|candidate_source_snapshot|candidate_license_review|candidate_numeric_value_QA",not_promoted,false,"PainMap hidden coverage artifacts not fetched|source snapshots not captured|licenses not fully verified|numeric values not fetched/QAed","Run Codex release compiler task to fetch source snapshots, fill values, validate licenses, and update coverage summary.",2026-05-31
LSO,LSO,Lesotho,country,boundary_index_only,boundary_only,false,"Boundary is indexed but minimum canonical profile input gate has not been satisfied. Candidate expansion remains blocked because source snapshots not captured; licenses not fully verified; numeric values not fetched or QAed.","identity|geometry|population_denominator|land_area_context|core_socioeconomic_proxy|candidate_source_snapshot|candidate_license_review|candidate_numeric_value_QA",not_promoted,false,"PainMap hidden coverage artifacts not fetched|source snapshots not captured|licenses not fully verified|numeric values not fetched/QAed","Run Codex release compiler task to fetch source snapshots, fill values, validate licenses, and update coverage summary.",2026-05-31
LBR,LBR,Liberia,country,boundary_index_only,boundary_only,false,"Boundary is indexed but minimum canonical profile input gate has not been satisfied. Candidate expansion remains blocked because source snapshots not captured; licenses not fully verified; numeric values not fetched or QAed.","identity|geometry|population_denominator|land_area_context|core_socioeconomic_proxy|candidate_source_snapshot|candidate_license_review|candidate_numeric_value_QA",not_promoted,false,"PainMap hidden coverage artifacts not fetched|source snapshots not captured|licenses not fully verified|numeric values not fetched/QAed","Run Codex release compiler task to fetch source snapshots, fill values, validate licenses, and update coverage summary.",2026-05-31
LBY,LBY,Libya,country,boundary_index_only,boundary_only,false,"Boundary is indexed but minimum canonical profile input gate has not been satisfied. Candidate expansion remains blocked because source snapshots not captured; licenses not fully verified; numeric values not fetched or QAed.","identity|geometry|population_denominator|land_area_context|core_socioeconomic_proxy|candidate_source_snapshot|candidate_license_review|candidate_numeric_value_QA",not_promoted,false,"PainMap hidden coverage artifacts not fetched|source snapshots not captured|licenses not fully verified|numeric values not fetched/QAed","Run Codex release compiler task to fetch source snapshots, fill values, validate licenses, and update coverage summary.",2026-05-31
LIE,LIE,Liechtenstein,country,boundary_index_only,boundary_only,false,"Boundary is indexed but minimum canonical profile input gate has not been satisfied. Candidate expansion remains blocked because source snapshots not captured; licenses not fully verified; numeric values not fetched or QAed.","identity|geometry|population_denominator|land_area_context|core_socioeconomic_proxy|candidate_source_snapshot|candidate_license_review|candidate_numeric_value_QA",not_promoted,false,"PainMap hidden coverage artifacts not fetched|source snapshots not captured|licenses not fully verified|numeric values not fetched/QAed","Run Codex release compiler task to fetch source snapshots, fill values, validate licenses, and update coverage summary.",2026-05-31
LTU,LTU,Lithuania,country,boundary_index_only,boundary_only,false,"Boundary is indexed but minimum canonical profile input gate has not been satisfied. Candidate expansion remains blocked because source snapshots not captured; licenses not fully verified; numeric values not fetched or QAed.","identity|geometry|population_denominator|land_area_context|core_socioeconomic_proxy|candidate_source_snapshot|candidate_license_review|candidate_numeric_value_QA",not_promoted,false,"PainMap hidden coverage artifacts not fetched|source snapshots not captured|licenses not fully verified|numeric values not fetched/QAed","Run Codex release compiler task to fetch source snapshots, fill values, validate licenses, and update coverage summary.",2026-05-31
LUX,LUX,Luxembourg,country,boundary_index_only,boundary_only,false,"Boundary is indexed but minimum canonical profile input gate has not been satisfied. Candidate expansion remains blocked because source snapshots not captured; licenses not fully verified; numeric values not fetched or QAed.","identity|geometry|population_denominator|land_area_context|core_socioeconomic_proxy|candidate_source_snapshot|candidate_license_review|candidate_numeric_value_QA",not_promoted,false,"PainMap hidden coverage artifacts not fetched|source snapshots not captured|licenses not fully verified|numeric values not fetched/QAed","Run Codex release compiler task to fetch source snapshots, fill values, validate licenses, and update coverage summary.",2026-05-31
MAC,MAC,Macau,country,boundary_index_only,boundary_only,false,"Boundary is indexed but minimum canonical profile input gate has not been satisfied. Candidate expansion remains blocked because source snapshots not captured; licenses not fully verified; numeric values not fetched or QAed.","identity|geometry|population_denominator|land_area_context|core_socioeconomic_proxy|candidate_source_snapshot|candidate_license_review|candidate_numeric_value_QA",not_promoted,false,"PainMap hidden coverage artifacts not fetched|source snapshots not captured|licenses not fully verified|numeric values not fetched/QAed","Run Codex release compiler task to fetch source snapshots, fill values, validate licenses, and update coverage summary.",2026-05-31
MDG,MDG,Madagascar,country,boundary_index_only,boundary_only,false,"Boundary is indexed but minimum canonical profile input gate has not been satisfied. Candidate expansion remains blocked because source snapshots not captured; licenses not fully verified; numeric values not fetched or QAed.","identity|geometry|population_denominator|land_area_context|core_socioeconomic_proxy|candidate_source_snapshot|candidate_license_review|candidate_numeric_value_QA",not_promoted,false,"PainMap hidden coverage artifacts not fetched|source snapshots not captured|licenses not fully verified|numeric values not fetched/QAed","Run Codex release compiler task to fetch source snapshots, fill values, validate licenses, and update coverage summary.",2026-05-31
MWI,MWI,Malawi,country,boundary_index_only,boundary_only,false,"Boundary is indexed but minimum canonical profile input gate has not been satisfied. Candidate expansion remains blocked because source snapshots not captured; licenses not fully verified; numeric values not fetched or QAed.","identity|geometry|population_denominator|land_area_context|core_socioeconomic_proxy|candidate_source_snapshot|candidate_license_review|candidate_numeric_value_QA",not_promoted,false,"PainMap hidden coverage artifacts not fetched|source snapshots not captured|licenses not fully verified|numeric values not fetched/QAed","Run Codex release compiler task to fetch source snapshots, fill values, validate licenses, and update coverage summary.",2026-05-31
MYS,MYS,Malaysia,country,boundary_index_only,boundary_only,false,"Boundary is indexed but minimum canonical profile input gate has not been satisfied. Candidate expansion remains blocked because source snapshots not captured; licenses not fully verified; numeric values not fetched or QAed.","identity|geometry|population_denominator|land_area_context|core_socioeconomic_proxy|candidate_source_snapshot|candidate_license_review|candidate_numeric_value_QA",not_promoted,false,"PainMap hidden coverage artifacts not fetched|source snapshots not captured|licenses not fully verified|numeric values not fetched/QAed","Run Codex release compiler task to fetch source snapshots, fill values, validate licenses, and update coverage summary.",2026-05-31
MDV,MDV,Maldives,country,boundary_index_only,boundary_only,false,"Boundary is indexed but minimum canonical profile input gate has not been satisfied. Candidate expansion remains blocked because source snapshots not captured; licenses not fully verified; numeric values not fetched or QAed.","identity|geometry|population_denominator|land_area_context|core_socioeconomic_proxy|candidate_source_snapshot|candidate_license_review|candidate_numeric_value_QA",not_promoted,false,"PainMap hidden coverage artifacts not fetched|source snapshots not captured|licenses not fully verified|numeric values not fetched/QAed","Run Codex release compiler task to fetch source snapshots, fill values, validate licenses, and update coverage summary.",2026-05-31
MLI,MLI,Mali,country,boundary_index_only,boundary_only,false,"Boundary is indexed but minimum canonical profile input gate has not been satisfied. Candidate expansion remains blocked because source snapshots not captured; licenses not fully verified; numeric values not fetched or QAed.","identity|geometry|population_denominator|land_area_context|core_socioeconomic_proxy|candidate_source_snapshot|candidate_license_review|candidate_numeric_value_QA",not_promoted,false,"PainMap hidden coverage artifacts not fetched|source snapshots not captured|licenses not fully verified|numeric values not fetched/QAed","Run Codex release compiler task to fetch source snapshots, fill values, validate licenses, and update coverage summary.",2026-05-31
MLT,MLT,Malta,country,boundary_index_only,boundary_only,false,"Boundary is indexed but minimum canonical profile input gate has not been satisfied. Candidate expansion remains blocked because source snapshots not captured; licenses not fully verified; numeric values not fetched or QAed.","identity|geometry|population_denominator|land_area_context|core_socioeconomic_proxy|candidate_source_snapshot|candidate_license_review|candidate_numeric_value_QA",not_promoted,false,"PainMap hidden coverage artifacts not fetched|source snapshots not captured|licenses not fully verified|numeric values not fetched/QAed","Run Codex release compiler task to fetch source snapshots, fill values, validate licenses, and update coverage summary.",2026-05-31
MHL,MHL,Marshall Islands,country,boundary_index_only,boundary_only,false,"Boundary is indexed but minimum canonical profile input gate has not been satisfied. Candidate expansion remains blocked because source snapshots not captured; licenses not fully verified; numeric values not fetched or QAed.","identity|geometry|population_denominator|land_area_context|core_socioeconomic_proxy|candidate_source_snapshot|candidate_license_review|candidate_numeric_value_QA",not_promoted,false,"PainMap hidden coverage artifacts not fetched|source snapshots not captured|licenses not fully verified|numeric values not fetched/QAed","Run Codex release compiler task to fetch source snapshots, fill values, validate licenses, and update coverage summary.",2026-05-31
MRT,MRT,Mauritania,country,boundary_index_only,boundary_only,false,"Boundary is indexed but minimum canonical profile input gate has not been satisfied. Candidate expansion remains blocked because source snapshots not captured; licenses not fully verified; numeric values not fetched or QAed.","identity|geometry|population_denominator|land_area_context|core_socioeconomic_proxy|candidate_source_snapshot|candidate_license_review|candidate_numeric_value_QA",not_promoted,false,"PainMap hidden coverage artifacts not fetched|source snapshots not captured|licenses not fully verified|numeric values not fetched/QAed","Run Codex release compiler task to fetch source snapshots, fill values, validate licenses, and update coverage summary.",2026-05-31
MUS,MUS,Mauritius,country,boundary_index_only,boundary_only,false,"Boundary is indexed but minimum canonical profile input gate has not been satisfied. Candidate expansion remains blocked because source snapshots not captured; licenses not fully verified; numeric values not fetched or QAed.","identity|geometry|population_denominator|land_area_context|core_socioeconomic_proxy|candidate_source_snapshot|candidate_license_review|candidate_numeric_value_QA",not_promoted,false,"PainMap hidden coverage artifacts not fetched|source snapshots not captured|licenses not fully verified|numeric values not fetched/QAed","Run Codex release compiler task to fetch source snapshots, fill values, validate licenses, and update coverage summary.",2026-05-31
MEX,MEX,Mexico,country,boundary_index_only,boundary_only,false,"Boundary is indexed but minimum canonical profile input gate has not been satisfied. Candidate expansion remains blocked because source snapshots not captured; licenses not fully verified; numeric values not fetched or QAed.","identity|geometry|population_denominator|land_area_context|core_socioeconomic_proxy|candidate_source_snapshot|candidate_license_review|candidate_numeric_value_QA",not_promoted,false,"PainMap hidden coverage artifacts not fetched|source snapshots not captured|licenses not fully verified|numeric values not fetched/QAed","Run Codex release compiler task to fetch source snapshots, fill values, validate licenses, and update coverage summary.",2026-05-31
MDA,MDA,Moldova,country,boundary_index_only,boundary_only,false,"Boundary is indexed but minimum canonical profile input gate has not been satisfied. Candidate expansion remains blocked because source snapshots not captured; licenses not fully verified; numeric values not fetched or QAed.","identity|geometry|population_denominator|land_area_context|core_socioeconomic_proxy|candidate_source_snapshot|candidate_license_review|candidate_numeric_value_QA",not_promoted,false,"PainMap hidden coverage artifacts not fetched|source snapshots not captured|licenses not fully verified|numeric values not fetched/QAed","Run Codex release compiler task to fetch source snapshots, fill values, validate licenses, and update coverage summary.",2026-05-31
MCO,MCO,Monaco,country,boundary_index_only,boundary_only,false,"Boundary is indexed but minimum canonical profile input gate has not been satisfied. Candidate expansion remains blocked because source snapshots not captured; licenses not fully verified; numeric values not fetched or QAed.","identity|geometry|population_denominator|land_area_context|core_socioeconomic_proxy|candidate_source_snapshot|candidate_license_review|candidate_numeric_value_QA",not_promoted,false,"PainMap hidden coverage artifacts not fetched|source snapshots not captured|licenses not fully verified|numeric values not fetched/QAed","Run Codex release compiler task to fetch source snapshots, fill values, validate licenses, and update coverage summary.",2026-05-31
MNG,MNG,Mongolia,country,boundary_index_only,boundary_only,false,"Boundary is indexed but minimum canonical profile input gate has not been satisfied. Candidate expansion remains blocked because source snapshots not captured; licenses not fully verified; numeric values not fetched or QAed.","identity|geometry|population_denominator|land_area_context|core_socioeconomic_proxy|candidate_source_snapshot|candidate_license_review|candidate_numeric_value_QA",not_promoted,false,"PainMap hidden coverage artifacts not fetched|source snapshots not captured|licenses not fully verified|numeric values not fetched/QAed","Run Codex release compiler task to fetch source snapshots, fill values, validate licenses, and update coverage summary.",2026-05-31
MNE,MNE,Montenegro,country,boundary_index_only,boundary_only,false,"Boundary is indexed but minimum canonical profile input gate has not been satisfied. Candidate expansion remains blocked because source snapshots not captured; licenses not fully verified; numeric values not fetched or QAed.","identity|geometry|population_denominator|land_area_context|core_socioeconomic_proxy|candidate_source_snapshot|candidate_license_review|candidate_numeric_value_QA",not_promoted,false,"PainMap hidden coverage artifacts not fetched|source snapshots not captured|licenses not fully verified|numeric values not fetched/QAed","Run Codex release compiler task to fetch source snapshots, fill values, validate licenses, and update coverage summary.",2026-05-31
MSR,MSR,Montserrat,country,boundary_index_only,boundary_only,false,"Boundary is indexed but minimum canonical profile input gate has not been satisfied. Candidate expansion remains blocked because source snapshots not captured; licenses not fully verified; numeric values not fetched or QAed.","identity|geometry|population_denominator|land_area_context|core_socioeconomic_proxy|candidate_source_snapshot|candidate_license_review|candidate_numeric_value_QA",not_promoted,false,"PainMap hidden coverage artifacts not fetched|source snapshots not captured|licenses not fully verified|numeric values not fetched/QAed","Run Codex release compiler task to fetch source snapshots, fill values, validate licenses, and update coverage summary.",2026-05-31
MAR,MAR,Morocco,country,boundary_index_only,boundary_only,false,"Boundary is indexed but minimum canonical profile input gate has not been satisfied. Candidate expansion remains blocked because source snapshots not captured; licenses not fully verified; numeric values not fetched or QAed.","identity|geometry|population_denominator|land_area_context|core_socioeconomic_proxy|candidate_source_snapshot|candidate_license_review|candidate_numeric_value_QA",not_promoted,false,"PainMap hidden coverage artifacts not fetched|source snapshots not captured|licenses not fully verified|numeric values not fetched/QAed","Run Codex release compiler task to fetch source snapshots, fill values, validate licenses, and update coverage summary.",2026-05-31
MOZ,MOZ,Mozambique,country,boundary_index_only,boundary_only,false,"Boundary is indexed but minimum canonical profile input gate has not been satisfied. Candidate expansion remains blocked because source snapshots not captured; licenses not fully verified; numeric values not fetched or QAed.","identity|geometry|population_denominator|land_area_context|core_socioeconomic_proxy|candidate_source_snapshot|candidate_license_review|candidate_numeric_value_QA",not_promoted,false,"PainMap hidden coverage artifacts not fetched|source snapshots not captured|licenses not fully verified|numeric values not fetched/QAed","Run Codex release compiler task to fetch source snapshots, fill values, validate licenses, and update coverage summary.",2026-05-31
MMR,MMR,Myanmar,country,boundary_index_only,boundary_only,false,"Boundary is indexed but minimum canonical profile input gate has not been satisfied. Candidate expansion remains blocked because source snapshots not captured; licenses not fully verified; numeric values not fetched or QAed.","identity|geometry|population_denominator|land_area_context|core_socioeconomic_proxy|candidate_source_snapshot|candidate_license_review|candidate_numeric_value_QA",not_promoted,false,"PainMap hidden coverage artifacts not fetched|source snapshots not captured|licenses not fully verified|numeric values not fetched/QAed","Run Codex release compiler task to fetch source snapshots, fill values, validate licenses, and update coverage summary.",2026-05-31
NAM,NAM,Namibia,country,boundary_index_only,boundary_only,false,"Boundary is indexed but minimum canonical profile input gate has not been satisfied. Candidate expansion remains blocked because source snapshots not captured; licenses not fully verified; numeric values not fetched or QAed.","identity|geometry|population_denominator|land_area_context|core_socioeconomic_proxy|candidate_source_snapshot|candidate_license_review|candidate_numeric_value_QA",not_promoted,false,"PainMap hidden coverage artifacts not fetched|source snapshots not captured|licenses not fully verified|numeric values not fetched/QAed","Run Codex release compiler task to fetch source snapshots, fill values, validate licenses, and update coverage summary.",2026-05-31
NRU,NRU,Nauru,country,boundary_index_only,boundary_only,false,"Boundary is indexed but minimum canonical profile input gate has not been satisfied. Candidate expansion remains blocked because source snapshots not captured; licenses not fully verified; numeric values not fetched or QAed.","identity|geometry|population_denominator|land_area_context|core_socioeconomic_proxy|candidate_source_snapshot|candidate_license_review|candidate_numeric_value_QA",not_promoted,false,"PainMap hidden coverage artifacts not fetched|source snapshots not captured|licenses not fully verified|numeric values not fetched/QAed","Run Codex release compiler task to fetch source snapshots, fill values, validate licenses, and update coverage summary.",2026-05-31
NPL,NPL,Nepal,country,boundary_index_only,boundary_only,false,"Boundary is indexed but minimum canonical profile input gate has not been satisfied. Candidate expansion remains blocked because source snapshots not captured; licenses not fully verified; numeric values not fetched or QAed.","identity|geometry|population_denominator|land_area_context|core_socioeconomic_proxy|candidate_source_snapshot|candidate_license_review|candidate_numeric_value_QA",not_promoted,false,"PainMap hidden coverage artifacts not fetched|source snapshots not captured|licenses not fully verified|numeric values not fetched/QAed","Run Codex release compiler task to fetch source snapshots, fill values, validate licenses, and update coverage summary.",2026-05-31
NLD,NLD,Netherlands,country,boundary_index_only,boundary_only,false,"Boundary is indexed but minimum canonical profile input gate has not been satisfied. Candidate expansion remains blocked because source snapshots not captured; licenses not fully verified; numeric values not fetched or QAed.","identity|geometry|population_denominator|land_area_context|core_socioeconomic_proxy|candidate_source_snapshot|candidate_license_review|candidate_numeric_value_QA",not_promoted,false,"PainMap hidden coverage artifacts not fetched|source snapshots not captured|licenses not fully verified|numeric values not fetched/QAed","Run Codex release compiler task to fetch source snapshots, fill values, validate licenses, and update coverage summary.",2026-05-31
NCL,NCL,New Caledonia,country,boundary_index_only,boundary_only,false,"Boundary is indexed but minimum canonical profile input gate has not been satisfied. Candidate expansion remains blocked because source snapshots not captured; licenses not fully verified; numeric values not fetched or QAed.","identity|geometry|population_denominator|land_area_context|core_socioeconomic_proxy|candidate_source_snapshot|candidate_license_review|candidate_numeric_value_QA",not_promoted,false,"PainMap hidden coverage artifacts not fetched|source snapshots not captured|licenses not fully verified|numeric values not fetched/QAed","Run Codex release compiler task to fetch source snapshots, fill values, validate licenses, and update coverage summary.",2026-05-31
NZL,NZL,New Zealand,country,boundary_index_only,boundary_only,false,"Boundary is indexed but minimum canonical profile input gate has not been satisfied. Candidate expansion remains blocked because source snapshots not captured; licenses not fully verified; numeric values not fetched or QAed.","identity|geometry|population_denominator|land_area_context|core_socioeconomic_proxy|candidate_source_snapshot|candidate_license_review|candidate_numeric_value_QA",not_promoted,false,"PainMap hidden coverage artifacts not fetched|source snapshots not captured|licenses not fully verified|numeric values not fetched/QAed","Run Codex release compiler task to fetch source snapshots, fill values, validate licenses, and update coverage summary.",2026-05-31
NIC,NIC,Nicaragua,country,boundary_index_only,boundary_only,false,"Boundary is indexed but minimum canonical profile input gate has not been satisfied. Candidate expansion remains blocked because source snapshots not captured; licenses not fully verified; numeric values not fetched or QAed.","identity|geometry|population_denominator|land_area_context|core_socioeconomic_proxy|candidate_source_snapshot|candidate_license_review|candidate_numeric_value_QA",not_promoted,false,"PainMap hidden coverage artifacts not fetched|source snapshots not captured|licenses not fully verified|numeric values not fetched/QAed","Run Codex release compiler task to fetch source snapshots, fill values, validate licenses, and update coverage summary.",2026-05-31
NER,NER,Niger,country,boundary_index_only,boundary_only,false,"Boundary is indexed but minimum canonical profile input gate has not been satisfied. Candidate expansion remains blocked because source snapshots not captured; licenses not fully verified; numeric values not fetched or QAed.","identity|geometry|population_denominator|land_area_context|core_socioeconomic_proxy|candidate_source_snapshot|candidate_license_review|candidate_numeric_value_QA",not_promoted,false,"PainMap hidden coverage artifacts not fetched|source snapshots not captured|licenses not fully verified|numeric values not fetched/QAed","Run Codex release compiler task to fetch source snapshots, fill values, validate licenses, and update coverage summary.",2026-05-31
NGA,NGA,Nigeria,country,boundary_index_only,boundary_only,false,"Boundary is indexed but minimum canonical profile input gate has not been satisfied. Candidate expansion remains blocked because source snapshots not captured; licenses not fully verified; numeric values not fetched or QAed.","identity|geometry|population_denominator|land_area_context|core_socioeconomic_proxy|candidate_source_snapshot|candidate_license_review|candidate_numeric_value_QA",not_promoted,false,"PainMap hidden coverage artifacts not fetched|source snapshots not captured|licenses not fully verified|numeric values not fetched/QAed","Run Codex release compiler task to fetch source snapshots, fill values, validate licenses, and update coverage summary.",2026-05-31
NIU,NIU,Niue,country,boundary_index_only,boundary_only,false,"Boundary is indexed but minimum canonical profile input gate has not been satisfied. Candidate expansion remains blocked because source snapshots not captured; licenses not fully verified; numeric values not fetched or QAed.","identity|geometry|population_denominator|land_area_context|core_socioeconomic_proxy|candidate_source_snapshot|candidate_license_review|candidate_numeric_value_QA",not_promoted,false,"PainMap hidden coverage artifacts not fetched|source snapshots not captured|licenses not fully verified|numeric values not fetched/QAed","Run Codex release compiler task to fetch source snapshots, fill values, validate licenses, and update coverage summary.",2026-05-31
NFK,NFK,Norfolk Island,country,boundary_index_only,boundary_only,false,"Boundary is indexed but minimum canonical profile input gate has not been satisfied. Candidate expansion remains blocked because source snapshots not captured; licenses not fully verified; numeric values not fetched or QAed.","identity|geometry|population_denominator|land_area_context|core_socioeconomic_proxy|candidate_source_snapshot|candidate_license_review|candidate_numeric_value_QA",not_promoted,false,"PainMap hidden coverage artifacts not fetched|source snapshots not captured|licenses not fully verified|numeric values not fetched/QAed","Run Codex release compiler task to fetch source snapshots, fill values, validate licenses, and update coverage summary.",2026-05-31
PRK,PRK,North Korea,country,boundary_index_only,boundary_only,false,"Boundary is indexed but minimum canonical profile input gate has not been satisfied. Candidate expansion remains blocked because source snapshots not captured; licenses not fully verified; numeric values not fetched or QAed.","identity|geometry|population_denominator|land_area_context|core_socioeconomic_proxy|candidate_source_snapshot|candidate_license_review|candidate_numeric_value_QA",not_promoted,false,"PainMap hidden coverage artifacts not fetched|source snapshots not captured|licenses not fully verified|numeric values not fetched/QAed","Run Codex release compiler task to fetch source snapshots, fill values, validate licenses, and update coverage summary.",2026-05-31
MKD,MKD,North Macedonia,country,boundary_index_only,boundary_only,false,"Boundary is indexed but minimum canonical profile input gate has not been satisfied. Candidate expansion remains blocked because source snapshots not captured; licenses not fully verified; numeric values not fetched or QAed.","identity|geometry|population_denominator|land_area_context|core_socioeconomic_proxy|candidate_source_snapshot|candidate_license_review|candidate_numeric_value_QA",not_promoted,false,"PainMap hidden coverage artifacts not fetched|source snapshots not captured|licenses not fully verified|numeric values not fetched/QAed","Run Codex release compiler task to fetch source snapshots, fill values, validate licenses, and update coverage summary.",2026-05-31
MNP,MNP,Northern Mariana Islands,country,boundary_index_only,boundary_only,false,"Boundary is indexed but minimum canonical profile input gate has not been satisfied. Candidate expansion remains blocked because source snapshots not captured; licenses not fully verified; numeric values not fetched or QAed.","identity|geometry|population_denominator|land_area_context|core_socioeconomic_proxy|candidate_source_snapshot|candidate_license_review|candidate_numeric_value_QA",not_promoted,false,"PainMap hidden coverage artifacts not fetched|source snapshots not captured|licenses not fully verified|numeric values not fetched/QAed","Run Codex release compiler task to fetch source snapshots, fill values, validate licenses, and update coverage summary.",2026-05-31
NOR,NOR,Norway,country,boundary_index_only,boundary_only,false,"Boundary is indexed but minimum canonical profile input gate has not been satisfied. Candidate expansion remains blocked because source snapshots not captured; licenses not fully verified; numeric values not fetched or QAed.","identity|geometry|population_denominator|land_area_context|core_socioeconomic_proxy|candidate_source_snapshot|candidate_license_review|candidate_numeric_value_QA",not_promoted,false,"PainMap hidden coverage artifacts not fetched|source snapshots not captured|licenses not fully verified|numeric values not fetched/QAed","Run Codex release compiler task to fetch source snapshots, fill values, validate licenses, and update coverage summary.",2026-05-31
OMN,OMN,Oman,country,boundary_index_only,boundary_only,false,"Boundary is indexed but minimum canonical profile input gate has not been satisfied. Candidate expansion remains blocked because source snapshots not captured; licenses not fully verified; numeric values not fetched or QAed.","identity|geometry|population_denominator|land_area_context|core_socioeconomic_proxy|candidate_source_snapshot|candidate_license_review|candidate_numeric_value_QA",not_promoted,false,"PainMap hidden coverage artifacts not fetched|source snapshots not captured|licenses not fully verified|numeric values not fetched/QAed","Run Codex release compiler task to fetch source snapshots, fill values, validate licenses, and update coverage summary.",2026-05-31
PAK,PAK,Pakistan,country,boundary_index_only,boundary_only,false,"Boundary is indexed but minimum canonical profile input gate has not been satisfied. Candidate expansion remains blocked because source snapshots not captured; licenses not fully verified; numeric values not fetched or QAed.","identity|geometry|population_denominator|land_area_context|core_socioeconomic_proxy|candidate_source_snapshot|candidate_license_review|candidate_numeric_value_QA",not_promoted,false,"PainMap hidden coverage artifacts not fetched|source snapshots not captured|licenses not fully verified|numeric values not fetched/QAed","Run Codex release compiler task to fetch source snapshots, fill values, validate licenses, and update coverage summary.",2026-05-31
PLW,PLW,Palau,country,boundary_index_only,boundary_only,false,"Boundary is indexed but minimum canonical profile input gate has not been satisfied. Candidate expansion remains blocked because source snapshots not captured; licenses not fully verified; numeric values not fetched or QAed.","identity|geometry|population_denominator|land_area_context|core_socioeconomic_proxy|candidate_source_snapshot|candidate_license_review|candidate_numeric_value_QA",not_promoted,false,"PainMap hidden coverage artifacts not fetched|source snapshots not captured|licenses not fully verified|numeric values not fetched/QAed","Run Codex release compiler task to fetch source snapshots, fill values, validate licenses, and update coverage summary.",2026-05-31
PSE,PSE,Palestine,country,boundary_index_only,boundary_only,false,"Boundary is indexed but minimum canonical profile input gate has not been satisfied. Candidate expansion remains blocked because source snapshots not captured; licenses not fully verified; numeric values not fetched or QAed.","identity|geometry|population_denominator|land_area_context|core_socioeconomic_proxy|candidate_source_snapshot|candidate_license_review|candidate_numeric_value_QA",not_promoted,false,"PainMap hidden coverage artifacts not fetched|source snapshots not captured|licenses not fully verified|numeric values not fetched/QAed","Run Codex release compiler task to fetch source snapshots, fill values, validate licenses, and update coverage summary.",2026-05-31
PAN,PAN,Panama,country,boundary_index_only,boundary_only,false,"Boundary is indexed but minimum canonical profile input gate has not been satisfied. Candidate expansion remains blocked because source snapshots not captured; licenses not fully verified; numeric values not fetched or QAed.","identity|geometry|population_denominator|land_area_context|core_socioeconomic_proxy|candidate_source_snapshot|candidate_license_review|candidate_numeric_value_QA",not_promoted,false,"PainMap hidden coverage artifacts not fetched|source snapshots not captured|licenses not fully verified|numeric values not fetched/QAed","Run Codex release compiler task to fetch source snapshots, fill values, validate licenses, and update coverage summary.",2026-05-31
PNG,PNG,Papua New Guinea,country,boundary_index_only,boundary_only,false,"Boundary is indexed but minimum canonical profile input gate has not been satisfied. Candidate expansion remains blocked because source snapshots not captured; licenses not fully verified; numeric values not fetched or QAed.","identity|geometry|population_denominator|land_area_context|core_socioeconomic_proxy|candidate_source_snapshot|candidate_license_review|candidate_numeric_value_QA",not_promoted,false,"PainMap hidden coverage artifacts not fetched|source snapshots not captured|licenses not fully verified|numeric values not fetched/QAed","Run Codex release compiler task to fetch source snapshots, fill values, validate licenses, and update coverage summary.",2026-05-31
PRY,PRY,Paraguay,country,boundary_index_only,boundary_only,false,"Boundary is indexed but minimum canonical profile input gate has not been satisfied. Candidate expansion remains blocked because source snapshots not captured; licenses not fully verified; numeric values not fetched or QAed.","identity|geometry|population_denominator|land_area_context|core_socioeconomic_proxy|candidate_source_snapshot|candidate_license_review|candidate_numeric_value_QA",not_promoted,false,"PainMap hidden coverage artifacts not fetched|source snapshots not captured|licenses not fully verified|numeric values not fetched/QAed","Run Codex release compiler task to fetch source snapshots, fill values, validate licenses, and update coverage summary.",2026-05-31
CHN,CHN,People's Republic of China,country,boundary_index_only,boundary_only,false,"Boundary is indexed but minimum canonical profile input gate has not been satisfied. Candidate expansion remains blocked because source snapshots not captured; licenses not fully verified; numeric values not fetched or QAed.","identity|geometry|population_denominator|land_area_context|core_socioeconomic_proxy|candidate_source_snapshot|candidate_license_review|candidate_numeric_value_QA",not_promoted,false,"PainMap hidden coverage artifacts not fetched|source snapshots not captured|licenses not fully verified|numeric values not fetched/QAed","Run Codex release compiler task to fetch source snapshots, fill values, validate licenses, and update coverage summary.",2026-05-31
PER,PER,Peru,country,boundary_index_only,boundary_only,false,"Boundary is indexed but minimum canonical profile input gate has not been satisfied. Candidate expansion remains blocked because source snapshots not captured; licenses not fully verified; numeric values not fetched or QAed.","identity|geometry|population_denominator|land_area_context|core_socioeconomic_proxy|candidate_source_snapshot|candidate_license_review|candidate_numeric_value_QA",not_promoted,false,"PainMap hidden coverage artifacts not fetched|source snapshots not captured|licenses not fully verified|numeric values not fetched/QAed","Run Codex release compiler task to fetch source snapshots, fill values, validate licenses, and update coverage summary.",2026-05-31
PHL,PHL,Philippines,country,boundary_index_only,boundary_only,false,"Boundary is indexed but minimum canonical profile input gate has not been satisfied. Candidate expansion remains blocked because source snapshots not captured; licenses not fully verified; numeric values not fetched or QAed.","identity|geometry|population_denominator|land_area_context|core_socioeconomic_proxy|candidate_source_snapshot|candidate_license_review|candidate_numeric_value_QA",not_promoted,false,"PainMap hidden coverage artifacts not fetched|source snapshots not captured|licenses not fully verified|numeric values not fetched/QAed","Run Codex release compiler task to fetch source snapshots, fill values, validate licenses, and update coverage summary.",2026-05-31
PCN,PCN,Pitcairn Islands,country,boundary_index_only,boundary_only,false,"Boundary is indexed but minimum canonical profile input gate has not been satisfied. Candidate expansion remains blocked because source snapshots not captured; licenses not fully verified; numeric values not fetched or QAed.","identity|geometry|population_denominator|land_area_context|core_socioeconomic_proxy|candidate_source_snapshot|candidate_license_review|candidate_numeric_value_QA",not_promoted,false,"PainMap hidden coverage artifacts not fetched|source snapshots not captured|licenses not fully verified|numeric values not fetched/QAed","Run Codex release compiler task to fetch source snapshots, fill values, validate licenses, and update coverage summary.",2026-05-31
POL,POL,Poland,country,boundary_index_only,boundary_only,false,"Boundary is indexed but minimum canonical profile input gate has not been satisfied. Candidate expansion remains blocked because source snapshots not captured; licenses not fully verified; numeric values not fetched or QAed.","identity|geometry|population_denominator|land_area_context|core_socioeconomic_proxy|candidate_source_snapshot|candidate_license_review|candidate_numeric_value_QA",not_promoted,false,"PainMap hidden coverage artifacts not fetched|source snapshots not captured|licenses not fully verified|numeric values not fetched/QAed","Run Codex release compiler task to fetch source snapshots, fill values, validate licenses, and update coverage summary.",2026-05-31
PRT,PRT,Portugal,country,boundary_index_only,boundary_only,false,"Boundary is indexed but minimum canonical profile input gate has not been satisfied. Candidate expansion remains blocked because source snapshots not captured; licenses not fully verified; numeric values not fetched or QAed.","identity|geometry|population_denominator|land_area_context|core_socioeconomic_proxy|candidate_source_snapshot|candidate_license_review|candidate_numeric_value_QA",not_promoted,false,"PainMap hidden coverage artifacts not fetched|source snapshots not captured|licenses not fully verified|numeric values not fetched/QAed","Run Codex release compiler task to fetch source snapshots, fill values, validate licenses, and update coverage summary.",2026-05-31
PRI,PRI,Puerto Rico,country,boundary_index_only,boundary_only,false,"Boundary is indexed but minimum canonical profile input gate has not been satisfied. Candidate expansion remains blocked because source snapshots not captured; licenses not fully verified; numeric values not fetched or QAed.","identity|geometry|population_denominator|land_area_context|core_socioeconomic_proxy|candidate_source_snapshot|candidate_license_review|candidate_numeric_value_QA",not_promoted,false,"PainMap hidden coverage artifacts not fetched|source snapshots not captured|licenses not fully verified|numeric values not fetched/QAed","Run Codex release compiler task to fetch source snapshots, fill values, validate licenses, and update coverage summary.",2026-05-31
QAT,QAT,Qatar,country,boundary_index_only,boundary_only,false,"Boundary is indexed but minimum canonical profile input gate has not been satisfied. Candidate expansion remains blocked because source snapshots not captured; licenses not fully verified; numeric values not fetched or QAed.","identity|geometry|population_denominator|land_area_context|core_socioeconomic_proxy|candidate_source_snapshot|candidate_license_review|candidate_numeric_value_QA",not_promoted,false,"PainMap hidden coverage artifacts not fetched|source snapshots not captured|licenses not fully verified|numeric values not fetched/QAed","Run Codex release compiler task to fetch source snapshots, fill values, validate licenses, and update coverage summary.",2026-05-31
COG,COG,Republic of the Congo,country,boundary_index_only,boundary_only,false,"Boundary is indexed but minimum canonical profile input gate has not been satisfied. Candidate expansion remains blocked because source snapshots not captured; licenses not fully verified; numeric values not fetched or QAed.","identity|geometry|population_denominator|land_area_context|core_socioeconomic_proxy|candidate_source_snapshot|candidate_license_review|candidate_numeric_value_QA",not_promoted,false,"PainMap hidden coverage artifacts not fetched|source snapshots not captured|licenses not fully verified|numeric values not fetched/QAed","Run Codex release compiler task to fetch source snapshots, fill values, validate licenses, and update coverage summary.",2026-05-31
ROU,ROU,Romania,country,boundary_index_only,boundary_only,false,"Boundary is indexed but minimum canonical profile input gate has not been satisfied. Candidate expansion remains blocked because source snapshots not captured; licenses not fully verified; numeric values not fetched or QAed.","identity|geometry|population_denominator|land_area_context|core_socioeconomic_proxy|candidate_source_snapshot|candidate_license_review|candidate_numeric_value_QA",not_promoted,false,"PainMap hidden coverage artifacts not fetched|source snapshots not captured|licenses not fully verified|numeric values not fetched/QAed","Run Codex release compiler task to fetch source snapshots, fill values, validate licenses, and update coverage summary.",2026-05-31
RUS,RUS,Russia,country,boundary_index_only,boundary_only,false,"Boundary is indexed but minimum canonical profile input gate has not been satisfied. Candidate expansion remains blocked because source snapshots not captured; licenses not fully verified; numeric values not fetched or QAed.","identity|geometry|population_denominator|land_area_context|core_socioeconomic_proxy|candidate_source_snapshot|candidate_license_review|candidate_numeric_value_QA",not_promoted,false,"PainMap hidden coverage artifacts not fetched|source snapshots not captured|licenses not fully verified|numeric values not fetched/QAed","Run Codex release compiler task to fetch source snapshots, fill values, validate licenses, and update coverage summary.",2026-05-31
RWA,RWA,Rwanda,country,boundary_index_only,boundary_only,false,"Boundary is indexed but minimum canonical profile input gate has not been satisfied. Candidate expansion remains blocked because source snapshots not captured; licenses not fully verified; numeric values not fetched or QAed.","identity|geometry|population_denominator|land_area_context|core_socioeconomic_proxy|candidate_source_snapshot|candidate_license_review|candidate_numeric_value_QA",not_promoted,false,"PainMap hidden coverage artifacts not fetched|source snapshots not captured|licenses not fully verified|numeric values not fetched/QAed","Run Codex release compiler task to fetch source snapshots, fill values, validate licenses, and update coverage summary.",2026-05-31
BLM,BLM,Saint Barthélemy,country,boundary_index_only,boundary_only,false,"Boundary is indexed but minimum canonical profile input gate has not been satisfied. Candidate expansion remains blocked because source snapshots not captured; licenses not fully verified; numeric values not fetched or QAed.","identity|geometry|population_denominator|land_area_context|core_socioeconomic_proxy|candidate_source_snapshot|candidate_license_review|candidate_numeric_value_QA",not_promoted,false,"PainMap hidden coverage artifacts not fetched|source snapshots not captured|licenses not fully verified|numeric values not fetched/QAed","Run Codex release compiler task to fetch source snapshots, fill values, validate licenses, and update coverage summary.",2026-05-31
SHN,SHN,Saint Helena,country,boundary_index_only,boundary_only,false,"Boundary is indexed but minimum canonical profile input gate has not been satisfied. Candidate expansion remains blocked because source snapshots not captured; licenses not fully verified; numeric values not fetched or QAed.","identity|geometry|population_denominator|land_area_context|core_socioeconomic_proxy|candidate_source_snapshot|candidate_license_review|candidate_numeric_value_QA",not_promoted,false,"PainMap hidden coverage artifacts not fetched|source snapshots not captured|licenses not fully verified|numeric values not fetched/QAed","Run Codex release compiler task to fetch source snapshots, fill values, validate licenses, and update coverage summary.",2026-05-31
KNA,KNA,Saint Kitts and Nevis,country,boundary_index_only,boundary_only,false,"Boundary is indexed but minimum canonical profile input gate has not been satisfied. Candidate expansion remains blocked because source snapshots not captured; licenses not fully verified; numeric values not fetched or QAed.","identity|geometry|population_denominator|land_area_context|core_socioeconomic_proxy|candidate_source_snapshot|candidate_license_review|candidate_numeric_value_QA",not_promoted,false,"PainMap hidden coverage artifacts not fetched|source snapshots not captured|licenses not fully verified|numeric values not fetched/QAed","Run Codex release compiler task to fetch source snapshots, fill values, validate licenses, and update coverage summary.",2026-05-31
LCA,LCA,Saint Lucia,country,boundary_index_only,boundary_only,false,"Boundary is indexed but minimum canonical profile input gate has not been satisfied. Candidate expansion remains blocked because source snapshots not captured; licenses not fully verified; numeric values not fetched or QAed.","identity|geometry|population_denominator|land_area_context|core_socioeconomic_proxy|candidate_source_snapshot|candidate_license_review|candidate_numeric_value_QA",not_promoted,false,"PainMap hidden coverage artifacts not fetched|source snapshots not captured|licenses not fully verified|numeric values not fetched/QAed","Run Codex release compiler task to fetch source snapshots, fill values, validate licenses, and update coverage summary.",2026-05-31
MAF,MAF,Saint Martin,country,boundary_index_only,boundary_only,false,"Boundary is indexed but minimum canonical profile input gate has not been satisfied. Candidate expansion remains blocked because source snapshots not captured; licenses not fully verified; numeric values not fetched or QAed.","identity|geometry|population_denominator|land_area_context|core_socioeconomic_proxy|candidate_source_snapshot|candidate_license_review|candidate_numeric_value_QA",not_promoted,false,"PainMap hidden coverage artifacts not fetched|source snapshots not captured|licenses not fully verified|numeric values not fetched/QAed","Run Codex release compiler task to fetch source snapshots, fill values, validate licenses, and update coverage summary.",2026-05-31
SPM,SPM,Saint Pierre and Miquelon,country,boundary_index_only,boundary_only,false,"Boundary is indexed but minimum canonical profile input gate has not been satisfied. Candidate expansion remains blocked because source snapshots not captured; licenses not fully verified; numeric values not fetched or QAed.","identity|geometry|population_denominator|land_area_context|core_socioeconomic_proxy|candidate_source_snapshot|candidate_license_review|candidate_numeric_value_QA",not_promoted,false,"PainMap hidden coverage artifacts not fetched|source snapshots not captured|licenses not fully verified|numeric values not fetched/QAed","Run Codex release compiler task to fetch source snapshots, fill values, validate licenses, and update coverage summary.",2026-05-31
VCT,VCT,Saint Vincent and the Grenadines,country,boundary_index_only,boundary_only,false,"Boundary is indexed but minimum canonical profile input gate has not been satisfied. Candidate expansion remains blocked because source snapshots not captured; licenses not fully verified; numeric values not fetched or QAed.","identity|geometry|population_denominator|land_area_context|core_socioeconomic_proxy|candidate_source_snapshot|candidate_license_review|candidate_numeric_value_QA",not_promoted,false,"PainMap hidden coverage artifacts not fetched|source snapshots not captured|licenses not fully verified|numeric values not fetched/QAed","Run Codex release compiler task to fetch source snapshots, fill values, validate licenses, and update coverage summary.",2026-05-31
WSM,WSM,Samoa,country,boundary_index_only,boundary_only,false,"Boundary is indexed but minimum canonical profile input gate has not been satisfied. Candidate expansion remains blocked because source snapshots not captured; licenses not fully verified; numeric values not fetched or QAed.","identity|geometry|population_denominator|land_area_context|core_socioeconomic_proxy|candidate_source_snapshot|candidate_license_review|candidate_numeric_value_QA",not_promoted,false,"PainMap hidden coverage artifacts not fetched|source snapshots not captured|licenses not fully verified|numeric values not fetched/QAed","Run Codex release compiler task to fetch source snapshots, fill values, validate licenses, and update coverage summary.",2026-05-31
SMR,SMR,San Marino,country,boundary_index_only,boundary_only,false,"Boundary is indexed but minimum canonical profile input gate has not been satisfied. Candidate expansion remains blocked because source snapshots not captured; licenses not fully verified; numeric values not fetched or QAed.","identity|geometry|population_denominator|land_area_context|core_socioeconomic_proxy|candidate_source_snapshot|candidate_license_review|candidate_numeric_value_QA",not_promoted,false,"PainMap hidden coverage artifacts not fetched|source snapshots not captured|licenses not fully verified|numeric values not fetched/QAed","Run Codex release compiler task to fetch source snapshots, fill values, validate licenses, and update coverage summary.",2026-05-31
STP,STP,São Tomé and Príncipe,country,boundary_index_only,boundary_only,false,"Boundary is indexed but minimum canonical profile input gate has not been satisfied. Candidate expansion remains blocked because source snapshots not captured; licenses not fully verified; numeric values not fetched or QAed.","identity|geometry|population_denominator|land_area_context|core_socioeconomic_proxy|candidate_source_snapshot|candidate_license_review|candidate_numeric_value_QA",not_promoted,false,"PainMap hidden coverage artifacts not fetched|source snapshots not captured|licenses not fully verified|numeric values not fetched/QAed","Run Codex release compiler task to fetch source snapshots, fill values, validate licenses, and update coverage summary.",2026-05-31
SAU,SAU,Saudi Arabia,country,boundary_index_only,boundary_only,false,"Boundary is indexed but minimum canonical profile input gate has not been satisfied. Candidate expansion remains blocked because source snapshots not captured; licenses not fully verified; numeric values not fetched or QAed.","identity|geometry|population_denominator|land_area_context|core_socioeconomic_proxy|candidate_source_snapshot|candidate_license_review|candidate_numeric_value_QA",not_promoted,false,"PainMap hidden coverage artifacts not fetched|source snapshots not captured|licenses not fully verified|numeric values not fetched/QAed","Run Codex release compiler task to fetch source snapshots, fill values, validate licenses, and update coverage summary.",2026-05-31
SEN,SEN,Senegal,country,boundary_index_only,boundary_only,false,"Boundary is indexed but minimum canonical profile input gate has not been satisfied. Candidate expansion remains blocked because source snapshots not captured; licenses not fully verified; numeric values not fetched or QAed.","identity|geometry|population_denominator|land_area_context|core_socioeconomic_proxy|candidate_source_snapshot|candidate_license_review|candidate_numeric_value_QA",not_promoted,false,"PainMap hidden coverage artifacts not fetched|source snapshots not captured|licenses not fully verified|numeric values not fetched/QAed","Run Codex release compiler task to fetch source snapshots, fill values, validate licenses, and update coverage summary.",2026-05-31
SRB,SRB,Serbia,country,boundary_index_only,boundary_only,false,"Boundary is indexed but minimum canonical profile input gate has not been satisfied. Candidate expansion remains blocked because source snapshots not captured; licenses not fully verified; numeric values not fetched or QAed.","identity|geometry|population_denominator|land_area_context|core_socioeconomic_proxy|candidate_source_snapshot|candidate_license_review|candidate_numeric_value_QA",not_promoted,false,"PainMap hidden coverage artifacts not fetched|source snapshots not captured|licenses not fully verified|numeric values not fetched/QAed","Run Codex release compiler task to fetch source snapshots, fill values, validate licenses, and update coverage summary.",2026-05-31
SYC,SYC,Seychelles,country,boundary_index_only,boundary_only,false,"Boundary is indexed but minimum canonical profile input gate has not been satisfied. Candidate expansion remains blocked because source snapshots not captured; licenses not fully verified; numeric values not fetched or QAed.","identity|geometry|population_denominator|land_area_context|core_socioeconomic_proxy|candidate_source_snapshot|candidate_license_review|candidate_numeric_value_QA",not_promoted,false,"PainMap hidden coverage artifacts not fetched|source snapshots not captured|licenses not fully verified|numeric values not fetched/QAed","Run Codex release compiler task to fetch source snapshots, fill values, validate licenses, and update coverage summary.",2026-05-31
KAS,KAS,Siachen Glacier,country,boundary_index_only,boundary_only,false,"Boundary is indexed but minimum canonical profile input gate has not been satisfied. Candidate expansion package did not include this PainMap country identifier.","identity|geometry|population_denominator|land_area_context|core_socioeconomic_proxy|candidate_place_registry_mapping",not_in_candidate_package,false,"Candidate package has no row for this PainMap place ISO3","Review candidate country universe mapping before any promotion.",2026-05-31
SLE,SLE,Sierra Leone,country,boundary_index_only,boundary_only,false,"Boundary is indexed but minimum canonical profile input gate has not been satisfied. Candidate expansion remains blocked because source snapshots not captured; licenses not fully verified; numeric values not fetched or QAed.","identity|geometry|population_denominator|land_area_context|core_socioeconomic_proxy|candidate_source_snapshot|candidate_license_review|candidate_numeric_value_QA",not_promoted,false,"PainMap hidden coverage artifacts not fetched|source snapshots not captured|licenses not fully verified|numeric values not fetched/QAed","Run Codex release compiler task to fetch source snapshots, fill values, validate licenses, and update coverage summary.",2026-05-31
SGP,SGP,Singapore,country,boundary_index_only,boundary_only,false,"Boundary is indexed but minimum canonical profile input gate has not been satisfied. Candidate expansion remains blocked because source snapshots not captured; licenses not fully verified; numeric values not fetched or QAed.","identity|geometry|population_denominator|land_area_context|core_socioeconomic_proxy|candidate_source_snapshot|candidate_license_review|candidate_numeric_value_QA",not_promoted,false,"PainMap hidden coverage artifacts not fetched|source snapshots not captured|licenses not fully verified|numeric values not fetched/QAed","Run Codex release compiler task to fetch source snapshots, fill values, validate licenses, and update coverage summary.",2026-05-31
SXM,SXM,Sint Maarten,country,boundary_index_only,boundary_only,false,"Boundary is indexed but minimum canonical profile input gate has not been satisfied. Candidate expansion remains blocked because source snapshots not captured; licenses not fully verified; numeric values not fetched or QAed.","identity|geometry|population_denominator|land_area_context|core_socioeconomic_proxy|candidate_source_snapshot|candidate_license_review|candidate_numeric_value_QA",not_promoted,false,"PainMap hidden coverage artifacts not fetched|source snapshots not captured|licenses not fully verified|numeric values not fetched/QAed","Run Codex release compiler task to fetch source snapshots, fill values, validate licenses, and update coverage summary.",2026-05-31
SVK,SVK,Slovakia,country,boundary_index_only,boundary_only,false,"Boundary is indexed but minimum canonical profile input gate has not been satisfied. Candidate expansion remains blocked because source snapshots not captured; licenses not fully verified; numeric values not fetched or QAed.","identity|geometry|population_denominator|land_area_context|core_socioeconomic_proxy|candidate_source_snapshot|candidate_license_review|candidate_numeric_value_QA",not_promoted,false,"PainMap hidden coverage artifacts not fetched|source snapshots not captured|licenses not fully verified|numeric values not fetched/QAed","Run Codex release compiler task to fetch source snapshots, fill values, validate licenses, and update coverage summary.",2026-05-31
SVN,SVN,Slovenia,country,boundary_index_only,boundary_only,false,"Boundary is indexed but minimum canonical profile input gate has not been satisfied. Candidate expansion remains blocked because source snapshots not captured; licenses not fully verified; numeric values not fetched or QAed.","identity|geometry|population_denominator|land_area_context|core_socioeconomic_proxy|candidate_source_snapshot|candidate_license_review|candidate_numeric_value_QA",not_promoted,false,"PainMap hidden coverage artifacts not fetched|source snapshots not captured|licenses not fully verified|numeric values not fetched/QAed","Run Codex release compiler task to fetch source snapshots, fill values, validate licenses, and update coverage summary.",2026-05-31
SLB,SLB,Solomon Islands,country,boundary_index_only,boundary_only,false,"Boundary is indexed but minimum canonical profile input gate has not been satisfied. Candidate expansion remains blocked because source snapshots not captured; licenses not fully verified; numeric values not fetched or QAed.","identity|geometry|population_denominator|land_area_context|core_socioeconomic_proxy|candidate_source_snapshot|candidate_license_review|candidate_numeric_value_QA",not_promoted,false,"PainMap hidden coverage artifacts not fetched|source snapshots not captured|licenses not fully verified|numeric values not fetched/QAed","Run Codex release compiler task to fetch source snapshots, fill values, validate licenses, and update coverage summary.",2026-05-31
SOM,SOM,Somalia,country,boundary_index_only,boundary_only,false,"Boundary is indexed but minimum canonical profile input gate has not been satisfied. Candidate expansion remains blocked because source snapshots not captured; licenses not fully verified; numeric values not fetched or QAed.","identity|geometry|population_denominator|land_area_context|core_socioeconomic_proxy|candidate_source_snapshot|candidate_license_review|candidate_numeric_value_QA",not_promoted,false,"PainMap hidden coverage artifacts not fetched|source snapshots not captured|licenses not fully verified|numeric values not fetched/QAed","Run Codex release compiler task to fetch source snapshots, fill values, validate licenses, and update coverage summary.",2026-05-31
SOL,SOL,Somaliland,country,boundary_index_only,boundary_only,false,"Boundary is indexed but minimum canonical profile input gate has not been satisfied. Candidate expansion package did not include this PainMap country identifier.","identity|geometry|population_denominator|land_area_context|core_socioeconomic_proxy|candidate_place_registry_mapping",not_in_candidate_package,false,"Candidate package has no row for this PainMap place ISO3","Review candidate country universe mapping before any promotion.",2026-05-31
ZAF,ZAF,South Africa,country,boundary_index_only,boundary_only,false,"Boundary is indexed but minimum canonical profile input gate has not been satisfied. Candidate expansion remains blocked because source snapshots not captured; licenses not fully verified; numeric values not fetched or QAed.","identity|geometry|population_denominator|land_area_context|core_socioeconomic_proxy|candidate_source_snapshot|candidate_license_review|candidate_numeric_value_QA",not_promoted,false,"PainMap hidden coverage artifacts not fetched|source snapshots not captured|licenses not fully verified|numeric values not fetched/QAed","Run Codex release compiler task to fetch source snapshots, fill values, validate licenses, and update coverage summary.",2026-05-31
SGS,SGS,South Georgia and the South Sandwich Islands,country,boundary_index_only,boundary_only,false,"Boundary is indexed but minimum canonical profile input gate has not been satisfied. Candidate expansion remains blocked because source snapshots not captured; licenses not fully verified; numeric values not fetched or QAed.","identity|geometry|population_denominator|land_area_context|core_socioeconomic_proxy|candidate_source_snapshot|candidate_license_review|candidate_numeric_value_QA",not_promoted,false,"PainMap hidden coverage artifacts not fetched|source snapshots not captured|licenses not fully verified|numeric values not fetched/QAed","Run Codex release compiler task to fetch source snapshots, fill values, validate licenses, and update coverage summary.",2026-05-31
KOR,KOR,South Korea,country,boundary_index_only,boundary_only,false,"Boundary is indexed but minimum canonical profile input gate has not been satisfied. Candidate expansion remains blocked because source snapshots not captured; licenses not fully verified; numeric values not fetched or QAed.","identity|geometry|population_denominator|land_area_context|core_socioeconomic_proxy|candidate_source_snapshot|candidate_license_review|candidate_numeric_value_QA",not_promoted,false,"PainMap hidden coverage artifacts not fetched|source snapshots not captured|licenses not fully verified|numeric values not fetched/QAed","Run Codex release compiler task to fetch source snapshots, fill values, validate licenses, and update coverage summary.",2026-05-31
SSD,SSD,South Sudan,country,boundary_index_only,boundary_only,false,"Boundary is indexed but minimum canonical profile input gate has not been satisfied. Candidate expansion remains blocked because source snapshots not captured; licenses not fully verified; numeric values not fetched or QAed.","identity|geometry|population_denominator|land_area_context|core_socioeconomic_proxy|candidate_source_snapshot|candidate_license_review|candidate_numeric_value_QA",not_promoted,false,"PainMap hidden coverage artifacts not fetched|source snapshots not captured|licenses not fully verified|numeric values not fetched/QAed","Run Codex release compiler task to fetch source snapshots, fill values, validate licenses, and update coverage summary.",2026-05-31
ESP,ESP,Spain,country,boundary_index_only,boundary_only,false,"Boundary is indexed but minimum canonical profile input gate has not been satisfied. Candidate expansion remains blocked because source snapshots not captured; licenses not fully verified; numeric values not fetched or QAed.","identity|geometry|population_denominator|land_area_context|core_socioeconomic_proxy|candidate_source_snapshot|candidate_license_review|candidate_numeric_value_QA",not_promoted,false,"PainMap hidden coverage artifacts not fetched|source snapshots not captured|licenses not fully verified|numeric values not fetched/QAed","Run Codex release compiler task to fetch source snapshots, fill values, validate licenses, and update coverage summary.",2026-05-31
LKA,LKA,Sri Lanka,country,boundary_index_only,boundary_only,false,"Boundary is indexed but minimum canonical profile input gate has not been satisfied. Candidate expansion remains blocked because source snapshots not captured; licenses not fully verified; numeric values not fetched or QAed.","identity|geometry|population_denominator|land_area_context|core_socioeconomic_proxy|candidate_source_snapshot|candidate_license_review|candidate_numeric_value_QA",not_promoted,false,"PainMap hidden coverage artifacts not fetched|source snapshots not captured|licenses not fully verified|numeric values not fetched/QAed","Run Codex release compiler task to fetch source snapshots, fill values, validate licenses, and update coverage summary.",2026-05-31
SDN,SDN,Sudan,country,boundary_index_only,boundary_only,false,"Boundary is indexed but minimum canonical profile input gate has not been satisfied. Candidate expansion remains blocked because source snapshots not captured; licenses not fully verified; numeric values not fetched or QAed.","identity|geometry|population_denominator|land_area_context|core_socioeconomic_proxy|candidate_source_snapshot|candidate_license_review|candidate_numeric_value_QA",not_promoted,false,"PainMap hidden coverage artifacts not fetched|source snapshots not captured|licenses not fully verified|numeric values not fetched/QAed","Run Codex release compiler task to fetch source snapshots, fill values, validate licenses, and update coverage summary.",2026-05-31
SUR,SUR,Suriname,country,boundary_index_only,boundary_only,false,"Boundary is indexed but minimum canonical profile input gate has not been satisfied. Candidate expansion remains blocked because source snapshots not captured; licenses not fully verified; numeric values not fetched or QAed.","identity|geometry|population_denominator|land_area_context|core_socioeconomic_proxy|candidate_source_snapshot|candidate_license_review|candidate_numeric_value_QA",not_promoted,false,"PainMap hidden coverage artifacts not fetched|source snapshots not captured|licenses not fully verified|numeric values not fetched/QAed","Run Codex release compiler task to fetch source snapshots, fill values, validate licenses, and update coverage summary.",2026-05-31
SWE,SWE,Sweden,country,boundary_index_only,boundary_only,false,"Boundary is indexed but minimum canonical profile input gate has not been satisfied. Candidate expansion remains blocked because source snapshots not captured; licenses not fully verified; numeric values not fetched or QAed.","identity|geometry|population_denominator|land_area_context|core_socioeconomic_proxy|candidate_source_snapshot|candidate_license_review|candidate_numeric_value_QA",not_promoted,false,"PainMap hidden coverage artifacts not fetched|source snapshots not captured|licenses not fully verified|numeric values not fetched/QAed","Run Codex release compiler task to fetch source snapshots, fill values, validate licenses, and update coverage summary.",2026-05-31
CHE,CHE,Switzerland,country,boundary_index_only,boundary_only,false,"Boundary is indexed but minimum canonical profile input gate has not been satisfied. Candidate expansion remains blocked because source snapshots not captured; licenses not fully verified; numeric values not fetched or QAed.","identity|geometry|population_denominator|land_area_context|core_socioeconomic_proxy|candidate_source_snapshot|candidate_license_review|candidate_numeric_value_QA",not_promoted,false,"PainMap hidden coverage artifacts not fetched|source snapshots not captured|licenses not fully verified|numeric values not fetched/QAed","Run Codex release compiler task to fetch source snapshots, fill values, validate licenses, and update coverage summary.",2026-05-31
SYR,SYR,Syria,country,boundary_index_only,boundary_only,false,"Boundary is indexed but minimum canonical profile input gate has not been satisfied. Candidate expansion remains blocked because source snapshots not captured; licenses not fully verified; numeric values not fetched or QAed.","identity|geometry|population_denominator|land_area_context|core_socioeconomic_proxy|candidate_source_snapshot|candidate_license_review|candidate_numeric_value_QA",not_promoted,false,"PainMap hidden coverage artifacts not fetched|source snapshots not captured|licenses not fully verified|numeric values not fetched/QAed","Run Codex release compiler task to fetch source snapshots, fill values, validate licenses, and update coverage summary.",2026-05-31
TWN,TWN,Taiwan,country,boundary_index_only,boundary_only,false,"Boundary is indexed but minimum canonical profile input gate has not been satisfied. Candidate expansion remains blocked because source snapshots not captured; licenses not fully verified; numeric values not fetched or QAed.","identity|geometry|population_denominator|land_area_context|core_socioeconomic_proxy|candidate_source_snapshot|candidate_license_review|candidate_numeric_value_QA",not_promoted,false,"PainMap hidden coverage artifacts not fetched|source snapshots not captured|licenses not fully verified|numeric values not fetched/QAed","Run Codex release compiler task to fetch source snapshots, fill values, validate licenses, and update coverage summary.",2026-05-31
TJK,TJK,Tajikistan,country,boundary_index_only,boundary_only,false,"Boundary is indexed but minimum canonical profile input gate has not been satisfied. Candidate expansion remains blocked because source snapshots not captured; licenses not fully verified; numeric values not fetched or QAed.","identity|geometry|population_denominator|land_area_context|core_socioeconomic_proxy|candidate_source_snapshot|candidate_license_review|candidate_numeric_value_QA",not_promoted,false,"PainMap hidden coverage artifacts not fetched|source snapshots not captured|licenses not fully verified|numeric values not fetched/QAed","Run Codex release compiler task to fetch source snapshots, fill values, validate licenses, and update coverage summary.",2026-05-31
TZA,TZA,Tanzania,country,boundary_index_only,boundary_only,false,"Boundary is indexed but minimum canonical profile input gate has not been satisfied. Candidate expansion remains blocked because source snapshots not captured; licenses not fully verified; numeric values not fetched or QAed.","identity|geometry|population_denominator|land_area_context|core_socioeconomic_proxy|candidate_source_snapshot|candidate_license_review|candidate_numeric_value_QA",not_promoted,false,"PainMap hidden coverage artifacts not fetched|source snapshots not captured|licenses not fully verified|numeric values not fetched/QAed","Run Codex release compiler task to fetch source snapshots, fill values, validate licenses, and update coverage summary.",2026-05-31
THA,THA,Thailand,country,boundary_index_only,boundary_only,false,"Boundary is indexed but minimum canonical profile input gate has not been satisfied. Candidate expansion remains blocked because source snapshots not captured; licenses not fully verified; numeric values not fetched or QAed.","identity|geometry|population_denominator|land_area_context|core_socioeconomic_proxy|candidate_source_snapshot|candidate_license_review|candidate_numeric_value_QA",not_promoted,false,"PainMap hidden coverage artifacts not fetched|source snapshots not captured|licenses not fully verified|numeric values not fetched/QAed","Run Codex release compiler task to fetch source snapshots, fill values, validate licenses, and update coverage summary.",2026-05-31
BHS,BHS,The Bahamas,country,boundary_index_only,boundary_only,false,"Boundary is indexed but minimum canonical profile input gate has not been satisfied. Candidate expansion remains blocked because source snapshots not captured; licenses not fully verified; numeric values not fetched or QAed.","identity|geometry|population_denominator|land_area_context|core_socioeconomic_proxy|candidate_source_snapshot|candidate_license_review|candidate_numeric_value_QA",not_promoted,false,"PainMap hidden coverage artifacts not fetched|source snapshots not captured|licenses not fully verified|numeric values not fetched/QAed","Run Codex release compiler task to fetch source snapshots, fill values, validate licenses, and update coverage summary.",2026-05-31
GMB,GMB,The Gambia,country,boundary_index_only,boundary_only,false,"Boundary is indexed but minimum canonical profile input gate has not been satisfied. Candidate expansion remains blocked because source snapshots not captured; licenses not fully verified; numeric values not fetched or QAed.","identity|geometry|population_denominator|land_area_context|core_socioeconomic_proxy|candidate_source_snapshot|candidate_license_review|candidate_numeric_value_QA",not_promoted,false,"PainMap hidden coverage artifacts not fetched|source snapshots not captured|licenses not fully verified|numeric values not fetched/QAed","Run Codex release compiler task to fetch source snapshots, fill values, validate licenses, and update coverage summary.",2026-05-31
TGO,TGO,Togo,country,boundary_index_only,boundary_only,false,"Boundary is indexed but minimum canonical profile input gate has not been satisfied. Candidate expansion remains blocked because source snapshots not captured; licenses not fully verified; numeric values not fetched or QAed.","identity|geometry|population_denominator|land_area_context|core_socioeconomic_proxy|candidate_source_snapshot|candidate_license_review|candidate_numeric_value_QA",not_promoted,false,"PainMap hidden coverage artifacts not fetched|source snapshots not captured|licenses not fully verified|numeric values not fetched/QAed","Run Codex release compiler task to fetch source snapshots, fill values, validate licenses, and update coverage summary.",2026-05-31
TON,TON,Tonga,country,boundary_index_only,boundary_only,false,"Boundary is indexed but minimum canonical profile input gate has not been satisfied. Candidate expansion remains blocked because source snapshots not captured; licenses not fully verified; numeric values not fetched or QAed.","identity|geometry|population_denominator|land_area_context|core_socioeconomic_proxy|candidate_source_snapshot|candidate_license_review|candidate_numeric_value_QA",not_promoted,false,"PainMap hidden coverage artifacts not fetched|source snapshots not captured|licenses not fully verified|numeric values not fetched/QAed","Run Codex release compiler task to fetch source snapshots, fill values, validate licenses, and update coverage summary.",2026-05-31
TTO,TTO,Trinidad and Tobago,country,boundary_index_only,boundary_only,false,"Boundary is indexed but minimum canonical profile input gate has not been satisfied. Candidate expansion remains blocked because source snapshots not captured; licenses not fully verified; numeric values not fetched or QAed.","identity|geometry|population_denominator|land_area_context|core_socioeconomic_proxy|candidate_source_snapshot|candidate_license_review|candidate_numeric_value_QA",not_promoted,false,"PainMap hidden coverage artifacts not fetched|source snapshots not captured|licenses not fully verified|numeric values not fetched/QAed","Run Codex release compiler task to fetch source snapshots, fill values, validate licenses, and update coverage summary.",2026-05-31
TUN,TUN,Tunisia,country,boundary_index_only,boundary_only,false,"Boundary is indexed but minimum canonical profile input gate has not been satisfied. Candidate expansion remains blocked because source snapshots not captured; licenses not fully verified; numeric values not fetched or QAed.","identity|geometry|population_denominator|land_area_context|core_socioeconomic_proxy|candidate_source_snapshot|candidate_license_review|candidate_numeric_value_QA",not_promoted,false,"PainMap hidden coverage artifacts not fetched|source snapshots not captured|licenses not fully verified|numeric values not fetched/QAed","Run Codex release compiler task to fetch source snapshots, fill values, validate licenses, and update coverage summary.",2026-05-31
TUR,TUR,Turkey,country,boundary_index_only,boundary_only,false,"Boundary is indexed but minimum canonical profile input gate has not been satisfied. Candidate expansion remains blocked because source snapshots not captured; licenses not fully verified; numeric values not fetched or QAed.","identity|geometry|population_denominator|land_area_context|core_socioeconomic_proxy|candidate_source_snapshot|candidate_license_review|candidate_numeric_value_QA",not_promoted,false,"PainMap hidden coverage artifacts not fetched|source snapshots not captured|licenses not fully verified|numeric values not fetched/QAed","Run Codex release compiler task to fetch source snapshots, fill values, validate licenses, and update coverage summary.",2026-05-31
CYN,CYN,Turkish Republic of Northern Cyprus,country,boundary_index_only,boundary_only,false,"Boundary is indexed but minimum canonical profile input gate has not been satisfied. Candidate expansion package did not include this PainMap country identifier.","identity|geometry|population_denominator|land_area_context|core_socioeconomic_proxy|candidate_place_registry_mapping",not_in_candidate_package,false,"Candidate package has no row for this PainMap place ISO3","Review candidate country universe mapping before any promotion.",2026-05-31
TKM,TKM,Turkmenistan,country,boundary_index_only,boundary_only,false,"Boundary is indexed but minimum canonical profile input gate has not been satisfied. Candidate expansion remains blocked because source snapshots not captured; licenses not fully verified; numeric values not fetched or QAed.","identity|geometry|population_denominator|land_area_context|core_socioeconomic_proxy|candidate_source_snapshot|candidate_license_review|candidate_numeric_value_QA",not_promoted,false,"PainMap hidden coverage artifacts not fetched|source snapshots not captured|licenses not fully verified|numeric values not fetched/QAed","Run Codex release compiler task to fetch source snapshots, fill values, validate licenses, and update coverage summary.",2026-05-31
TCA,TCA,Turks and Caicos Islands,country,boundary_index_only,boundary_only,false,"Boundary is indexed but minimum canonical profile input gate has not been satisfied. Candidate expansion remains blocked because source snapshots not captured; licenses not fully verified; numeric values not fetched or QAed.","identity|geometry|population_denominator|land_area_context|core_socioeconomic_proxy|candidate_source_snapshot|candidate_license_review|candidate_numeric_value_QA",not_promoted,false,"PainMap hidden coverage artifacts not fetched|source snapshots not captured|licenses not fully verified|numeric values not fetched/QAed","Run Codex release compiler task to fetch source snapshots, fill values, validate licenses, and update coverage summary.",2026-05-31
TUV,TUV,Tuvalu,country,boundary_index_only,boundary_only,false,"Boundary is indexed but minimum canonical profile input gate has not been satisfied. Candidate expansion remains blocked because source snapshots not captured; licenses not fully verified; numeric values not fetched or QAed.","identity|geometry|population_denominator|land_area_context|core_socioeconomic_proxy|candidate_source_snapshot|candidate_license_review|candidate_numeric_value_QA",not_promoted,false,"PainMap hidden coverage artifacts not fetched|source snapshots not captured|licenses not fully verified|numeric values not fetched/QAed","Run Codex release compiler task to fetch source snapshots, fill values, validate licenses, and update coverage summary.",2026-05-31
UGA,UGA,Uganda,country,boundary_index_only,boundary_only,false,"Boundary is indexed but minimum canonical profile input gate has not been satisfied. Candidate expansion remains blocked because source snapshots not captured; licenses not fully verified; numeric values not fetched or QAed.","identity|geometry|population_denominator|land_area_context|core_socioeconomic_proxy|candidate_source_snapshot|candidate_license_review|candidate_numeric_value_QA",not_promoted,false,"PainMap hidden coverage artifacts not fetched|source snapshots not captured|licenses not fully verified|numeric values not fetched/QAed","Run Codex release compiler task to fetch source snapshots, fill values, validate licenses, and update coverage summary.",2026-05-31
UKR,UKR,Ukraine,country,boundary_index_only,boundary_only,false,"Boundary is indexed but minimum canonical profile input gate has not been satisfied. Candidate expansion remains blocked because source snapshots not captured; licenses not fully verified; numeric values not fetched or QAed.","identity|geometry|population_denominator|land_area_context|core_socioeconomic_proxy|candidate_source_snapshot|candidate_license_review|candidate_numeric_value_QA",not_promoted,false,"PainMap hidden coverage artifacts not fetched|source snapshots not captured|licenses not fully verified|numeric values not fetched/QAed","Run Codex release compiler task to fetch source snapshots, fill values, validate licenses, and update coverage summary.",2026-05-31
ARE,ARE,United Arab Emirates,country,boundary_index_only,boundary_only,false,"Boundary is indexed but minimum canonical profile input gate has not been satisfied. Candidate expansion remains blocked because source snapshots not captured; licenses not fully verified; numeric values not fetched or QAed.","identity|geometry|population_denominator|land_area_context|core_socioeconomic_proxy|candidate_source_snapshot|candidate_license_review|candidate_numeric_value_QA",not_promoted,false,"PainMap hidden coverage artifacts not fetched|source snapshots not captured|licenses not fully verified|numeric values not fetched/QAed","Run Codex release compiler task to fetch source snapshots, fill values, validate licenses, and update coverage summary.",2026-05-31
GBR,GBR,United Kingdom,country,boundary_index_only,boundary_only,false,"Boundary is indexed but minimum canonical profile input gate has not been satisfied. Candidate expansion remains blocked because source snapshots not captured; licenses not fully verified; numeric values not fetched or QAed.","identity|geometry|population_denominator|land_area_context|core_socioeconomic_proxy|candidate_source_snapshot|candidate_license_review|candidate_numeric_value_QA",not_promoted,false,"PainMap hidden coverage artifacts not fetched|source snapshots not captured|licenses not fully verified|numeric values not fetched/QAed","Run Codex release compiler task to fetch source snapshots, fill values, validate licenses, and update coverage summary.",2026-05-31
USA,USA,United States of America,country,boundary_index_only,boundary_only,false,"Boundary is indexed but minimum canonical profile input gate has not been satisfied. Candidate expansion remains blocked because source snapshots not captured; licenses not fully verified; numeric values not fetched or QAed.","identity|geometry|population_denominator|land_area_context|core_socioeconomic_proxy|candidate_source_snapshot|candidate_license_review|candidate_numeric_value_QA",not_promoted,false,"PainMap hidden coverage artifacts not fetched|source snapshots not captured|licenses not fully verified|numeric values not fetched/QAed","Run Codex release compiler task to fetch source snapshots, fill values, validate licenses, and update coverage summary.",2026-05-31
VIR,VIR,United States Virgin Islands,country,boundary_index_only,boundary_only,false,"Boundary is indexed but minimum canonical profile input gate has not been satisfied. Candidate expansion remains blocked because source snapshots not captured; licenses not fully verified; numeric values not fetched or QAed.","identity|geometry|population_denominator|land_area_context|core_socioeconomic_proxy|candidate_source_snapshot|candidate_license_review|candidate_numeric_value_QA",not_promoted,false,"PainMap hidden coverage artifacts not fetched|source snapshots not captured|licenses not fully verified|numeric values not fetched/QAed","Run Codex release compiler task to fetch source snapshots, fill values, validate licenses, and update coverage summary.",2026-05-31
URY,URY,Uruguay,country,boundary_index_only,boundary_only,false,"Boundary is indexed but minimum canonical profile input gate has not been satisfied. Candidate expansion remains blocked because source snapshots not captured; licenses not fully verified; numeric values not fetched or QAed.","identity|geometry|population_denominator|land_area_context|core_socioeconomic_proxy|candidate_source_snapshot|candidate_license_review|candidate_numeric_value_QA",not_promoted,false,"PainMap hidden coverage artifacts not fetched|source snapshots not captured|licenses not fully verified|numeric values not fetched/QAed","Run Codex release compiler task to fetch source snapshots, fill values, validate licenses, and update coverage summary.",2026-05-31
UZB,UZB,Uzbekistan,country,boundary_index_only,boundary_only,false,"Boundary is indexed but minimum canonical profile input gate has not been satisfied. Candidate expansion remains blocked because source snapshots not captured; licenses not fully verified; numeric values not fetched or QAed.","identity|geometry|population_denominator|land_area_context|core_socioeconomic_proxy|candidate_source_snapshot|candidate_license_review|candidate_numeric_value_QA",not_promoted,false,"PainMap hidden coverage artifacts not fetched|source snapshots not captured|licenses not fully verified|numeric values not fetched/QAed","Run Codex release compiler task to fetch source snapshots, fill values, validate licenses, and update coverage summary.",2026-05-31
VUT,VUT,Vanuatu,country,boundary_index_only,boundary_only,false,"Boundary is indexed but minimum canonical profile input gate has not been satisfied. Candidate expansion remains blocked because source snapshots not captured; licenses not fully verified; numeric values not fetched or QAed.","identity|geometry|population_denominator|land_area_context|core_socioeconomic_proxy|candidate_source_snapshot|candidate_license_review|candidate_numeric_value_QA",not_promoted,false,"PainMap hidden coverage artifacts not fetched|source snapshots not captured|licenses not fully verified|numeric values not fetched/QAed","Run Codex release compiler task to fetch source snapshots, fill values, validate licenses, and update coverage summary.",2026-05-31
VAT,VAT,Vatican City,country,boundary_index_only,boundary_only,false,"Boundary is indexed but minimum canonical profile input gate has not been satisfied. Candidate expansion remains blocked because source snapshots not captured; licenses not fully verified; numeric values not fetched or QAed.","identity|geometry|population_denominator|land_area_context|core_socioeconomic_proxy|candidate_source_snapshot|candidate_license_review|candidate_numeric_value_QA",not_promoted,false,"PainMap hidden coverage artifacts not fetched|source snapshots not captured|licenses not fully verified|numeric values not fetched/QAed","Run Codex release compiler task to fetch source snapshots, fill values, validate licenses, and update coverage summary.",2026-05-31
VEN,VEN,Venezuela,country,boundary_index_only,boundary_only,false,"Boundary is indexed but minimum canonical profile input gate has not been satisfied. Candidate expansion remains blocked because source snapshots not captured; licenses not fully verified; numeric values not fetched or QAed.","identity|geometry|population_denominator|land_area_context|core_socioeconomic_proxy|candidate_source_snapshot|candidate_license_review|candidate_numeric_value_QA",not_promoted,false,"PainMap hidden coverage artifacts not fetched|source snapshots not captured|licenses not fully verified|numeric values not fetched/QAed","Run Codex release compiler task to fetch source snapshots, fill values, validate licenses, and update coverage summary.",2026-05-31
VNM,VNM,Vietnam,country,boundary_index_only,boundary_only,false,"Boundary is indexed but minimum canonical profile input gate has not been satisfied. Candidate expansion remains blocked because source snapshots not captured; licenses not fully verified; numeric values not fetched or QAed.","identity|geometry|population_denominator|land_area_context|core_socioeconomic_proxy|candidate_source_snapshot|candidate_license_review|candidate_numeric_value_QA",not_promoted,false,"PainMap hidden coverage artifacts not fetched|source snapshots not captured|licenses not fully verified|numeric values not fetched/QAed","Run Codex release compiler task to fetch source snapshots, fill values, validate licenses, and update coverage summary.",2026-05-31
WLF,WLF,Wallis and Futuna,country,boundary_index_only,boundary_only,false,"Boundary is indexed but minimum canonical profile input gate has not been satisfied. Candidate expansion remains blocked because source snapshots not captured; licenses not fully verified; numeric values not fetched or QAed.","identity|geometry|population_denominator|land_area_context|core_socioeconomic_proxy|candidate_source_snapshot|candidate_license_review|candidate_numeric_value_QA",not_promoted,false,"PainMap hidden coverage artifacts not fetched|source snapshots not captured|licenses not fully verified|numeric values not fetched/QAed","Run Codex release compiler task to fetch source snapshots, fill values, validate licenses, and update coverage summary.",2026-05-31
ESH,ESH,Western Sahara,country,boundary_index_only,boundary_only,false,"Boundary is indexed but minimum canonical profile input gate has not been satisfied. Candidate expansion remains blocked because source snapshots not captured; licenses not fully verified; numeric values not fetched or QAed.","identity|geometry|population_denominator|land_area_context|core_socioeconomic_proxy|candidate_source_snapshot|candidate_license_review|candidate_numeric_value_QA",not_promoted,false,"PainMap hidden coverage artifacts not fetched|source snapshots not captured|licenses not fully verified|numeric values not fetched/QAed","Run Codex release compiler task to fetch source snapshots, fill values, validate licenses, and update coverage summary.",2026-05-31
YEM,YEM,Yemen,country,boundary_index_only,boundary_only,false,"Boundary is indexed but minimum canonical profile input gate has not been satisfied. Candidate expansion remains blocked because source snapshots not captured; licenses not fully verified; numeric values not fetched or QAed.","identity|geometry|population_denominator|land_area_context|core_socioeconomic_proxy|candidate_source_snapshot|candidate_license_review|candidate_numeric_value_QA",not_promoted,false,"PainMap hidden coverage artifacts not fetched|source snapshots not captured|licenses not fully verified|numeric values not fetched/QAed","Run Codex release compiler task to fetch source snapshots, fill values, validate licenses, and update coverage summary.",2026-05-31
ZMB,ZMB,Zambia,country,boundary_index_only,boundary_only,false,"Boundary is indexed but minimum canonical profile input gate has not been satisfied. Candidate expansion remains blocked because source snapshots not captured; licenses not fully verified; numeric values not fetched or QAed.","identity|geometry|population_denominator|land_area_context|core_socioeconomic_proxy|candidate_source_snapshot|candidate_license_review|candidate_numeric_value_QA",not_promoted,false,"PainMap hidden coverage artifacts not fetched|source snapshots not captured|licenses not fully verified|numeric values not fetched/QAed","Run Codex release compiler task to fetch source snapshots, fill values, validate licenses, and update coverage summary.",2026-05-31
ZWE,ZWE,Zimbabwe,country,boundary_index_only,boundary_only,false,"Boundary is indexed but minimum canonical profile input gate has not been satisfied. Candidate expansion remains blocked because source snapshots not captured; licenses not fully verified; numeric values not fetched or QAed.","identity|geometry|population_denominator|land_area_context|core_socioeconomic_proxy|candidate_source_snapshot|candidate_license_review|candidate_numeric_value_QA",not_promoted,false,"PainMap hidden coverage artifacts not fetched|source snapshots not captured|licenses not fully verified|numeric values not fetched/QAed","Run Codex release compiler task to fetch source snapshots, fill values, validate licenses, and update coverage summary.",2026-05-31
