observation_id,place_id,iso3,place_name,indicator_id,indicator_code,indicator_name,raw_value,unit_label,reference_year,within_place_rank,comparison_basis,source_id,source_snapshot_id,source_vintage,extraction_timestamp,license_id,data_license_uri,uncertainty_class,caveat
painmap-human-mortality-context-v1:AFG:air-pollution-mortality:2019,AFG,AFG,Afghanistan,air-pollution-mortality,SH.STA.AIRP.P5,Mortality attributed to household and ambient air pollution,265.7,"deaths per 100,000 population",2019,1,latest_common_year,world-bank-who-mortality-context,snapshot.world-bank-who-mortality-context.2026-07-14,World Health Organization estimate via World Bank Indicators API; observation year 2019,2026-07-14T12:47:02Z,cc-by-4.0,https://creativecommons.org/licenses/by/4.0/,low,"Mortality is a severe-outcome context proxy. It does not measure pain intensity, duration, prevalence, disability, non-fatal suffering, or total welfare burden."
painmap-human-mortality-context-v1:AFG:unsafe-wash-mortality:2019,AFG,AFG,Afghanistan,unsafe-wash-mortality,SH.STA.WASH.P5,"Mortality attributed to unsafe water, sanitation and hygiene",16.6,"deaths per 100,000 population",2019,2,latest_common_year,world-bank-who-mortality-context,snapshot.world-bank-who-mortality-context.2026-07-14,World Health Organization estimate via World Bank Indicators API; observation year 2019,2026-07-14T12:47:02Z,cc-by-4.0,https://creativecommons.org/licenses/by/4.0/,low,"Mortality is a severe-outcome context proxy. It does not measure pain intensity, duration, prevalence, disability, non-fatal suffering, or total welfare burden."
painmap-human-mortality-context-v1:AFG:road-traffic-mortality:2019,AFG,AFG,Afghanistan,road-traffic-mortality,SH.STA.TRAF.P5,Road traffic mortality,15.9,"deaths per 100,000 population",2019,3,latest_common_year,world-bank-who-mortality-context,snapshot.world-bank-who-mortality-context.2026-07-14,World Health Organization estimate via World Bank Indicators API; observation year 2019,2026-07-14T12:47:02Z,cc-by-4.0,https://creativecommons.org/licenses/by/4.0/,low,"Mortality is a severe-outcome context proxy. It does not measure pain intensity, duration, prevalence, disability, non-fatal suffering, or total welfare burden."
painmap-human-mortality-context-v1:AFG:suicide-mortality:2019,AFG,AFG,Afghanistan,suicide-mortality,SH.STA.SUIC.P5,Suicide mortality,3.53,"deaths per 100,000 population",2019,4,latest_common_year,world-bank-who-mortality-context,snapshot.world-bank-who-mortality-context.2026-07-14,World Health Organization estimate via World Bank Indicators API; observation year 2019,2026-07-14T12:47:02Z,cc-by-4.0,https://creativecommons.org/licenses/by/4.0/,low,"Mortality is a severe-outcome context proxy. It does not measure pain intensity, duration, prevalence, disability, non-fatal suffering, or total welfare burden."
painmap-human-mortality-context-v1:ALB:air-pollution-mortality:2019,ALB,ALB,Albania,air-pollution-mortality,SH.STA.AIRP.P5,Mortality attributed to household and ambient air pollution,92.5,"deaths per 100,000 population",2019,1,latest_common_year,world-bank-who-mortality-context,snapshot.world-bank-who-mortality-context.2026-07-14,World Health Organization estimate via World Bank Indicators API; observation year 2019,2026-07-14T12:47:02Z,cc-by-4.0,https://creativecommons.org/licenses/by/4.0/,low,"Mortality is a severe-outcome context proxy. It does not measure pain intensity, duration, prevalence, disability, non-fatal suffering, or total welfare burden."
painmap-human-mortality-context-v1:ALB:road-traffic-mortality:2019,ALB,ALB,Albania,road-traffic-mortality,SH.STA.TRAF.P5,Road traffic mortality,11.7,"deaths per 100,000 population",2019,2,latest_common_year,world-bank-who-mortality-context,snapshot.world-bank-who-mortality-context.2026-07-14,World Health Organization estimate via World Bank Indicators API; observation year 2019,2026-07-14T12:47:02Z,cc-by-4.0,https://creativecommons.org/licenses/by/4.0/,low,"Mortality is a severe-outcome context proxy. It does not measure pain intensity, duration, prevalence, disability, non-fatal suffering, or total welfare burden."
painmap-human-mortality-context-v1:ALB:suicide-mortality:2019,ALB,ALB,Albania,suicide-mortality,SH.STA.SUIC.P5,Suicide mortality,3.78,"deaths per 100,000 population",2019,3,latest_common_year,world-bank-who-mortality-context,snapshot.world-bank-who-mortality-context.2026-07-14,World Health Organization estimate via World Bank Indicators API; observation year 2019,2026-07-14T12:47:02Z,cc-by-4.0,https://creativecommons.org/licenses/by/4.0/,low,"Mortality is a severe-outcome context proxy. It does not measure pain intensity, duration, prevalence, disability, non-fatal suffering, or total welfare burden."
painmap-human-mortality-context-v1:ALB:unsafe-wash-mortality:2019,ALB,ALB,Albania,unsafe-wash-mortality,SH.STA.WASH.P5,"Mortality attributed to unsafe water, sanitation and hygiene",3.2,"deaths per 100,000 population",2019,4,latest_common_year,world-bank-who-mortality-context,snapshot.world-bank-who-mortality-context.2026-07-14,World Health Organization estimate via World Bank Indicators API; observation year 2019,2026-07-14T12:47:02Z,cc-by-4.0,https://creativecommons.org/licenses/by/4.0/,low,"Mortality is a severe-outcome context proxy. It does not measure pain intensity, duration, prevalence, disability, non-fatal suffering, or total welfare burden."
painmap-human-mortality-context-v1:DZA:air-pollution-mortality:2019,DZA,DZA,Algeria,air-pollution-mortality,SH.STA.AIRP.P5,Mortality attributed to household and ambient air pollution,49.7,"deaths per 100,000 population",2019,1,latest_common_year,world-bank-who-mortality-context,snapshot.world-bank-who-mortality-context.2026-07-14,World Health Organization estimate via World Bank Indicators API; observation year 2019,2026-07-14T12:47:02Z,cc-by-4.0,https://creativecommons.org/licenses/by/4.0/,low,"Mortality is a severe-outcome context proxy. It does not measure pain intensity, duration, prevalence, disability, non-fatal suffering, or total welfare burden."
painmap-human-mortality-context-v1:DZA:road-traffic-mortality:2019,DZA,DZA,Algeria,road-traffic-mortality,SH.STA.TRAF.P5,Road traffic mortality,20.9,"deaths per 100,000 population",2019,2,latest_common_year,world-bank-who-mortality-context,snapshot.world-bank-who-mortality-context.2026-07-14,World Health Organization estimate via World Bank Indicators API; observation year 2019,2026-07-14T12:47:02Z,cc-by-4.0,https://creativecommons.org/licenses/by/4.0/,low,"Mortality is a severe-outcome context proxy. It does not measure pain intensity, duration, prevalence, disability, non-fatal suffering, or total welfare burden."
painmap-human-mortality-context-v1:DZA:unsafe-wash-mortality:2019,DZA,DZA,Algeria,unsafe-wash-mortality,SH.STA.WASH.P5,"Mortality attributed to unsafe water, sanitation and hygiene",4.1,"deaths per 100,000 population",2019,3,latest_common_year,world-bank-who-mortality-context,snapshot.world-bank-who-mortality-context.2026-07-14,World Health Organization estimate via World Bank Indicators API; observation year 2019,2026-07-14T12:47:02Z,cc-by-4.0,https://creativecommons.org/licenses/by/4.0/,low,"Mortality is a severe-outcome context proxy. It does not measure pain intensity, duration, prevalence, disability, non-fatal suffering, or total welfare burden."
painmap-human-mortality-context-v1:DZA:suicide-mortality:2019,DZA,DZA,Algeria,suicide-mortality,SH.STA.SUIC.P5,Suicide mortality,2.05,"deaths per 100,000 population",2019,4,latest_common_year,world-bank-who-mortality-context,snapshot.world-bank-who-mortality-context.2026-07-14,World Health Organization estimate via World Bank Indicators API; observation year 2019,2026-07-14T12:47:02Z,cc-by-4.0,https://creativecommons.org/licenses/by/4.0/,low,"Mortality is a severe-outcome context proxy. It does not measure pain intensity, duration, prevalence, disability, non-fatal suffering, or total welfare burden."
painmap-human-mortality-context-v1:AND:road-traffic-mortality:2013,AND,AND,Andorra,road-traffic-mortality,SH.STA.TRAF.P5,Road traffic mortality,7.6,"deaths per 100,000 population",2013,1,latest_available_mixed_years,world-bank-who-mortality-context,snapshot.world-bank-who-mortality-context.2026-07-14,World Health Organization estimate via World Bank Indicators API; observation year 2013,2026-07-14T12:47:02Z,cc-by-4.0,https://creativecommons.org/licenses/by/4.0/,low,"Mortality is a severe-outcome context proxy. It does not measure pain intensity, duration, prevalence, disability, non-fatal suffering, or total welfare burden."
painmap-human-mortality-context-v1:AGO:air-pollution-mortality:2019,AGO,AGO,Angola,air-pollution-mortality,SH.STA.AIRP.P5,Mortality attributed to household and ambient air pollution,142.8,"deaths per 100,000 population",2019,1,latest_common_year,world-bank-who-mortality-context,snapshot.world-bank-who-mortality-context.2026-07-14,World Health Organization estimate via World Bank Indicators API; observation year 2019,2026-07-14T12:47:02Z,cc-by-4.0,https://creativecommons.org/licenses/by/4.0/,low,"Mortality is a severe-outcome context proxy. It does not measure pain intensity, duration, prevalence, disability, non-fatal suffering, or total welfare burden."
painmap-human-mortality-context-v1:AGO:unsafe-wash-mortality:2019,AGO,AGO,Angola,unsafe-wash-mortality,SH.STA.WASH.P5,"Mortality attributed to unsafe water, sanitation and hygiene",48.9,"deaths per 100,000 population",2019,2,latest_common_year,world-bank-who-mortality-context,snapshot.world-bank-who-mortality-context.2026-07-14,World Health Organization estimate via World Bank Indicators API; observation year 2019,2026-07-14T12:47:02Z,cc-by-4.0,https://creativecommons.org/licenses/by/4.0/,low,"Mortality is a severe-outcome context proxy. It does not measure pain intensity, duration, prevalence, disability, non-fatal suffering, or total welfare burden."
painmap-human-mortality-context-v1:AGO:road-traffic-mortality:2019,AGO,AGO,Angola,road-traffic-mortality,SH.STA.TRAF.P5,Road traffic mortality,26.1,"deaths per 100,000 population",2019,3,latest_common_year,world-bank-who-mortality-context,snapshot.world-bank-who-mortality-context.2026-07-14,World Health Organization estimate via World Bank Indicators API; observation year 2019,2026-07-14T12:47:02Z,cc-by-4.0,https://creativecommons.org/licenses/by/4.0/,low,"Mortality is a severe-outcome context proxy. It does not measure pain intensity, duration, prevalence, disability, non-fatal suffering, or total welfare burden."
painmap-human-mortality-context-v1:AGO:suicide-mortality:2019,AGO,AGO,Angola,suicide-mortality,SH.STA.SUIC.P5,Suicide mortality,7.52,"deaths per 100,000 population",2019,4,latest_common_year,world-bank-who-mortality-context,snapshot.world-bank-who-mortality-context.2026-07-14,World Health Organization estimate via World Bank Indicators API; observation year 2019,2026-07-14T12:47:02Z,cc-by-4.0,https://creativecommons.org/licenses/by/4.0/,low,"Mortality is a severe-outcome context proxy. It does not measure pain intensity, duration, prevalence, disability, non-fatal suffering, or total welfare burden."
painmap-human-mortality-context-v1:ATG:air-pollution-mortality:2019,ATG,ATG,Antigua and Barbuda,air-pollution-mortality,SH.STA.AIRP.P5,Mortality attributed to household and ambient air pollution,19.3,"deaths per 100,000 population",2019,1,latest_common_year,world-bank-who-mortality-context,snapshot.world-bank-who-mortality-context.2026-07-14,World Health Organization estimate via World Bank Indicators API; observation year 2019,2026-07-14T12:47:02Z,cc-by-4.0,https://creativecommons.org/licenses/by/4.0/,low,"Mortality is a severe-outcome context proxy. It does not measure pain intensity, duration, prevalence, disability, non-fatal suffering, or total welfare burden."
painmap-human-mortality-context-v1:ATG:unsafe-wash-mortality:2019,ATG,ATG,Antigua and Barbuda,unsafe-wash-mortality,SH.STA.WASH.P5,"Mortality attributed to unsafe water, sanitation and hygiene",2.5,"deaths per 100,000 population",2019,2,latest_common_year,world-bank-who-mortality-context,snapshot.world-bank-who-mortality-context.2026-07-14,World Health Organization estimate via World Bank Indicators API; observation year 2019,2026-07-14T12:47:02Z,cc-by-4.0,https://creativecommons.org/licenses/by/4.0/,low,"Mortality is a severe-outcome context proxy. It does not measure pain intensity, duration, prevalence, disability, non-fatal suffering, or total welfare burden."
painmap-human-mortality-context-v1:ATG:road-traffic-mortality:2019,ATG,ATG,Antigua and Barbuda,road-traffic-mortality,SH.STA.TRAF.P5,Road traffic mortality,0,"deaths per 100,000 population",2019,3,latest_common_year,world-bank-who-mortality-context,snapshot.world-bank-who-mortality-context.2026-07-14,World Health Organization estimate via World Bank Indicators API; observation year 2019,2026-07-14T12:47:02Z,cc-by-4.0,https://creativecommons.org/licenses/by/4.0/,low,"Mortality is a severe-outcome context proxy. It does not measure pain intensity, duration, prevalence, disability, non-fatal suffering, or total welfare burden."
painmap-human-mortality-context-v1:ATG:suicide-mortality:2019,ATG,ATG,Antigua and Barbuda,suicide-mortality,SH.STA.SUIC.P5,Suicide mortality,0,"deaths per 100,000 population",2019,3,latest_common_year,world-bank-who-mortality-context,snapshot.world-bank-who-mortality-context.2026-07-14,World Health Organization estimate via World Bank Indicators API; observation year 2019,2026-07-14T12:47:02Z,cc-by-4.0,https://creativecommons.org/licenses/by/4.0/,low,"Mortality is a severe-outcome context proxy. It does not measure pain intensity, duration, prevalence, disability, non-fatal suffering, or total welfare burden."
painmap-human-mortality-context-v1:ARG:air-pollution-mortality:2019,ARG,ARG,Argentina,air-pollution-mortality,SH.STA.AIRP.P5,Mortality attributed to household and ambient air pollution,29.7,"deaths per 100,000 population",2019,1,latest_common_year,world-bank-who-mortality-context,snapshot.world-bank-who-mortality-context.2026-07-14,World Health Organization estimate via World Bank Indicators API; observation year 2019,2026-07-14T12:47:02Z,cc-by-4.0,https://creativecommons.org/licenses/by/4.0/,low,"Mortality is a severe-outcome context proxy. It does not measure pain intensity, duration, prevalence, disability, non-fatal suffering, or total welfare burden."
painmap-human-mortality-context-v1:ARG:road-traffic-mortality:2019,ARG,ARG,Argentina,road-traffic-mortality,SH.STA.TRAF.P5,Road traffic mortality,14.1,"deaths per 100,000 population",2019,2,latest_common_year,world-bank-who-mortality-context,snapshot.world-bank-who-mortality-context.2026-07-14,World Health Organization estimate via World Bank Indicators API; observation year 2019,2026-07-14T12:47:02Z,cc-by-4.0,https://creativecommons.org/licenses/by/4.0/,low,"Mortality is a severe-outcome context proxy. It does not measure pain intensity, duration, prevalence, disability, non-fatal suffering, or total welfare burden."
painmap-human-mortality-context-v1:ARG:unsafe-wash-mortality:2019,ARG,ARG,Argentina,unsafe-wash-mortality,SH.STA.WASH.P5,"Mortality attributed to unsafe water, sanitation and hygiene",11.4,"deaths per 100,000 population",2019,3,latest_common_year,world-bank-who-mortality-context,snapshot.world-bank-who-mortality-context.2026-07-14,World Health Organization estimate via World Bank Indicators API; observation year 2019,2026-07-14T12:47:02Z,cc-by-4.0,https://creativecommons.org/licenses/by/4.0/,low,"Mortality is a severe-outcome context proxy. It does not measure pain intensity, duration, prevalence, disability, non-fatal suffering, or total welfare burden."
painmap-human-mortality-context-v1:ARG:suicide-mortality:2019,ARG,ARG,Argentina,suicide-mortality,SH.STA.SUIC.P5,Suicide mortality,9.28,"deaths per 100,000 population",2019,4,latest_common_year,world-bank-who-mortality-context,snapshot.world-bank-who-mortality-context.2026-07-14,World Health Organization estimate via World Bank Indicators API; observation year 2019,2026-07-14T12:47:02Z,cc-by-4.0,https://creativecommons.org/licenses/by/4.0/,low,"Mortality is a severe-outcome context proxy. It does not measure pain intensity, duration, prevalence, disability, non-fatal suffering, or total welfare burden."
painmap-human-mortality-context-v1:ARM:air-pollution-mortality:2019,ARM,ARM,Armenia,air-pollution-mortality,SH.STA.AIRP.P5,Mortality attributed to household and ambient air pollution,74.5,"deaths per 100,000 population",2019,1,latest_common_year,world-bank-who-mortality-context,snapshot.world-bank-who-mortality-context.2026-07-14,World Health Organization estimate via World Bank Indicators API; observation year 2019,2026-07-14T12:47:02Z,cc-by-4.0,https://creativecommons.org/licenses/by/4.0/,low,"Mortality is a severe-outcome context proxy. It does not measure pain intensity, duration, prevalence, disability, non-fatal suffering, or total welfare burden."
painmap-human-mortality-context-v1:ARM:road-traffic-mortality:2019,ARM,ARM,Armenia,road-traffic-mortality,SH.STA.TRAF.P5,Road traffic mortality,20,"deaths per 100,000 population",2019,2,latest_common_year,world-bank-who-mortality-context,snapshot.world-bank-who-mortality-context.2026-07-14,World Health Organization estimate via World Bank Indicators API; observation year 2019,2026-07-14T12:47:02Z,cc-by-4.0,https://creativecommons.org/licenses/by/4.0/,low,"Mortality is a severe-outcome context proxy. It does not measure pain intensity, duration, prevalence, disability, non-fatal suffering, or total welfare burden."
painmap-human-mortality-context-v1:ARM:unsafe-wash-mortality:2019,ARM,ARM,Armenia,unsafe-wash-mortality,SH.STA.WASH.P5,"Mortality attributed to unsafe water, sanitation and hygiene",5.8,"deaths per 100,000 population",2019,3,latest_common_year,world-bank-who-mortality-context,snapshot.world-bank-who-mortality-context.2026-07-14,World Health Organization estimate via World Bank Indicators API; observation year 2019,2026-07-14T12:47:02Z,cc-by-4.0,https://creativecommons.org/licenses/by/4.0/,low,"Mortality is a severe-outcome context proxy. It does not measure pain intensity, duration, prevalence, disability, non-fatal suffering, or total welfare burden."
painmap-human-mortality-context-v1:ARM:suicide-mortality:2019,ARM,ARM,Armenia,suicide-mortality,SH.STA.SUIC.P5,Suicide mortality,2.7,"deaths per 100,000 population",2019,4,latest_common_year,world-bank-who-mortality-context,snapshot.world-bank-who-mortality-context.2026-07-14,World Health Organization estimate via World Bank Indicators API; observation year 2019,2026-07-14T12:47:02Z,cc-by-4.0,https://creativecommons.org/licenses/by/4.0/,low,"Mortality is a severe-outcome context proxy. It does not measure pain intensity, duration, prevalence, disability, non-fatal suffering, or total welfare burden."
painmap-human-mortality-context-v1:AUS:suicide-mortality:2019,AUS,AUS,Australia,suicide-mortality,SH.STA.SUIC.P5,Suicide mortality,13.98,"deaths per 100,000 population",2019,1,latest_common_year,world-bank-who-mortality-context,snapshot.world-bank-who-mortality-context.2026-07-14,World Health Organization estimate via World Bank Indicators API; observation year 2019,2026-07-14T12:47:02Z,cc-by-4.0,https://creativecommons.org/licenses/by/4.0/,low,"Mortality is a severe-outcome context proxy. It does not measure pain intensity, duration, prevalence, disability, non-fatal suffering, or total welfare burden."
painmap-human-mortality-context-v1:AUS:air-pollution-mortality:2019,AUS,AUS,Australia,air-pollution-mortality,SH.STA.AIRP.P5,Mortality attributed to household and ambient air pollution,9.8,"deaths per 100,000 population",2019,2,latest_common_year,world-bank-who-mortality-context,snapshot.world-bank-who-mortality-context.2026-07-14,World Health Organization estimate via World Bank Indicators API; observation year 2019,2026-07-14T12:47:02Z,cc-by-4.0,https://creativecommons.org/licenses/by/4.0/,low,"Mortality is a severe-outcome context proxy. It does not measure pain intensity, duration, prevalence, disability, non-fatal suffering, or total welfare burden."
painmap-human-mortality-context-v1:AUS:road-traffic-mortality:2019,AUS,AUS,Australia,road-traffic-mortality,SH.STA.TRAF.P5,Road traffic mortality,4.9,"deaths per 100,000 population",2019,3,latest_common_year,world-bank-who-mortality-context,snapshot.world-bank-who-mortality-context.2026-07-14,World Health Organization estimate via World Bank Indicators API; observation year 2019,2026-07-14T12:47:02Z,cc-by-4.0,https://creativecommons.org/licenses/by/4.0/,low,"Mortality is a severe-outcome context proxy. It does not measure pain intensity, duration, prevalence, disability, non-fatal suffering, or total welfare burden."
painmap-human-mortality-context-v1:AUS:unsafe-wash-mortality:2019,AUS,AUS,Australia,unsafe-wash-mortality,SH.STA.WASH.P5,"Mortality attributed to unsafe water, sanitation and hygiene",1.9,"deaths per 100,000 population",2019,4,latest_common_year,world-bank-who-mortality-context,snapshot.world-bank-who-mortality-context.2026-07-14,World Health Organization estimate via World Bank Indicators API; observation year 2019,2026-07-14T12:47:02Z,cc-by-4.0,https://creativecommons.org/licenses/by/4.0/,low,"Mortality is a severe-outcome context proxy. It does not measure pain intensity, duration, prevalence, disability, non-fatal suffering, or total welfare burden."
painmap-human-mortality-context-v1:AUT:air-pollution-mortality:2019,AUT,AUT,Austria,air-pollution-mortality,SH.STA.AIRP.P5,Mortality attributed to household and ambient air pollution,17.5,"deaths per 100,000 population",2019,1,latest_common_year,world-bank-who-mortality-context,snapshot.world-bank-who-mortality-context.2026-07-14,World Health Organization estimate via World Bank Indicators API; observation year 2019,2026-07-14T12:47:02Z,cc-by-4.0,https://creativecommons.org/licenses/by/4.0/,low,"Mortality is a severe-outcome context proxy. It does not measure pain intensity, duration, prevalence, disability, non-fatal suffering, or total welfare burden."
painmap-human-mortality-context-v1:AUT:suicide-mortality:2019,AUT,AUT,Austria,suicide-mortality,SH.STA.SUIC.P5,Suicide mortality,14.58,"deaths per 100,000 population",2019,2,latest_common_year,world-bank-who-mortality-context,snapshot.world-bank-who-mortality-context.2026-07-14,World Health Organization estimate via World Bank Indicators API; observation year 2019,2026-07-14T12:47:02Z,cc-by-4.0,https://creativecommons.org/licenses/by/4.0/,low,"Mortality is a severe-outcome context proxy. It does not measure pain intensity, duration, prevalence, disability, non-fatal suffering, or total welfare burden."
painmap-human-mortality-context-v1:AUT:road-traffic-mortality:2019,AUT,AUT,Austria,road-traffic-mortality,SH.STA.TRAF.P5,Road traffic mortality,4.9,"deaths per 100,000 population",2019,3,latest_common_year,world-bank-who-mortality-context,snapshot.world-bank-who-mortality-context.2026-07-14,World Health Organization estimate via World Bank Indicators API; observation year 2019,2026-07-14T12:47:02Z,cc-by-4.0,https://creativecommons.org/licenses/by/4.0/,low,"Mortality is a severe-outcome context proxy. It does not measure pain intensity, duration, prevalence, disability, non-fatal suffering, or total welfare burden."
painmap-human-mortality-context-v1:AUT:unsafe-wash-mortality:2019,AUT,AUT,Austria,unsafe-wash-mortality,SH.STA.WASH.P5,"Mortality attributed to unsafe water, sanitation and hygiene",2,"deaths per 100,000 population",2019,4,latest_common_year,world-bank-who-mortality-context,snapshot.world-bank-who-mortality-context.2026-07-14,World Health Organization estimate via World Bank Indicators API; observation year 2019,2026-07-14T12:47:02Z,cc-by-4.0,https://creativecommons.org/licenses/by/4.0/,low,"Mortality is a severe-outcome context proxy. It does not measure pain intensity, duration, prevalence, disability, non-fatal suffering, or total welfare burden."
painmap-human-mortality-context-v1:AZE:air-pollution-mortality:2019,AZE,AZE,Azerbaijan,air-pollution-mortality,SH.STA.AIRP.P5,Mortality attributed to household and ambient air pollution,125.2,"deaths per 100,000 population",2019,1,latest_common_year,world-bank-who-mortality-context,snapshot.world-bank-who-mortality-context.2026-07-14,World Health Organization estimate via World Bank Indicators API; observation year 2019,2026-07-14T12:47:02Z,cc-by-4.0,https://creativecommons.org/licenses/by/4.0/,low,"Mortality is a severe-outcome context proxy. It does not measure pain intensity, duration, prevalence, disability, non-fatal suffering, or total welfare burden."
painmap-human-mortality-context-v1:AZE:road-traffic-mortality:2019,AZE,AZE,Azerbaijan,road-traffic-mortality,SH.STA.TRAF.P5,Road traffic mortality,6.7,"deaths per 100,000 population",2019,2,latest_common_year,world-bank-who-mortality-context,snapshot.world-bank-who-mortality-context.2026-07-14,World Health Organization estimate via World Bank Indicators API; observation year 2019,2026-07-14T12:47:02Z,cc-by-4.0,https://creativecommons.org/licenses/by/4.0/,low,"Mortality is a severe-outcome context proxy. It does not measure pain intensity, duration, prevalence, disability, non-fatal suffering, or total welfare burden."
painmap-human-mortality-context-v1:AZE:unsafe-wash-mortality:2019,AZE,AZE,Azerbaijan,unsafe-wash-mortality,SH.STA.WASH.P5,"Mortality attributed to unsafe water, sanitation and hygiene",3.6,"deaths per 100,000 population",2019,3,latest_common_year,world-bank-who-mortality-context,snapshot.world-bank-who-mortality-context.2026-07-14,World Health Organization estimate via World Bank Indicators API; observation year 2019,2026-07-14T12:47:02Z,cc-by-4.0,https://creativecommons.org/licenses/by/4.0/,low,"Mortality is a severe-outcome context proxy. It does not measure pain intensity, duration, prevalence, disability, non-fatal suffering, or total welfare burden."
painmap-human-mortality-context-v1:AZE:suicide-mortality:2019,AZE,AZE,Azerbaijan,suicide-mortality,SH.STA.SUIC.P5,Suicide mortality,1.83,"deaths per 100,000 population",2019,4,latest_common_year,world-bank-who-mortality-context,snapshot.world-bank-who-mortality-context.2026-07-14,World Health Organization estimate via World Bank Indicators API; observation year 2019,2026-07-14T12:47:02Z,cc-by-4.0,https://creativecommons.org/licenses/by/4.0/,low,"Mortality is a severe-outcome context proxy. It does not measure pain intensity, duration, prevalence, disability, non-fatal suffering, or total welfare burden."
painmap-human-mortality-context-v1:BHR:air-pollution-mortality:2019,BHR,BHR,Bahrain,air-pollution-mortality,SH.STA.AIRP.P5,Mortality attributed to household and ambient air pollution,68.1,"deaths per 100,000 population",2019,1,latest_common_year,world-bank-who-mortality-context,snapshot.world-bank-who-mortality-context.2026-07-14,World Health Organization estimate via World Bank Indicators API; observation year 2019,2026-07-14T12:47:02Z,cc-by-4.0,https://creativecommons.org/licenses/by/4.0/,low,"Mortality is a severe-outcome context proxy. It does not measure pain intensity, duration, prevalence, disability, non-fatal suffering, or total welfare burden."
painmap-human-mortality-context-v1:BHR:suicide-mortality:2019,BHR,BHR,Bahrain,suicide-mortality,SH.STA.SUIC.P5,Suicide mortality,5.37,"deaths per 100,000 population",2019,2,latest_common_year,world-bank-who-mortality-context,snapshot.world-bank-who-mortality-context.2026-07-14,World Health Organization estimate via World Bank Indicators API; observation year 2019,2026-07-14T12:47:02Z,cc-by-4.0,https://creativecommons.org/licenses/by/4.0/,low,"Mortality is a severe-outcome context proxy. It does not measure pain intensity, duration, prevalence, disability, non-fatal suffering, or total welfare burden."
painmap-human-mortality-context-v1:BHR:road-traffic-mortality:2019,BHR,BHR,Bahrain,road-traffic-mortality,SH.STA.TRAF.P5,Road traffic mortality,5.2,"deaths per 100,000 population",2019,3,latest_common_year,world-bank-who-mortality-context,snapshot.world-bank-who-mortality-context.2026-07-14,World Health Organization estimate via World Bank Indicators API; observation year 2019,2026-07-14T12:47:02Z,cc-by-4.0,https://creativecommons.org/licenses/by/4.0/,low,"Mortality is a severe-outcome context proxy. It does not measure pain intensity, duration, prevalence, disability, non-fatal suffering, or total welfare burden."
painmap-human-mortality-context-v1:BHR:unsafe-wash-mortality:2019,BHR,BHR,Bahrain,unsafe-wash-mortality,SH.STA.WASH.P5,"Mortality attributed to unsafe water, sanitation and hygiene",0.8,"deaths per 100,000 population",2019,4,latest_common_year,world-bank-who-mortality-context,snapshot.world-bank-who-mortality-context.2026-07-14,World Health Organization estimate via World Bank Indicators API; observation year 2019,2026-07-14T12:47:02Z,cc-by-4.0,https://creativecommons.org/licenses/by/4.0/,low,"Mortality is a severe-outcome context proxy. It does not measure pain intensity, duration, prevalence, disability, non-fatal suffering, or total welfare burden."
painmap-human-mortality-context-v1:BGD:air-pollution-mortality:2019,BGD,BGD,Bangladesh,air-pollution-mortality,SH.STA.AIRP.P5,Mortality attributed to household and ambient air pollution,143.9,"deaths per 100,000 population",2019,1,latest_common_year,world-bank-who-mortality-context,snapshot.world-bank-who-mortality-context.2026-07-14,World Health Organization estimate via World Bank Indicators API; observation year 2019,2026-07-14T12:47:02Z,cc-by-4.0,https://creativecommons.org/licenses/by/4.0/,low,"Mortality is a severe-outcome context proxy. It does not measure pain intensity, duration, prevalence, disability, non-fatal suffering, or total welfare burden."
painmap-human-mortality-context-v1:BGD:unsafe-wash-mortality:2019,BGD,BGD,Bangladesh,unsafe-wash-mortality,SH.STA.WASH.P5,"Mortality attributed to unsafe water, sanitation and hygiene",18.2,"deaths per 100,000 population",2019,2,latest_common_year,world-bank-who-mortality-context,snapshot.world-bank-who-mortality-context.2026-07-14,World Health Organization estimate via World Bank Indicators API; observation year 2019,2026-07-14T12:47:02Z,cc-by-4.0,https://creativecommons.org/licenses/by/4.0/,low,"Mortality is a severe-outcome context proxy. It does not measure pain intensity, duration, prevalence, disability, non-fatal suffering, or total welfare burden."
painmap-human-mortality-context-v1:BGD:road-traffic-mortality:2019,BGD,BGD,Bangladesh,road-traffic-mortality,SH.STA.TRAF.P5,Road traffic mortality,15.3,"deaths per 100,000 population",2019,3,latest_common_year,world-bank-who-mortality-context,snapshot.world-bank-who-mortality-context.2026-07-14,World Health Organization estimate via World Bank Indicators API; observation year 2019,2026-07-14T12:47:02Z,cc-by-4.0,https://creativecommons.org/licenses/by/4.0/,low,"Mortality is a severe-outcome context proxy. It does not measure pain intensity, duration, prevalence, disability, non-fatal suffering, or total welfare burden."
painmap-human-mortality-context-v1:BGD:suicide-mortality:2019,BGD,BGD,Bangladesh,suicide-mortality,SH.STA.SUIC.P5,Suicide mortality,3.08,"deaths per 100,000 population",2019,4,latest_common_year,world-bank-who-mortality-context,snapshot.world-bank-who-mortality-context.2026-07-14,World Health Organization estimate via World Bank Indicators API; observation year 2019,2026-07-14T12:47:02Z,cc-by-4.0,https://creativecommons.org/licenses/by/4.0/,low,"Mortality is a severe-outcome context proxy. It does not measure pain intensity, duration, prevalence, disability, non-fatal suffering, or total welfare burden."
painmap-human-mortality-context-v1:BRB:air-pollution-mortality:2019,BRB,BRB,Barbados,air-pollution-mortality,SH.STA.AIRP.P5,Mortality attributed to household and ambient air pollution,18.8,"deaths per 100,000 population",2019,1,latest_common_year,world-bank-who-mortality-context,snapshot.world-bank-who-mortality-context.2026-07-14,World Health Organization estimate via World Bank Indicators API; observation year 2019,2026-07-14T12:47:02Z,cc-by-4.0,https://creativecommons.org/licenses/by/4.0/,low,"Mortality is a severe-outcome context proxy. It does not measure pain intensity, duration, prevalence, disability, non-fatal suffering, or total welfare burden."
painmap-human-mortality-context-v1:BRB:road-traffic-mortality:2019,BRB,BRB,Barbados,road-traffic-mortality,SH.STA.TRAF.P5,Road traffic mortality,8.2,"deaths per 100,000 population",2019,2,latest_common_year,world-bank-who-mortality-context,snapshot.world-bank-who-mortality-context.2026-07-14,World Health Organization estimate via World Bank Indicators API; observation year 2019,2026-07-14T12:47:02Z,cc-by-4.0,https://creativecommons.org/licenses/by/4.0/,low,"Mortality is a severe-outcome context proxy. It does not measure pain intensity, duration, prevalence, disability, non-fatal suffering, or total welfare burden."
painmap-human-mortality-context-v1:BRB:unsafe-wash-mortality:2019,BRB,BRB,Barbados,unsafe-wash-mortality,SH.STA.WASH.P5,"Mortality attributed to unsafe water, sanitation and hygiene",7.7,"deaths per 100,000 population",2019,3,latest_common_year,world-bank-who-mortality-context,snapshot.world-bank-who-mortality-context.2026-07-14,World Health Organization estimate via World Bank Indicators API; observation year 2019,2026-07-14T12:47:02Z,cc-by-4.0,https://creativecommons.org/licenses/by/4.0/,low,"Mortality is a severe-outcome context proxy. It does not measure pain intensity, duration, prevalence, disability, non-fatal suffering, or total welfare burden."
painmap-human-mortality-context-v1:BRB:suicide-mortality:2019,BRB,BRB,Barbados,suicide-mortality,SH.STA.SUIC.P5,Suicide mortality,4.8,"deaths per 100,000 population",2019,4,latest_common_year,world-bank-who-mortality-context,snapshot.world-bank-who-mortality-context.2026-07-14,World Health Organization estimate via World Bank Indicators API; observation year 2019,2026-07-14T12:47:02Z,cc-by-4.0,https://creativecommons.org/licenses/by/4.0/,low,"Mortality is a severe-outcome context proxy. It does not measure pain intensity, duration, prevalence, disability, non-fatal suffering, or total welfare burden."
painmap-human-mortality-context-v1:BLR:air-pollution-mortality:2019,BLR,BLR,Belarus,air-pollution-mortality,SH.STA.AIRP.P5,Mortality attributed to household and ambient air pollution,69.9,"deaths per 100,000 population",2019,1,latest_common_year,world-bank-who-mortality-context,snapshot.world-bank-who-mortality-context.2026-07-14,World Health Organization estimate via World Bank Indicators API; observation year 2019,2026-07-14T12:47:02Z,cc-by-4.0,https://creativecommons.org/licenses/by/4.0/,low,"Mortality is a severe-outcome context proxy. It does not measure pain intensity, duration, prevalence, disability, non-fatal suffering, or total welfare burden."
painmap-human-mortality-context-v1:BLR:suicide-mortality:2019,BLR,BLR,Belarus,suicide-mortality,SH.STA.SUIC.P5,Suicide mortality,17.52,"deaths per 100,000 population",2019,2,latest_common_year,world-bank-who-mortality-context,snapshot.world-bank-who-mortality-context.2026-07-14,World Health Organization estimate via World Bank Indicators API; observation year 2019,2026-07-14T12:47:02Z,cc-by-4.0,https://creativecommons.org/licenses/by/4.0/,low,"Mortality is a severe-outcome context proxy. It does not measure pain intensity, duration, prevalence, disability, non-fatal suffering, or total welfare burden."
painmap-human-mortality-context-v1:BLR:road-traffic-mortality:2019,BLR,BLR,Belarus,road-traffic-mortality,SH.STA.TRAF.P5,Road traffic mortality,7.6,"deaths per 100,000 population",2019,3,latest_common_year,world-bank-who-mortality-context,snapshot.world-bank-who-mortality-context.2026-07-14,World Health Organization estimate via World Bank Indicators API; observation year 2019,2026-07-14T12:47:02Z,cc-by-4.0,https://creativecommons.org/licenses/by/4.0/,low,"Mortality is a severe-outcome context proxy. It does not measure pain intensity, duration, prevalence, disability, non-fatal suffering, or total welfare burden."
painmap-human-mortality-context-v1:BLR:unsafe-wash-mortality:2019,BLR,BLR,Belarus,unsafe-wash-mortality,SH.STA.WASH.P5,"Mortality attributed to unsafe water, sanitation and hygiene",1.6,"deaths per 100,000 population",2019,4,latest_common_year,world-bank-who-mortality-context,snapshot.world-bank-who-mortality-context.2026-07-14,World Health Organization estimate via World Bank Indicators API; observation year 2019,2026-07-14T12:47:02Z,cc-by-4.0,https://creativecommons.org/licenses/by/4.0/,low,"Mortality is a severe-outcome context proxy. It does not measure pain intensity, duration, prevalence, disability, non-fatal suffering, or total welfare burden."
painmap-human-mortality-context-v1:BEL:suicide-mortality:2019,BEL,BEL,Belgium,suicide-mortality,SH.STA.SUIC.P5,Suicide mortality,18.11,"deaths per 100,000 population",2019,1,latest_common_year,world-bank-who-mortality-context,snapshot.world-bank-who-mortality-context.2026-07-14,World Health Organization estimate via World Bank Indicators API; observation year 2019,2026-07-14T12:47:02Z,cc-by-4.0,https://creativecommons.org/licenses/by/4.0/,low,"Mortality is a severe-outcome context proxy. It does not measure pain intensity, duration, prevalence, disability, non-fatal suffering, or total welfare burden."
painmap-human-mortality-context-v1:BEL:air-pollution-mortality:2019,BEL,BEL,Belgium,air-pollution-mortality,SH.STA.AIRP.P5,Mortality attributed to household and ambient air pollution,15.3,"deaths per 100,000 population",2019,2,latest_common_year,world-bank-who-mortality-context,snapshot.world-bank-who-mortality-context.2026-07-14,World Health Organization estimate via World Bank Indicators API; observation year 2019,2026-07-14T12:47:02Z,cc-by-4.0,https://creativecommons.org/licenses/by/4.0/,low,"Mortality is a severe-outcome context proxy. It does not measure pain intensity, duration, prevalence, disability, non-fatal suffering, or total welfare burden."
painmap-human-mortality-context-v1:BEL:road-traffic-mortality:2019,BEL,BEL,Belgium,road-traffic-mortality,SH.STA.TRAF.P5,Road traffic mortality,5.8,"deaths per 100,000 population",2019,3,latest_common_year,world-bank-who-mortality-context,snapshot.world-bank-who-mortality-context.2026-07-14,World Health Organization estimate via World Bank Indicators API; observation year 2019,2026-07-14T12:47:02Z,cc-by-4.0,https://creativecommons.org/licenses/by/4.0/,low,"Mortality is a severe-outcome context proxy. It does not measure pain intensity, duration, prevalence, disability, non-fatal suffering, or total welfare burden."
painmap-human-mortality-context-v1:BEL:unsafe-wash-mortality:2019,BEL,BEL,Belgium,unsafe-wash-mortality,SH.STA.WASH.P5,"Mortality attributed to unsafe water, sanitation and hygiene",5.3,"deaths per 100,000 population",2019,4,latest_common_year,world-bank-who-mortality-context,snapshot.world-bank-who-mortality-context.2026-07-14,World Health Organization estimate via World Bank Indicators API; observation year 2019,2026-07-14T12:47:02Z,cc-by-4.0,https://creativecommons.org/licenses/by/4.0/,low,"Mortality is a severe-outcome context proxy. It does not measure pain intensity, duration, prevalence, disability, non-fatal suffering, or total welfare burden."
painmap-human-mortality-context-v1:BLZ:air-pollution-mortality:2019,BLZ,BLZ,Belize,air-pollution-mortality,SH.STA.AIRP.P5,Mortality attributed to household and ambient air pollution,41,"deaths per 100,000 population",2019,1,latest_common_year,world-bank-who-mortality-context,snapshot.world-bank-who-mortality-context.2026-07-14,World Health Organization estimate via World Bank Indicators API; observation year 2019,2026-07-14T12:47:02Z,cc-by-4.0,https://creativecommons.org/licenses/by/4.0/,low,"Mortality is a severe-outcome context proxy. It does not measure pain intensity, duration, prevalence, disability, non-fatal suffering, or total welfare burden."
painmap-human-mortality-context-v1:BLZ:road-traffic-mortality:2019,BLZ,BLZ,Belize,road-traffic-mortality,SH.STA.TRAF.P5,Road traffic mortality,22.6,"deaths per 100,000 population",2019,2,latest_common_year,world-bank-who-mortality-context,snapshot.world-bank-who-mortality-context.2026-07-14,World Health Organization estimate via World Bank Indicators API; observation year 2019,2026-07-14T12:47:02Z,cc-by-4.0,https://creativecommons.org/licenses/by/4.0/,low,"Mortality is a severe-outcome context proxy. It does not measure pain intensity, duration, prevalence, disability, non-fatal suffering, or total welfare burden."
painmap-human-mortality-context-v1:BLZ:suicide-mortality:2019,BLZ,BLZ,Belize,suicide-mortality,SH.STA.SUIC.P5,Suicide mortality,5.02,"deaths per 100,000 population",2019,3,latest_common_year,world-bank-who-mortality-context,snapshot.world-bank-who-mortality-context.2026-07-14,World Health Organization estimate via World Bank Indicators API; observation year 2019,2026-07-14T12:47:02Z,cc-by-4.0,https://creativecommons.org/licenses/by/4.0/,low,"Mortality is a severe-outcome context proxy. It does not measure pain intensity, duration, prevalence, disability, non-fatal suffering, or total welfare burden."
painmap-human-mortality-context-v1:BLZ:unsafe-wash-mortality:2019,BLZ,BLZ,Belize,unsafe-wash-mortality,SH.STA.WASH.P5,"Mortality attributed to unsafe water, sanitation and hygiene",4.3,"deaths per 100,000 population",2019,4,latest_common_year,world-bank-who-mortality-context,snapshot.world-bank-who-mortality-context.2026-07-14,World Health Organization estimate via World Bank Indicators API; observation year 2019,2026-07-14T12:47:02Z,cc-by-4.0,https://creativecommons.org/licenses/by/4.0/,low,"Mortality is a severe-outcome context proxy. It does not measure pain intensity, duration, prevalence, disability, non-fatal suffering, or total welfare burden."
painmap-human-mortality-context-v1:BEN:air-pollution-mortality:2019,BEN,BEN,Benin,air-pollution-mortality,SH.STA.AIRP.P5,Mortality attributed to household and ambient air pollution,201.8,"deaths per 100,000 population",2019,1,latest_common_year,world-bank-who-mortality-context,snapshot.world-bank-who-mortality-context.2026-07-14,World Health Organization estimate via World Bank Indicators API; observation year 2019,2026-07-14T12:47:02Z,cc-by-4.0,https://creativecommons.org/licenses/by/4.0/,low,"Mortality is a severe-outcome context proxy. It does not measure pain intensity, duration, prevalence, disability, non-fatal suffering, or total welfare burden."
painmap-human-mortality-context-v1:BEN:unsafe-wash-mortality:2019,BEN,BEN,Benin,unsafe-wash-mortality,SH.STA.WASH.P5,"Mortality attributed to unsafe water, sanitation and hygiene",60.2,"deaths per 100,000 population",2019,2,latest_common_year,world-bank-who-mortality-context,snapshot.world-bank-who-mortality-context.2026-07-14,World Health Organization estimate via World Bank Indicators API; observation year 2019,2026-07-14T12:47:02Z,cc-by-4.0,https://creativecommons.org/licenses/by/4.0/,low,"Mortality is a severe-outcome context proxy. It does not measure pain intensity, duration, prevalence, disability, non-fatal suffering, or total welfare burden."
painmap-human-mortality-context-v1:BEN:road-traffic-mortality:2019,BEN,BEN,Benin,road-traffic-mortality,SH.STA.TRAF.P5,Road traffic mortality,26.8,"deaths per 100,000 population",2019,3,latest_common_year,world-bank-who-mortality-context,snapshot.world-bank-who-mortality-context.2026-07-14,World Health Organization estimate via World Bank Indicators API; observation year 2019,2026-07-14T12:47:02Z,cc-by-4.0,https://creativecommons.org/licenses/by/4.0/,low,"Mortality is a severe-outcome context proxy. It does not measure pain intensity, duration, prevalence, disability, non-fatal suffering, or total welfare burden."
painmap-human-mortality-context-v1:BEN:suicide-mortality:2019,BEN,BEN,Benin,suicide-mortality,SH.STA.SUIC.P5,Suicide mortality,7.23,"deaths per 100,000 population",2019,4,latest_common_year,world-bank-who-mortality-context,snapshot.world-bank-who-mortality-context.2026-07-14,World Health Organization estimate via World Bank Indicators API; observation year 2019,2026-07-14T12:47:02Z,cc-by-4.0,https://creativecommons.org/licenses/by/4.0/,low,"Mortality is a severe-outcome context proxy. It does not measure pain intensity, duration, prevalence, disability, non-fatal suffering, or total welfare burden."
painmap-human-mortality-context-v1:BTN:air-pollution-mortality:2019,BTN,BTN,Bhutan,air-pollution-mortality,SH.STA.AIRP.P5,Mortality attributed to household and ambient air pollution,94.3,"deaths per 100,000 population",2019,1,latest_common_year,world-bank-who-mortality-context,snapshot.world-bank-who-mortality-context.2026-07-14,World Health Organization estimate via World Bank Indicators API; observation year 2019,2026-07-14T12:47:02Z,cc-by-4.0,https://creativecommons.org/licenses/by/4.0/,low,"Mortality is a severe-outcome context proxy. It does not measure pain intensity, duration, prevalence, disability, non-fatal suffering, or total welfare burden."
painmap-human-mortality-context-v1:BTN:road-traffic-mortality:2019,BTN,BTN,Bhutan,road-traffic-mortality,SH.STA.TRAF.P5,Road traffic mortality,16.2,"deaths per 100,000 population",2019,2,latest_common_year,world-bank-who-mortality-context,snapshot.world-bank-who-mortality-context.2026-07-14,World Health Organization estimate via World Bank Indicators API; observation year 2019,2026-07-14T12:47:02Z,cc-by-4.0,https://creativecommons.org/licenses/by/4.0/,low,"Mortality is a severe-outcome context proxy. It does not measure pain intensity, duration, prevalence, disability, non-fatal suffering, or total welfare burden."
painmap-human-mortality-context-v1:BTN:unsafe-wash-mortality:2019,BTN,BTN,Bhutan,unsafe-wash-mortality,SH.STA.WASH.P5,"Mortality attributed to unsafe water, sanitation and hygiene",15.7,"deaths per 100,000 population",2019,3,latest_common_year,world-bank-who-mortality-context,snapshot.world-bank-who-mortality-context.2026-07-14,World Health Organization estimate via World Bank Indicators API; observation year 2019,2026-07-14T12:47:02Z,cc-by-4.0,https://creativecommons.org/licenses/by/4.0/,low,"Mortality is a severe-outcome context proxy. It does not measure pain intensity, duration, prevalence, disability, non-fatal suffering, or total welfare burden."
painmap-human-mortality-context-v1:BTN:suicide-mortality:2019,BTN,BTN,Bhutan,suicide-mortality,SH.STA.SUIC.P5,Suicide mortality,4.84,"deaths per 100,000 population",2019,4,latest_common_year,world-bank-who-mortality-context,snapshot.world-bank-who-mortality-context.2026-07-14,World Health Organization estimate via World Bank Indicators API; observation year 2019,2026-07-14T12:47:02Z,cc-by-4.0,https://creativecommons.org/licenses/by/4.0/,low,"Mortality is a severe-outcome context proxy. It does not measure pain intensity, duration, prevalence, disability, non-fatal suffering, or total welfare burden."
painmap-human-mortality-context-v1:BOL:air-pollution-mortality:2019,BOL,BOL,Bolivia,air-pollution-mortality,SH.STA.AIRP.P5,Mortality attributed to household and ambient air pollution,77.1,"deaths per 100,000 population",2019,1,latest_common_year,world-bank-who-mortality-context,snapshot.world-bank-who-mortality-context.2026-07-14,World Health Organization estimate via World Bank Indicators API; observation year 2019,2026-07-14T12:47:02Z,cc-by-4.0,https://creativecommons.org/licenses/by/4.0/,low,"Mortality is a severe-outcome context proxy. It does not measure pain intensity, duration, prevalence, disability, non-fatal suffering, or total welfare burden."
painmap-human-mortality-context-v1:BOL:road-traffic-mortality:2019,BOL,BOL,Bolivia,road-traffic-mortality,SH.STA.TRAF.P5,Road traffic mortality,21.1,"deaths per 100,000 population",2019,2,latest_common_year,world-bank-who-mortality-context,snapshot.world-bank-who-mortality-context.2026-07-14,World Health Organization estimate via World Bank Indicators API; observation year 2019,2026-07-14T12:47:02Z,cc-by-4.0,https://creativecommons.org/licenses/by/4.0/,low,"Mortality is a severe-outcome context proxy. It does not measure pain intensity, duration, prevalence, disability, non-fatal suffering, or total welfare burden."
painmap-human-mortality-context-v1:BOL:unsafe-wash-mortality:2019,BOL,BOL,Bolivia,unsafe-wash-mortality,SH.STA.WASH.P5,"Mortality attributed to unsafe water, sanitation and hygiene",14.3,"deaths per 100,000 population",2019,3,latest_common_year,world-bank-who-mortality-context,snapshot.world-bank-who-mortality-context.2026-07-14,World Health Organization estimate via World Bank Indicators API; observation year 2019,2026-07-14T12:47:02Z,cc-by-4.0,https://creativecommons.org/licenses/by/4.0/,low,"Mortality is a severe-outcome context proxy. It does not measure pain intensity, duration, prevalence, disability, non-fatal suffering, or total welfare burden."
painmap-human-mortality-context-v1:BOL:suicide-mortality:2019,BOL,BOL,Bolivia,suicide-mortality,SH.STA.SUIC.P5,Suicide mortality,5.35,"deaths per 100,000 population",2019,4,latest_common_year,world-bank-who-mortality-context,snapshot.world-bank-who-mortality-context.2026-07-14,World Health Organization estimate via World Bank Indicators API; observation year 2019,2026-07-14T12:47:02Z,cc-by-4.0,https://creativecommons.org/licenses/by/4.0/,low,"Mortality is a severe-outcome context proxy. It does not measure pain intensity, duration, prevalence, disability, non-fatal suffering, or total welfare burden."
painmap-human-mortality-context-v1:BIH:air-pollution-mortality:2019,BIH,BIH,Bosnia and Herzegovina,air-pollution-mortality,SH.STA.AIRP.P5,Mortality attributed to household and ambient air pollution,113.9,"deaths per 100,000 population",2019,1,latest_common_year,world-bank-who-mortality-context,snapshot.world-bank-who-mortality-context.2026-07-14,World Health Organization estimate via World Bank Indicators API; observation year 2019,2026-07-14T12:47:02Z,cc-by-4.0,https://creativecommons.org/licenses/by/4.0/,low,"Mortality is a severe-outcome context proxy. It does not measure pain intensity, duration, prevalence, disability, non-fatal suffering, or total welfare burden."
painmap-human-mortality-context-v1:BIH:road-traffic-mortality:2019,BIH,BIH,Bosnia and Herzegovina,road-traffic-mortality,SH.STA.TRAF.P5,Road traffic mortality,13.5,"deaths per 100,000 population",2019,2,latest_common_year,world-bank-who-mortality-context,snapshot.world-bank-who-mortality-context.2026-07-14,World Health Organization estimate via World Bank Indicators API; observation year 2019,2026-07-14T12:47:02Z,cc-by-4.0,https://creativecommons.org/licenses/by/4.0/,low,"Mortality is a severe-outcome context proxy. It does not measure pain intensity, duration, prevalence, disability, non-fatal suffering, or total welfare burden."
painmap-human-mortality-context-v1:BIH:suicide-mortality:2019,BIH,BIH,Bosnia and Herzegovina,suicide-mortality,SH.STA.SUIC.P5,Suicide mortality,10.91,"deaths per 100,000 population",2019,3,latest_common_year,world-bank-who-mortality-context,snapshot.world-bank-who-mortality-context.2026-07-14,World Health Organization estimate via World Bank Indicators API; observation year 2019,2026-07-14T12:47:02Z,cc-by-4.0,https://creativecommons.org/licenses/by/4.0/,low,"Mortality is a severe-outcome context proxy. It does not measure pain intensity, duration, prevalence, disability, non-fatal suffering, or total welfare burden."
painmap-human-mortality-context-v1:BIH:unsafe-wash-mortality:2019,BIH,BIH,Bosnia and Herzegovina,unsafe-wash-mortality,SH.STA.WASH.P5,"Mortality attributed to unsafe water, sanitation and hygiene",1.9,"deaths per 100,000 population",2019,4,latest_common_year,world-bank-who-mortality-context,snapshot.world-bank-who-mortality-context.2026-07-14,World Health Organization estimate via World Bank Indicators API; observation year 2019,2026-07-14T12:47:02Z,cc-by-4.0,https://creativecommons.org/licenses/by/4.0/,low,"Mortality is a severe-outcome context proxy. It does not measure pain intensity, duration, prevalence, disability, non-fatal suffering, or total welfare burden."
painmap-human-mortality-context-v1:BWA:air-pollution-mortality:2019,BWA,BWA,Botswana,air-pollution-mortality,SH.STA.AIRP.P5,Mortality attributed to household and ambient air pollution,140.7,"deaths per 100,000 population",2019,1,latest_common_year,world-bank-who-mortality-context,snapshot.world-bank-who-mortality-context.2026-07-14,World Health Organization estimate via World Bank Indicators API; observation year 2019,2026-07-14T12:47:02Z,cc-by-4.0,https://creativecommons.org/licenses/by/4.0/,low,"Mortality is a severe-outcome context proxy. It does not measure pain intensity, duration, prevalence, disability, non-fatal suffering, or total welfare burden."
painmap-human-mortality-context-v1:BWA:unsafe-wash-mortality:2019,BWA,BWA,Botswana,unsafe-wash-mortality,SH.STA.WASH.P5,"Mortality attributed to unsafe water, sanitation and hygiene",26.8,"deaths per 100,000 population",2019,2,latest_common_year,world-bank-who-mortality-context,snapshot.world-bank-who-mortality-context.2026-07-14,World Health Organization estimate via World Bank Indicators API; observation year 2019,2026-07-14T12:47:02Z,cc-by-4.0,https://creativecommons.org/licenses/by/4.0/,low,"Mortality is a severe-outcome context proxy. It does not measure pain intensity, duration, prevalence, disability, non-fatal suffering, or total welfare burden."
painmap-human-mortality-context-v1:BWA:road-traffic-mortality:2019,BWA,BWA,Botswana,road-traffic-mortality,SH.STA.TRAF.P5,Road traffic mortality,26.4,"deaths per 100,000 population",2019,3,latest_common_year,world-bank-who-mortality-context,snapshot.world-bank-who-mortality-context.2026-07-14,World Health Organization estimate via World Bank Indicators API; observation year 2019,2026-07-14T12:47:02Z,cc-by-4.0,https://creativecommons.org/licenses/by/4.0/,low,"Mortality is a severe-outcome context proxy. It does not measure pain intensity, duration, prevalence, disability, non-fatal suffering, or total welfare burden."
painmap-human-mortality-context-v1:BWA:suicide-mortality:2019,BWA,BWA,Botswana,suicide-mortality,SH.STA.SUIC.P5,Suicide mortality,8.99,"deaths per 100,000 population",2019,4,latest_common_year,world-bank-who-mortality-context,snapshot.world-bank-who-mortality-context.2026-07-14,World Health Organization estimate via World Bank Indicators API; observation year 2019,2026-07-14T12:47:02Z,cc-by-4.0,https://creativecommons.org/licenses/by/4.0/,low,"Mortality is a severe-outcome context proxy. It does not measure pain intensity, duration, prevalence, disability, non-fatal suffering, or total welfare burden."
painmap-human-mortality-context-v1:BRA:air-pollution-mortality:2019,BRA,BRA,Brazil,air-pollution-mortality,SH.STA.AIRP.P5,Mortality attributed to household and ambient air pollution,28.9,"deaths per 100,000 population",2019,1,latest_common_year,world-bank-who-mortality-context,snapshot.world-bank-who-mortality-context.2026-07-14,World Health Organization estimate via World Bank Indicators API; observation year 2019,2026-07-14T12:47:02Z,cc-by-4.0,https://creativecommons.org/licenses/by/4.0/,low,"Mortality is a severe-outcome context proxy. It does not measure pain intensity, duration, prevalence, disability, non-fatal suffering, or total welfare burden."
painmap-human-mortality-context-v1:BRA:road-traffic-mortality:2019,BRA,BRA,Brazil,road-traffic-mortality,SH.STA.TRAF.P5,Road traffic mortality,16,"deaths per 100,000 population",2019,2,latest_common_year,world-bank-who-mortality-context,snapshot.world-bank-who-mortality-context.2026-07-14,World Health Organization estimate via World Bank Indicators API; observation year 2019,2026-07-14T12:47:02Z,cc-by-4.0,https://creativecommons.org/licenses/by/4.0/,low,"Mortality is a severe-outcome context proxy. It does not measure pain intensity, duration, prevalence, disability, non-fatal suffering, or total welfare burden."
painmap-human-mortality-context-v1:BRA:suicide-mortality:2019,BRA,BRA,Brazil,suicide-mortality,SH.STA.SUIC.P5,Suicide mortality,6.71,"deaths per 100,000 population",2019,3,latest_common_year,world-bank-who-mortality-context,snapshot.world-bank-who-mortality-context.2026-07-14,World Health Organization estimate via World Bank Indicators API; observation year 2019,2026-07-14T12:47:02Z,cc-by-4.0,https://creativecommons.org/licenses/by/4.0/,low,"Mortality is a severe-outcome context proxy. It does not measure pain intensity, duration, prevalence, disability, non-fatal suffering, or total welfare burden."
painmap-human-mortality-context-v1:BRA:unsafe-wash-mortality:2019,BRA,BRA,Brazil,unsafe-wash-mortality,SH.STA.WASH.P5,"Mortality attributed to unsafe water, sanitation and hygiene",6.6,"deaths per 100,000 population",2019,4,latest_common_year,world-bank-who-mortality-context,snapshot.world-bank-who-mortality-context.2026-07-14,World Health Organization estimate via World Bank Indicators API; observation year 2019,2026-07-14T12:47:02Z,cc-by-4.0,https://creativecommons.org/licenses/by/4.0/,low,"Mortality is a severe-outcome context proxy. It does not measure pain intensity, duration, prevalence, disability, non-fatal suffering, or total welfare burden."
painmap-human-mortality-context-v1:BRN:air-pollution-mortality:2019,BRN,BRN,Brunei,air-pollution-mortality,SH.STA.AIRP.P5,Mortality attributed to household and ambient air pollution,19.6,"deaths per 100,000 population",2019,1,latest_common_year,world-bank-who-mortality-context,snapshot.world-bank-who-mortality-context.2026-07-14,World Health Organization estimate via World Bank Indicators API; observation year 2019,2026-07-14T12:47:02Z,cc-by-4.0,https://creativecommons.org/licenses/by/4.0/,low,"Mortality is a severe-outcome context proxy. It does not measure pain intensity, duration, prevalence, disability, non-fatal suffering, or total welfare burden."
painmap-human-mortality-context-v1:BRN:road-traffic-mortality:2019,BRN,BRN,Brunei,road-traffic-mortality,SH.STA.TRAF.P5,Road traffic mortality,7.5,"deaths per 100,000 population",2019,2,latest_common_year,world-bank-who-mortality-context,snapshot.world-bank-who-mortality-context.2026-07-14,World Health Organization estimate via World Bank Indicators API; observation year 2019,2026-07-14T12:47:02Z,cc-by-4.0,https://creativecommons.org/licenses/by/4.0/,low,"Mortality is a severe-outcome context proxy. It does not measure pain intensity, duration, prevalence, disability, non-fatal suffering, or total welfare burden."
painmap-human-mortality-context-v1:BRN:suicide-mortality:2019,BRN,BRN,Brunei,suicide-mortality,SH.STA.SUIC.P5,Suicide mortality,2.49,"deaths per 100,000 population",2019,3,latest_common_year,world-bank-who-mortality-context,snapshot.world-bank-who-mortality-context.2026-07-14,World Health Organization estimate via World Bank Indicators API; observation year 2019,2026-07-14T12:47:02Z,cc-by-4.0,https://creativecommons.org/licenses/by/4.0/,low,"Mortality is a severe-outcome context proxy. It does not measure pain intensity, duration, prevalence, disability, non-fatal suffering, or total welfare burden."
painmap-human-mortality-context-v1:BRN:unsafe-wash-mortality:2019,BRN,BRN,Brunei,unsafe-wash-mortality,SH.STA.WASH.P5,"Mortality attributed to unsafe water, sanitation and hygiene",1.7,"deaths per 100,000 population",2019,4,latest_common_year,world-bank-who-mortality-context,snapshot.world-bank-who-mortality-context.2026-07-14,World Health Organization estimate via World Bank Indicators API; observation year 2019,2026-07-14T12:47:02Z,cc-by-4.0,https://creativecommons.org/licenses/by/4.0/,low,"Mortality is a severe-outcome context proxy. It does not measure pain intensity, duration, prevalence, disability, non-fatal suffering, or total welfare burden."
painmap-human-mortality-context-v1:BGR:air-pollution-mortality:2019,BGR,BGR,Bulgaria,air-pollution-mortality,SH.STA.AIRP.P5,Mortality attributed to household and ambient air pollution,62.9,"deaths per 100,000 population",2019,1,latest_common_year,world-bank-who-mortality-context,snapshot.world-bank-who-mortality-context.2026-07-14,World Health Organization estimate via World Bank Indicators API; observation year 2019,2026-07-14T12:47:02Z,cc-by-4.0,https://creativecommons.org/licenses/by/4.0/,low,"Mortality is a severe-outcome context proxy. It does not measure pain intensity, duration, prevalence, disability, non-fatal suffering, or total welfare burden."
painmap-human-mortality-context-v1:BGR:road-traffic-mortality:2019,BGR,BGR,Bulgaria,road-traffic-mortality,SH.STA.TRAF.P5,Road traffic mortality,9.2,"deaths per 100,000 population",2019,2,latest_common_year,world-bank-who-mortality-context,snapshot.world-bank-who-mortality-context.2026-07-14,World Health Organization estimate via World Bank Indicators API; observation year 2019,2026-07-14T12:47:02Z,cc-by-4.0,https://creativecommons.org/licenses/by/4.0/,low,"Mortality is a severe-outcome context proxy. It does not measure pain intensity, duration, prevalence, disability, non-fatal suffering, or total welfare burden."
painmap-human-mortality-context-v1:BGR:suicide-mortality:2019,BGR,BGR,Bulgaria,suicide-mortality,SH.STA.SUIC.P5,Suicide mortality,9.02,"deaths per 100,000 population",2019,3,latest_common_year,world-bank-who-mortality-context,snapshot.world-bank-who-mortality-context.2026-07-14,World Health Organization estimate via World Bank Indicators API; observation year 2019,2026-07-14T12:47:02Z,cc-by-4.0,https://creativecommons.org/licenses/by/4.0/,low,"Mortality is a severe-outcome context proxy. It does not measure pain intensity, duration, prevalence, disability, non-fatal suffering, or total welfare burden."
painmap-human-mortality-context-v1:BGR:unsafe-wash-mortality:2019,BGR,BGR,Bulgaria,unsafe-wash-mortality,SH.STA.WASH.P5,"Mortality attributed to unsafe water, sanitation and hygiene",2.9,"deaths per 100,000 population",2019,4,latest_common_year,world-bank-who-mortality-context,snapshot.world-bank-who-mortality-context.2026-07-14,World Health Organization estimate via World Bank Indicators API; observation year 2019,2026-07-14T12:47:02Z,cc-by-4.0,https://creativecommons.org/licenses/by/4.0/,low,"Mortality is a severe-outcome context proxy. It does not measure pain intensity, duration, prevalence, disability, non-fatal suffering, or total welfare burden."
painmap-human-mortality-context-v1:BFA:air-pollution-mortality:2019,BFA,BFA,Burkina Faso,air-pollution-mortality,SH.STA.AIRP.P5,Mortality attributed to household and ambient air pollution,201.3,"deaths per 100,000 population",2019,1,latest_common_year,world-bank-who-mortality-context,snapshot.world-bank-who-mortality-context.2026-07-14,World Health Organization estimate via World Bank Indicators API; observation year 2019,2026-07-14T12:47:02Z,cc-by-4.0,https://creativecommons.org/licenses/by/4.0/,low,"Mortality is a severe-outcome context proxy. It does not measure pain intensity, duration, prevalence, disability, non-fatal suffering, or total welfare burden."
painmap-human-mortality-context-v1:BFA:unsafe-wash-mortality:2019,BFA,BFA,Burkina Faso,unsafe-wash-mortality,SH.STA.WASH.P5,"Mortality attributed to unsafe water, sanitation and hygiene",60.9,"deaths per 100,000 population",2019,2,latest_common_year,world-bank-who-mortality-context,snapshot.world-bank-who-mortality-context.2026-07-14,World Health Organization estimate via World Bank Indicators API; observation year 2019,2026-07-14T12:47:02Z,cc-by-4.0,https://creativecommons.org/licenses/by/4.0/,low,"Mortality is a severe-outcome context proxy. It does not measure pain intensity, duration, prevalence, disability, non-fatal suffering, or total welfare burden."
painmap-human-mortality-context-v1:BFA:road-traffic-mortality:2019,BFA,BFA,Burkina Faso,road-traffic-mortality,SH.STA.TRAF.P5,Road traffic mortality,31,"deaths per 100,000 population",2019,3,latest_common_year,world-bank-who-mortality-context,snapshot.world-bank-who-mortality-context.2026-07-14,World Health Organization estimate via World Bank Indicators API; observation year 2019,2026-07-14T12:47:02Z,cc-by-4.0,https://creativecommons.org/licenses/by/4.0/,low,"Mortality is a severe-outcome context proxy. It does not measure pain intensity, duration, prevalence, disability, non-fatal suffering, or total welfare burden."
painmap-human-mortality-context-v1:BFA:suicide-mortality:2019,BFA,BFA,Burkina Faso,suicide-mortality,SH.STA.SUIC.P5,Suicide mortality,8.45,"deaths per 100,000 population",2019,4,latest_common_year,world-bank-who-mortality-context,snapshot.world-bank-who-mortality-context.2026-07-14,World Health Organization estimate via World Bank Indicators API; observation year 2019,2026-07-14T12:47:02Z,cc-by-4.0,https://creativecommons.org/licenses/by/4.0/,low,"Mortality is a severe-outcome context proxy. It does not measure pain intensity, duration, prevalence, disability, non-fatal suffering, or total welfare burden."
painmap-human-mortality-context-v1:BDI:air-pollution-mortality:2019,BDI,BDI,Burundi,air-pollution-mortality,SH.STA.AIRP.P5,Mortality attributed to household and ambient air pollution,205.9,"deaths per 100,000 population",2019,1,latest_common_year,world-bank-who-mortality-context,snapshot.world-bank-who-mortality-context.2026-07-14,World Health Organization estimate via World Bank Indicators API; observation year 2019,2026-07-14T12:47:02Z,cc-by-4.0,https://creativecommons.org/licenses/by/4.0/,low,"Mortality is a severe-outcome context proxy. It does not measure pain intensity, duration, prevalence, disability, non-fatal suffering, or total welfare burden."
painmap-human-mortality-context-v1:BDI:unsafe-wash-mortality:2019,BDI,BDI,Burundi,unsafe-wash-mortality,SH.STA.WASH.P5,"Mortality attributed to unsafe water, sanitation and hygiene",53.3,"deaths per 100,000 population",2019,2,latest_common_year,world-bank-who-mortality-context,snapshot.world-bank-who-mortality-context.2026-07-14,World Health Organization estimate via World Bank Indicators API; observation year 2019,2026-07-14T12:47:02Z,cc-by-4.0,https://creativecommons.org/licenses/by/4.0/,low,"Mortality is a severe-outcome context proxy. It does not measure pain intensity, duration, prevalence, disability, non-fatal suffering, or total welfare burden."
painmap-human-mortality-context-v1:BDI:road-traffic-mortality:2019,BDI,BDI,Burundi,road-traffic-mortality,SH.STA.TRAF.P5,Road traffic mortality,35.5,"deaths per 100,000 population",2019,3,latest_common_year,world-bank-who-mortality-context,snapshot.world-bank-who-mortality-context.2026-07-14,World Health Organization estimate via World Bank Indicators API; observation year 2019,2026-07-14T12:47:02Z,cc-by-4.0,https://creativecommons.org/licenses/by/4.0/,low,"Mortality is a severe-outcome context proxy. It does not measure pain intensity, duration, prevalence, disability, non-fatal suffering, or total welfare burden."
painmap-human-mortality-context-v1:BDI:suicide-mortality:2019,BDI,BDI,Burundi,suicide-mortality,SH.STA.SUIC.P5,Suicide mortality,6.88,"deaths per 100,000 population",2019,4,latest_common_year,world-bank-who-mortality-context,snapshot.world-bank-who-mortality-context.2026-07-14,World Health Organization estimate via World Bank Indicators API; observation year 2019,2026-07-14T12:47:02Z,cc-by-4.0,https://creativecommons.org/licenses/by/4.0/,low,"Mortality is a severe-outcome context proxy. It does not measure pain intensity, duration, prevalence, disability, non-fatal suffering, or total welfare burden."
painmap-human-mortality-context-v1:KHM:air-pollution-mortality:2019,KHM,KHM,Cambodia,air-pollution-mortality,SH.STA.AIRP.P5,Mortality attributed to household and ambient air pollution,163.3,"deaths per 100,000 population",2019,1,latest_common_year,world-bank-who-mortality-context,snapshot.world-bank-who-mortality-context.2026-07-14,World Health Organization estimate via World Bank Indicators API; observation year 2019,2026-07-14T12:47:02Z,cc-by-4.0,https://creativecommons.org/licenses/by/4.0/,low,"Mortality is a severe-outcome context proxy. It does not measure pain intensity, duration, prevalence, disability, non-fatal suffering, or total welfare burden."
painmap-human-mortality-context-v1:KHM:road-traffic-mortality:2019,KHM,KHM,Cambodia,road-traffic-mortality,SH.STA.TRAF.P5,Road traffic mortality,19.6,"deaths per 100,000 population",2019,2,latest_common_year,world-bank-who-mortality-context,snapshot.world-bank-who-mortality-context.2026-07-14,World Health Organization estimate via World Bank Indicators API; observation year 2019,2026-07-14T12:47:02Z,cc-by-4.0,https://creativecommons.org/licenses/by/4.0/,low,"Mortality is a severe-outcome context proxy. It does not measure pain intensity, duration, prevalence, disability, non-fatal suffering, or total welfare burden."
painmap-human-mortality-context-v1:KHM:unsafe-wash-mortality:2019,KHM,KHM,Cambodia,unsafe-wash-mortality,SH.STA.WASH.P5,"Mortality attributed to unsafe water, sanitation and hygiene",17.1,"deaths per 100,000 population",2019,3,latest_common_year,world-bank-who-mortality-context,snapshot.world-bank-who-mortality-context.2026-07-14,World Health Organization estimate via World Bank Indicators API; observation year 2019,2026-07-14T12:47:02Z,cc-by-4.0,https://creativecommons.org/licenses/by/4.0/,low,"Mortality is a severe-outcome context proxy. It does not measure pain intensity, duration, prevalence, disability, non-fatal suffering, or total welfare burden."
painmap-human-mortality-context-v1:KHM:suicide-mortality:2019,KHM,KHM,Cambodia,suicide-mortality,SH.STA.SUIC.P5,Suicide mortality,4.46,"deaths per 100,000 population",2019,4,latest_common_year,world-bank-who-mortality-context,snapshot.world-bank-who-mortality-context.2026-07-14,World Health Organization estimate via World Bank Indicators API; observation year 2019,2026-07-14T12:47:02Z,cc-by-4.0,https://creativecommons.org/licenses/by/4.0/,low,"Mortality is a severe-outcome context proxy. It does not measure pain intensity, duration, prevalence, disability, non-fatal suffering, or total welfare burden."
painmap-human-mortality-context-v1:CMR:air-pollution-mortality:2019,CMR,CMR,Cameroon,air-pollution-mortality,SH.STA.AIRP.P5,Mortality attributed to household and ambient air pollution,206.7,"deaths per 100,000 population",2019,1,latest_common_year,world-bank-who-mortality-context,snapshot.world-bank-who-mortality-context.2026-07-14,World Health Organization estimate via World Bank Indicators API; observation year 2019,2026-07-14T12:47:02Z,cc-by-4.0,https://creativecommons.org/licenses/by/4.0/,low,"Mortality is a severe-outcome context proxy. It does not measure pain intensity, duration, prevalence, disability, non-fatal suffering, or total welfare burden."
painmap-human-mortality-context-v1:CMR:unsafe-wash-mortality:2019,CMR,CMR,Cameroon,unsafe-wash-mortality,SH.STA.WASH.P5,"Mortality attributed to unsafe water, sanitation and hygiene",47.3,"deaths per 100,000 population",2019,2,latest_common_year,world-bank-who-mortality-context,snapshot.world-bank-who-mortality-context.2026-07-14,World Health Organization estimate via World Bank Indicators API; observation year 2019,2026-07-14T12:47:02Z,cc-by-4.0,https://creativecommons.org/licenses/by/4.0/,low,"Mortality is a severe-outcome context proxy. It does not measure pain intensity, duration, prevalence, disability, non-fatal suffering, or total welfare burden."
painmap-human-mortality-context-v1:CMR:road-traffic-mortality:2019,CMR,CMR,Cameroon,road-traffic-mortality,SH.STA.TRAF.P5,Road traffic mortality,30.2,"deaths per 100,000 population",2019,3,latest_common_year,world-bank-who-mortality-context,snapshot.world-bank-who-mortality-context.2026-07-14,World Health Organization estimate via World Bank Indicators API; observation year 2019,2026-07-14T12:47:02Z,cc-by-4.0,https://creativecommons.org/licenses/by/4.0/,low,"Mortality is a severe-outcome context proxy. It does not measure pain intensity, duration, prevalence, disability, non-fatal suffering, or total welfare burden."
painmap-human-mortality-context-v1:CMR:suicide-mortality:2019,CMR,CMR,Cameroon,suicide-mortality,SH.STA.SUIC.P5,Suicide mortality,8.22,"deaths per 100,000 population",2019,4,latest_common_year,world-bank-who-mortality-context,snapshot.world-bank-who-mortality-context.2026-07-14,World Health Organization estimate via World Bank Indicators API; observation year 2019,2026-07-14T12:47:02Z,cc-by-4.0,https://creativecommons.org/licenses/by/4.0/,low,"Mortality is a severe-outcome context proxy. It does not measure pain intensity, duration, prevalence, disability, non-fatal suffering, or total welfare burden."
painmap-human-mortality-context-v1:CAN:suicide-mortality:2019,CAN,CAN,Canada,suicide-mortality,SH.STA.SUIC.P5,Suicide mortality,12.69,"deaths per 100,000 population",2019,1,latest_common_year,world-bank-who-mortality-context,snapshot.world-bank-who-mortality-context.2026-07-14,World Health Organization estimate via World Bank Indicators API; observation year 2019,2026-07-14T12:47:02Z,cc-by-4.0,https://creativecommons.org/licenses/by/4.0/,low,"Mortality is a severe-outcome context proxy. It does not measure pain intensity, duration, prevalence, disability, non-fatal suffering, or total welfare burden."
painmap-human-mortality-context-v1:CAN:air-pollution-mortality:2019,CAN,CAN,Canada,air-pollution-mortality,SH.STA.AIRP.P5,Mortality attributed to household and ambient air pollution,8.1,"deaths per 100,000 population",2019,2,latest_common_year,world-bank-who-mortality-context,snapshot.world-bank-who-mortality-context.2026-07-14,World Health Organization estimate via World Bank Indicators API; observation year 2019,2026-07-14T12:47:02Z,cc-by-4.0,https://creativecommons.org/licenses/by/4.0/,low,"Mortality is a severe-outcome context proxy. It does not measure pain intensity, duration, prevalence, disability, non-fatal suffering, or total welfare burden."
painmap-human-mortality-context-v1:CAN:road-traffic-mortality:2019,CAN,CAN,Canada,road-traffic-mortality,SH.STA.TRAF.P5,Road traffic mortality,5.3,"deaths per 100,000 population",2019,3,latest_common_year,world-bank-who-mortality-context,snapshot.world-bank-who-mortality-context.2026-07-14,World Health Organization estimate via World Bank Indicators API; observation year 2019,2026-07-14T12:47:02Z,cc-by-4.0,https://creativecommons.org/licenses/by/4.0/,low,"Mortality is a severe-outcome context proxy. It does not measure pain intensity, duration, prevalence, disability, non-fatal suffering, or total welfare burden."
painmap-human-mortality-context-v1:CAN:unsafe-wash-mortality:2019,CAN,CAN,Canada,unsafe-wash-mortality,SH.STA.WASH.P5,"Mortality attributed to unsafe water, sanitation and hygiene",2.3,"deaths per 100,000 population",2019,4,latest_common_year,world-bank-who-mortality-context,snapshot.world-bank-who-mortality-context.2026-07-14,World Health Organization estimate via World Bank Indicators API; observation year 2019,2026-07-14T12:47:02Z,cc-by-4.0,https://creativecommons.org/licenses/by/4.0/,low,"Mortality is a severe-outcome context proxy. It does not measure pain intensity, duration, prevalence, disability, non-fatal suffering, or total welfare burden."
painmap-human-mortality-context-v1:CPV:air-pollution-mortality:2019,CPV,CPV,Cape Verde,air-pollution-mortality,SH.STA.AIRP.P5,Mortality attributed to household and ambient air pollution,91.2,"deaths per 100,000 population",2019,1,latest_common_year,world-bank-who-mortality-context,snapshot.world-bank-who-mortality-context.2026-07-14,World Health Organization estimate via World Bank Indicators API; observation year 2019,2026-07-14T12:47:02Z,cc-by-4.0,https://creativecommons.org/licenses/by/4.0/,low,"Mortality is a severe-outcome context proxy. It does not measure pain intensity, duration, prevalence, disability, non-fatal suffering, or total welfare burden."
painmap-human-mortality-context-v1:CPV:road-traffic-mortality:2019,CPV,CPV,Cape Verde,road-traffic-mortality,SH.STA.TRAF.P5,Road traffic mortality,26.8,"deaths per 100,000 population",2019,2,latest_common_year,world-bank-who-mortality-context,snapshot.world-bank-who-mortality-context.2026-07-14,World Health Organization estimate via World Bank Indicators API; observation year 2019,2026-07-14T12:47:02Z,cc-by-4.0,https://creativecommons.org/licenses/by/4.0/,low,"Mortality is a severe-outcome context proxy. It does not measure pain intensity, duration, prevalence, disability, non-fatal suffering, or total welfare burden."
painmap-human-mortality-context-v1:CPV:suicide-mortality:2019,CPV,CPV,Cape Verde,suicide-mortality,SH.STA.SUIC.P5,Suicide mortality,14.56,"deaths per 100,000 population",2019,3,latest_common_year,world-bank-who-mortality-context,snapshot.world-bank-who-mortality-context.2026-07-14,World Health Organization estimate via World Bank Indicators API; observation year 2019,2026-07-14T12:47:02Z,cc-by-4.0,https://creativecommons.org/licenses/by/4.0/,low,"Mortality is a severe-outcome context proxy. It does not measure pain intensity, duration, prevalence, disability, non-fatal suffering, or total welfare burden."
painmap-human-mortality-context-v1:CPV:unsafe-wash-mortality:2019,CPV,CPV,Cape Verde,unsafe-wash-mortality,SH.STA.WASH.P5,"Mortality attributed to unsafe water, sanitation and hygiene",12.1,"deaths per 100,000 population",2019,4,latest_common_year,world-bank-who-mortality-context,snapshot.world-bank-who-mortality-context.2026-07-14,World Health Organization estimate via World Bank Indicators API; observation year 2019,2026-07-14T12:47:02Z,cc-by-4.0,https://creativecommons.org/licenses/by/4.0/,low,"Mortality is a severe-outcome context proxy. It does not measure pain intensity, duration, prevalence, disability, non-fatal suffering, or total welfare burden."
painmap-human-mortality-context-v1:CAF:air-pollution-mortality:2019,CAF,CAF,Central African Republic,air-pollution-mortality,SH.STA.AIRP.P5,Mortality attributed to household and ambient air pollution,305.1,"deaths per 100,000 population",2019,1,latest_common_year,world-bank-who-mortality-context,snapshot.world-bank-who-mortality-context.2026-07-14,World Health Organization estimate via World Bank Indicators API; observation year 2019,2026-07-14T12:47:02Z,cc-by-4.0,https://creativecommons.org/licenses/by/4.0/,low,"Mortality is a severe-outcome context proxy. It does not measure pain intensity, duration, prevalence, disability, non-fatal suffering, or total welfare burden."
painmap-human-mortality-context-v1:CAF:unsafe-wash-mortality:2019,CAF,CAF,Central African Republic,unsafe-wash-mortality,SH.STA.WASH.P5,"Mortality attributed to unsafe water, sanitation and hygiene",97,"deaths per 100,000 population",2019,2,latest_common_year,world-bank-who-mortality-context,snapshot.world-bank-who-mortality-context.2026-07-14,World Health Organization estimate via World Bank Indicators API; observation year 2019,2026-07-14T12:47:02Z,cc-by-4.0,https://creativecommons.org/licenses/by/4.0/,low,"Mortality is a severe-outcome context proxy. It does not measure pain intensity, duration, prevalence, disability, non-fatal suffering, or total welfare burden."
painmap-human-mortality-context-v1:CAF:road-traffic-mortality:2019,CAF,CAF,Central African Republic,road-traffic-mortality,SH.STA.TRAF.P5,Road traffic mortality,37.7,"deaths per 100,000 population",2019,3,latest_common_year,world-bank-who-mortality-context,snapshot.world-bank-who-mortality-context.2026-07-14,World Health Organization estimate via World Bank Indicators API; observation year 2019,2026-07-14T12:47:02Z,cc-by-4.0,https://creativecommons.org/licenses/by/4.0/,low,"Mortality is a severe-outcome context proxy. It does not measure pain intensity, duration, prevalence, disability, non-fatal suffering, or total welfare burden."
painmap-human-mortality-context-v1:CAF:suicide-mortality:2019,CAF,CAF,Central African Republic,suicide-mortality,SH.STA.SUIC.P5,Suicide mortality,9.45,"deaths per 100,000 population",2019,4,latest_common_year,world-bank-who-mortality-context,snapshot.world-bank-who-mortality-context.2026-07-14,World Health Organization estimate via World Bank Indicators API; observation year 2019,2026-07-14T12:47:02Z,cc-by-4.0,https://creativecommons.org/licenses/by/4.0/,low,"Mortality is a severe-outcome context proxy. It does not measure pain intensity, duration, prevalence, disability, non-fatal suffering, or total welfare burden."
painmap-human-mortality-context-v1:TCD:air-pollution-mortality:2019,TCD,TCD,Chad,air-pollution-mortality,SH.STA.AIRP.P5,Mortality attributed to household and ambient air pollution,227.4,"deaths per 100,000 population",2019,1,latest_common_year,world-bank-who-mortality-context,snapshot.world-bank-who-mortality-context.2026-07-14,World Health Organization estimate via World Bank Indicators API; observation year 2019,2026-07-14T12:47:02Z,cc-by-4.0,https://creativecommons.org/licenses/by/4.0/,low,"Mortality is a severe-outcome context proxy. It does not measure pain intensity, duration, prevalence, disability, non-fatal suffering, or total welfare burden."
painmap-human-mortality-context-v1:TCD:unsafe-wash-mortality:2019,TCD,TCD,Chad,unsafe-wash-mortality,SH.STA.WASH.P5,"Mortality attributed to unsafe water, sanitation and hygiene",99.2,"deaths per 100,000 population",2019,2,latest_common_year,world-bank-who-mortality-context,snapshot.world-bank-who-mortality-context.2026-07-14,World Health Organization estimate via World Bank Indicators API; observation year 2019,2026-07-14T12:47:02Z,cc-by-4.0,https://creativecommons.org/licenses/by/4.0/,low,"Mortality is a severe-outcome context proxy. It does not measure pain intensity, duration, prevalence, disability, non-fatal suffering, or total welfare burden."
painmap-human-mortality-context-v1:TCD:road-traffic-mortality:2019,TCD,TCD,Chad,road-traffic-mortality,SH.STA.TRAF.P5,Road traffic mortality,32.4,"deaths per 100,000 population",2019,3,latest_common_year,world-bank-who-mortality-context,snapshot.world-bank-who-mortality-context.2026-07-14,World Health Organization estimate via World Bank Indicators API; observation year 2019,2026-07-14T12:47:02Z,cc-by-4.0,https://creativecommons.org/licenses/by/4.0/,low,"Mortality is a severe-outcome context proxy. It does not measure pain intensity, duration, prevalence, disability, non-fatal suffering, or total welfare burden."
painmap-human-mortality-context-v1:TCD:suicide-mortality:2019,TCD,TCD,Chad,suicide-mortality,SH.STA.SUIC.P5,Suicide mortality,5.26,"deaths per 100,000 population",2019,4,latest_common_year,world-bank-who-mortality-context,snapshot.world-bank-who-mortality-context.2026-07-14,World Health Organization estimate via World Bank Indicators API; observation year 2019,2026-07-14T12:47:02Z,cc-by-4.0,https://creativecommons.org/licenses/by/4.0/,low,"Mortality is a severe-outcome context proxy. It does not measure pain intensity, duration, prevalence, disability, non-fatal suffering, or total welfare burden."
painmap-human-mortality-context-v1:CHL:air-pollution-mortality:2019,CHL,CHL,Chile,air-pollution-mortality,SH.STA.AIRP.P5,Mortality attributed to household and ambient air pollution,17.9,"deaths per 100,000 population",2019,1,latest_common_year,world-bank-who-mortality-context,snapshot.world-bank-who-mortality-context.2026-07-14,World Health Organization estimate via World Bank Indicators API; observation year 2019,2026-07-14T12:47:02Z,cc-by-4.0,https://creativecommons.org/licenses/by/4.0/,low,"Mortality is a severe-outcome context proxy. It does not measure pain intensity, duration, prevalence, disability, non-fatal suffering, or total welfare burden."
painmap-human-mortality-context-v1:CHL:road-traffic-mortality:2019,CHL,CHL,Chile,road-traffic-mortality,SH.STA.TRAF.P5,Road traffic mortality,14.9,"deaths per 100,000 population",2019,2,latest_common_year,world-bank-who-mortality-context,snapshot.world-bank-who-mortality-context.2026-07-14,World Health Organization estimate via World Bank Indicators API; observation year 2019,2026-07-14T12:47:02Z,cc-by-4.0,https://creativecommons.org/licenses/by/4.0/,low,"Mortality is a severe-outcome context proxy. It does not measure pain intensity, duration, prevalence, disability, non-fatal suffering, or total welfare burden."
painmap-human-mortality-context-v1:CHL:suicide-mortality:2019,CHL,CHL,Chile,suicide-mortality,SH.STA.SUIC.P5,Suicide mortality,9.77,"deaths per 100,000 population",2019,3,latest_common_year,world-bank-who-mortality-context,snapshot.world-bank-who-mortality-context.2026-07-14,World Health Organization estimate via World Bank Indicators API; observation year 2019,2026-07-14T12:47:02Z,cc-by-4.0,https://creativecommons.org/licenses/by/4.0/,low,"Mortality is a severe-outcome context proxy. It does not measure pain intensity, duration, prevalence, disability, non-fatal suffering, or total welfare burden."
painmap-human-mortality-context-v1:CHL:unsafe-wash-mortality:2019,CHL,CHL,Chile,unsafe-wash-mortality,SH.STA.WASH.P5,"Mortality attributed to unsafe water, sanitation and hygiene",2.3,"deaths per 100,000 population",2019,4,latest_common_year,world-bank-who-mortality-context,snapshot.world-bank-who-mortality-context.2026-07-14,World Health Organization estimate via World Bank Indicators API; observation year 2019,2026-07-14T12:47:02Z,cc-by-4.0,https://creativecommons.org/licenses/by/4.0/,low,"Mortality is a severe-outcome context proxy. It does not measure pain intensity, duration, prevalence, disability, non-fatal suffering, or total welfare burden."
painmap-human-mortality-context-v1:COL:air-pollution-mortality:2019,COL,COL,Colombia,air-pollution-mortality,SH.STA.AIRP.P5,Mortality attributed to household and ambient air pollution,31.3,"deaths per 100,000 population",2019,1,latest_common_year,world-bank-who-mortality-context,snapshot.world-bank-who-mortality-context.2026-07-14,World Health Organization estimate via World Bank Indicators API; observation year 2019,2026-07-14T12:47:02Z,cc-by-4.0,https://creativecommons.org/licenses/by/4.0/,low,"Mortality is a severe-outcome context proxy. It does not measure pain intensity, duration, prevalence, disability, non-fatal suffering, or total welfare burden."
painmap-human-mortality-context-v1:COL:road-traffic-mortality:2019,COL,COL,Colombia,road-traffic-mortality,SH.STA.TRAF.P5,Road traffic mortality,15.4,"deaths per 100,000 population",2019,2,latest_common_year,world-bank-who-mortality-context,snapshot.world-bank-who-mortality-context.2026-07-14,World Health Organization estimate via World Bank Indicators API; observation year 2019,2026-07-14T12:47:02Z,cc-by-4.0,https://creativecommons.org/licenses/by/4.0/,low,"Mortality is a severe-outcome context proxy. It does not measure pain intensity, duration, prevalence, disability, non-fatal suffering, or total welfare burden."
painmap-human-mortality-context-v1:COL:suicide-mortality:2019,COL,COL,Colombia,suicide-mortality,SH.STA.SUIC.P5,Suicide mortality,5.11,"deaths per 100,000 population",2019,3,latest_common_year,world-bank-who-mortality-context,snapshot.world-bank-who-mortality-context.2026-07-14,World Health Organization estimate via World Bank Indicators API; observation year 2019,2026-07-14T12:47:02Z,cc-by-4.0,https://creativecommons.org/licenses/by/4.0/,low,"Mortality is a severe-outcome context proxy. It does not measure pain intensity, duration, prevalence, disability, non-fatal suffering, or total welfare burden."
painmap-human-mortality-context-v1:COL:unsafe-wash-mortality:2019,COL,COL,Colombia,unsafe-wash-mortality,SH.STA.WASH.P5,"Mortality attributed to unsafe water, sanitation and hygiene",3.4,"deaths per 100,000 population",2019,4,latest_common_year,world-bank-who-mortality-context,snapshot.world-bank-who-mortality-context.2026-07-14,World Health Organization estimate via World Bank Indicators API; observation year 2019,2026-07-14T12:47:02Z,cc-by-4.0,https://creativecommons.org/licenses/by/4.0/,low,"Mortality is a severe-outcome context proxy. It does not measure pain intensity, duration, prevalence, disability, non-fatal suffering, or total welfare burden."
painmap-human-mortality-context-v1:COM:air-pollution-mortality:2019,COM,COM,Comoros,air-pollution-mortality,SH.STA.AIRP.P5,Mortality attributed to household and ambient air pollution,164.6,"deaths per 100,000 population",2019,1,latest_common_year,world-bank-who-mortality-context,snapshot.world-bank-who-mortality-context.2026-07-14,World Health Organization estimate via World Bank Indicators API; observation year 2019,2026-07-14T12:47:02Z,cc-by-4.0,https://creativecommons.org/licenses/by/4.0/,low,"Mortality is a severe-outcome context proxy. It does not measure pain intensity, duration, prevalence, disability, non-fatal suffering, or total welfare burden."
painmap-human-mortality-context-v1:COM:unsafe-wash-mortality:2019,COM,COM,Comoros,unsafe-wash-mortality,SH.STA.WASH.P5,"Mortality attributed to unsafe water, sanitation and hygiene",43.8,"deaths per 100,000 population",2019,2,latest_common_year,world-bank-who-mortality-context,snapshot.world-bank-who-mortality-context.2026-07-14,World Health Organization estimate via World Bank Indicators API; observation year 2019,2026-07-14T12:47:02Z,cc-by-4.0,https://creativecommons.org/licenses/by/4.0/,low,"Mortality is a severe-outcome context proxy. It does not measure pain intensity, duration, prevalence, disability, non-fatal suffering, or total welfare burden."
painmap-human-mortality-context-v1:COM:road-traffic-mortality:2019,COM,COM,Comoros,road-traffic-mortality,SH.STA.TRAF.P5,Road traffic mortality,26.6,"deaths per 100,000 population",2019,3,latest_common_year,world-bank-who-mortality-context,snapshot.world-bank-who-mortality-context.2026-07-14,World Health Organization estimate via World Bank Indicators API; observation year 2019,2026-07-14T12:47:02Z,cc-by-4.0,https://creativecommons.org/licenses/by/4.0/,low,"Mortality is a severe-outcome context proxy. It does not measure pain intensity, duration, prevalence, disability, non-fatal suffering, or total welfare burden."
painmap-human-mortality-context-v1:COM:suicide-mortality:2019,COM,COM,Comoros,suicide-mortality,SH.STA.SUIC.P5,Suicide mortality,6.18,"deaths per 100,000 population",2019,4,latest_common_year,world-bank-who-mortality-context,snapshot.world-bank-who-mortality-context.2026-07-14,World Health Organization estimate via World Bank Indicators API; observation year 2019,2026-07-14T12:47:02Z,cc-by-4.0,https://creativecommons.org/licenses/by/4.0/,low,"Mortality is a severe-outcome context proxy. It does not measure pain intensity, duration, prevalence, disability, non-fatal suffering, or total welfare burden."
painmap-human-mortality-context-v1:CRI:air-pollution-mortality:2019,CRI,CRI,Costa Rica,air-pollution-mortality,SH.STA.AIRP.P5,Mortality attributed to household and ambient air pollution,17.8,"deaths per 100,000 population",2019,1,latest_common_year,world-bank-who-mortality-context,snapshot.world-bank-who-mortality-context.2026-07-14,World Health Organization estimate via World Bank Indicators API; observation year 2019,2026-07-14T12:47:02Z,cc-by-4.0,https://creativecommons.org/licenses/by/4.0/,low,"Mortality is a severe-outcome context proxy. It does not measure pain intensity, duration, prevalence, disability, non-fatal suffering, or total welfare burden."
painmap-human-mortality-context-v1:CRI:road-traffic-mortality:2019,CRI,CRI,Costa Rica,road-traffic-mortality,SH.STA.TRAF.P5,Road traffic mortality,14.8,"deaths per 100,000 population",2019,2,latest_common_year,world-bank-who-mortality-context,snapshot.world-bank-who-mortality-context.2026-07-14,World Health Organization estimate via World Bank Indicators API; observation year 2019,2026-07-14T12:47:02Z,cc-by-4.0,https://creativecommons.org/licenses/by/4.0/,low,"Mortality is a severe-outcome context proxy. It does not measure pain intensity, duration, prevalence, disability, non-fatal suffering, or total welfare burden."
painmap-human-mortality-context-v1:CRI:suicide-mortality:2019,CRI,CRI,Costa Rica,suicide-mortality,SH.STA.SUIC.P5,Suicide mortality,7.06,"deaths per 100,000 population",2019,3,latest_common_year,world-bank-who-mortality-context,snapshot.world-bank-who-mortality-context.2026-07-14,World Health Organization estimate via World Bank Indicators API; observation year 2019,2026-07-14T12:47:02Z,cc-by-4.0,https://creativecommons.org/licenses/by/4.0/,low,"Mortality is a severe-outcome context proxy. It does not measure pain intensity, duration, prevalence, disability, non-fatal suffering, or total welfare burden."
painmap-human-mortality-context-v1:CRI:unsafe-wash-mortality:2019,CRI,CRI,Costa Rica,unsafe-wash-mortality,SH.STA.WASH.P5,"Mortality attributed to unsafe water, sanitation and hygiene",2.9,"deaths per 100,000 population",2019,4,latest_common_year,world-bank-who-mortality-context,snapshot.world-bank-who-mortality-context.2026-07-14,World Health Organization estimate via World Bank Indicators API; observation year 2019,2026-07-14T12:47:02Z,cc-by-4.0,https://creativecommons.org/licenses/by/4.0/,low,"Mortality is a severe-outcome context proxy. It does not measure pain intensity, duration, prevalence, disability, non-fatal suffering, or total welfare burden."
painmap-human-mortality-context-v1:HRV:air-pollution-mortality:2019,HRV,HRV,Croatia,air-pollution-mortality,SH.STA.AIRP.P5,Mortality attributed to household and ambient air pollution,31.3,"deaths per 100,000 population",2019,1,latest_common_year,world-bank-who-mortality-context,snapshot.world-bank-who-mortality-context.2026-07-14,World Health Organization estimate via World Bank Indicators API; observation year 2019,2026-07-14T12:47:02Z,cc-by-4.0,https://creativecommons.org/licenses/by/4.0/,low,"Mortality is a severe-outcome context proxy. It does not measure pain intensity, duration, prevalence, disability, non-fatal suffering, or total welfare burden."
painmap-human-mortality-context-v1:HRV:suicide-mortality:2019,HRV,HRV,Croatia,suicide-mortality,SH.STA.SUIC.P5,Suicide mortality,14.91,"deaths per 100,000 population",2019,2,latest_common_year,world-bank-who-mortality-context,snapshot.world-bank-who-mortality-context.2026-07-14,World Health Organization estimate via World Bank Indicators API; observation year 2019,2026-07-14T12:47:02Z,cc-by-4.0,https://creativecommons.org/licenses/by/4.0/,low,"Mortality is a severe-outcome context proxy. It does not measure pain intensity, duration, prevalence, disability, non-fatal suffering, or total welfare burden."
painmap-human-mortality-context-v1:HRV:road-traffic-mortality:2019,HRV,HRV,Croatia,road-traffic-mortality,SH.STA.TRAF.P5,Road traffic mortality,7.9,"deaths per 100,000 population",2019,3,latest_common_year,world-bank-who-mortality-context,snapshot.world-bank-who-mortality-context.2026-07-14,World Health Organization estimate via World Bank Indicators API; observation year 2019,2026-07-14T12:47:02Z,cc-by-4.0,https://creativecommons.org/licenses/by/4.0/,low,"Mortality is a severe-outcome context proxy. It does not measure pain intensity, duration, prevalence, disability, non-fatal suffering, or total welfare burden."
painmap-human-mortality-context-v1:HRV:unsafe-wash-mortality:2019,HRV,HRV,Croatia,unsafe-wash-mortality,SH.STA.WASH.P5,"Mortality attributed to unsafe water, sanitation and hygiene",2.7,"deaths per 100,000 population",2019,4,latest_common_year,world-bank-who-mortality-context,snapshot.world-bank-who-mortality-context.2026-07-14,World Health Organization estimate via World Bank Indicators API; observation year 2019,2026-07-14T12:47:02Z,cc-by-4.0,https://creativecommons.org/licenses/by/4.0/,low,"Mortality is a severe-outcome context proxy. It does not measure pain intensity, duration, prevalence, disability, non-fatal suffering, or total welfare burden."
painmap-human-mortality-context-v1:CUB:air-pollution-mortality:2019,CUB,CUB,Cuba,air-pollution-mortality,SH.STA.AIRP.P5,Mortality attributed to household and ambient air pollution,41.9,"deaths per 100,000 population",2019,1,latest_common_year,world-bank-who-mortality-context,snapshot.world-bank-who-mortality-context.2026-07-14,World Health Organization estimate via World Bank Indicators API; observation year 2019,2026-07-14T12:47:02Z,cc-by-4.0,https://creativecommons.org/licenses/by/4.0/,low,"Mortality is a severe-outcome context proxy. It does not measure pain intensity, duration, prevalence, disability, non-fatal suffering, or total welfare burden."
painmap-human-mortality-context-v1:CUB:suicide-mortality:2019,CUB,CUB,Cuba,suicide-mortality,SH.STA.SUIC.P5,Suicide mortality,13.79,"deaths per 100,000 population",2019,2,latest_common_year,world-bank-who-mortality-context,snapshot.world-bank-who-mortality-context.2026-07-14,World Health Organization estimate via World Bank Indicators API; observation year 2019,2026-07-14T12:47:02Z,cc-by-4.0,https://creativecommons.org/licenses/by/4.0/,low,"Mortality is a severe-outcome context proxy. It does not measure pain intensity, duration, prevalence, disability, non-fatal suffering, or total welfare burden."
painmap-human-mortality-context-v1:CUB:unsafe-wash-mortality:2019,CUB,CUB,Cuba,unsafe-wash-mortality,SH.STA.WASH.P5,"Mortality attributed to unsafe water, sanitation and hygiene",9.7,"deaths per 100,000 population",2019,3,latest_common_year,world-bank-who-mortality-context,snapshot.world-bank-who-mortality-context.2026-07-14,World Health Organization estimate via World Bank Indicators API; observation year 2019,2026-07-14T12:47:02Z,cc-by-4.0,https://creativecommons.org/licenses/by/4.0/,low,"Mortality is a severe-outcome context proxy. It does not measure pain intensity, duration, prevalence, disability, non-fatal suffering, or total welfare burden."
painmap-human-mortality-context-v1:CUB:road-traffic-mortality:2019,CUB,CUB,Cuba,road-traffic-mortality,SH.STA.TRAF.P5,Road traffic mortality,8.9,"deaths per 100,000 population",2019,4,latest_common_year,world-bank-who-mortality-context,snapshot.world-bank-who-mortality-context.2026-07-14,World Health Organization estimate via World Bank Indicators API; observation year 2019,2026-07-14T12:47:02Z,cc-by-4.0,https://creativecommons.org/licenses/by/4.0/,low,"Mortality is a severe-outcome context proxy. It does not measure pain intensity, duration, prevalence, disability, non-fatal suffering, or total welfare burden."
painmap-human-mortality-context-v1:CYP:air-pollution-mortality:2019,CYP,CYP,Cyprus,air-pollution-mortality,SH.STA.AIRP.P5,Mortality attributed to household and ambient air pollution,15.8,"deaths per 100,000 population",2019,1,latest_common_year,world-bank-who-mortality-context,snapshot.world-bank-who-mortality-context.2026-07-14,World Health Organization estimate via World Bank Indicators API; observation year 2019,2026-07-14T12:47:02Z,cc-by-4.0,https://creativecommons.org/licenses/by/4.0/,low,"Mortality is a severe-outcome context proxy. It does not measure pain intensity, duration, prevalence, disability, non-fatal suffering, or total welfare burden."
painmap-human-mortality-context-v1:CYP:road-traffic-mortality:2019,CYP,CYP,Cyprus,road-traffic-mortality,SH.STA.TRAF.P5,Road traffic mortality,5.8,"deaths per 100,000 population",2019,2,latest_common_year,world-bank-who-mortality-context,snapshot.world-bank-who-mortality-context.2026-07-14,World Health Organization estimate via World Bank Indicators API; observation year 2019,2026-07-14T12:47:02Z,cc-by-4.0,https://creativecommons.org/licenses/by/4.0/,low,"Mortality is a severe-outcome context proxy. It does not measure pain intensity, duration, prevalence, disability, non-fatal suffering, or total welfare burden."
painmap-human-mortality-context-v1:CYP:suicide-mortality:2019,CYP,CYP,Cyprus,suicide-mortality,SH.STA.SUIC.P5,Suicide mortality,4.5,"deaths per 100,000 population",2019,3,latest_common_year,world-bank-who-mortality-context,snapshot.world-bank-who-mortality-context.2026-07-14,World Health Organization estimate via World Bank Indicators API; observation year 2019,2026-07-14T12:47:02Z,cc-by-4.0,https://creativecommons.org/licenses/by/4.0/,low,"Mortality is a severe-outcome context proxy. It does not measure pain intensity, duration, prevalence, disability, non-fatal suffering, or total welfare burden."
painmap-human-mortality-context-v1:CYP:unsafe-wash-mortality:2019,CYP,CYP,Cyprus,unsafe-wash-mortality,SH.STA.WASH.P5,"Mortality attributed to unsafe water, sanitation and hygiene",1.6,"deaths per 100,000 population",2019,4,latest_common_year,world-bank-who-mortality-context,snapshot.world-bank-who-mortality-context.2026-07-14,World Health Organization estimate via World Bank Indicators API; observation year 2019,2026-07-14T12:47:02Z,cc-by-4.0,https://creativecommons.org/licenses/by/4.0/,low,"Mortality is a severe-outcome context proxy. It does not measure pain intensity, duration, prevalence, disability, non-fatal suffering, or total welfare burden."
painmap-human-mortality-context-v1:CZE:air-pollution-mortality:2019,CZE,CZE,Czech Republic,air-pollution-mortality,SH.STA.AIRP.P5,Mortality attributed to household and ambient air pollution,32.5,"deaths per 100,000 population",2019,1,latest_common_year,world-bank-who-mortality-context,snapshot.world-bank-who-mortality-context.2026-07-14,World Health Organization estimate via World Bank Indicators API; observation year 2019,2026-07-14T12:47:02Z,cc-by-4.0,https://creativecommons.org/licenses/by/4.0/,low,"Mortality is a severe-outcome context proxy. It does not measure pain intensity, duration, prevalence, disability, non-fatal suffering, or total welfare burden."
painmap-human-mortality-context-v1:CZE:suicide-mortality:2019,CZE,CZE,Czech Republic,suicide-mortality,SH.STA.SUIC.P5,Suicide mortality,12.23,"deaths per 100,000 population",2019,2,latest_common_year,world-bank-who-mortality-context,snapshot.world-bank-who-mortality-context.2026-07-14,World Health Organization estimate via World Bank Indicators API; observation year 2019,2026-07-14T12:47:02Z,cc-by-4.0,https://creativecommons.org/licenses/by/4.0/,low,"Mortality is a severe-outcome context proxy. It does not measure pain intensity, duration, prevalence, disability, non-fatal suffering, or total welfare burden."
painmap-human-mortality-context-v1:CZE:road-traffic-mortality:2019,CZE,CZE,Czech Republic,road-traffic-mortality,SH.STA.TRAF.P5,Road traffic mortality,5.9,"deaths per 100,000 population",2019,3,latest_common_year,world-bank-who-mortality-context,snapshot.world-bank-who-mortality-context.2026-07-14,World Health Organization estimate via World Bank Indicators API; observation year 2019,2026-07-14T12:47:02Z,cc-by-4.0,https://creativecommons.org/licenses/by/4.0/,low,"Mortality is a severe-outcome context proxy. It does not measure pain intensity, duration, prevalence, disability, non-fatal suffering, or total welfare burden."
painmap-human-mortality-context-v1:CZE:unsafe-wash-mortality:2019,CZE,CZE,Czech Republic,unsafe-wash-mortality,SH.STA.WASH.P5,"Mortality attributed to unsafe water, sanitation and hygiene",4.1,"deaths per 100,000 population",2019,4,latest_common_year,world-bank-who-mortality-context,snapshot.world-bank-who-mortality-context.2026-07-14,World Health Organization estimate via World Bank Indicators API; observation year 2019,2026-07-14T12:47:02Z,cc-by-4.0,https://creativecommons.org/licenses/by/4.0/,low,"Mortality is a severe-outcome context proxy. It does not measure pain intensity, duration, prevalence, disability, non-fatal suffering, or total welfare burden."
painmap-human-mortality-context-v1:COD:air-pollution-mortality:2019,COD,COD,Democratic Republic of the Congo,air-pollution-mortality,SH.STA.AIRP.P5,Mortality attributed to household and ambient air pollution,209.8,"deaths per 100,000 population",2019,1,latest_common_year,world-bank-who-mortality-context,snapshot.world-bank-who-mortality-context.2026-07-14,World Health Organization estimate via World Bank Indicators API; observation year 2019,2026-07-14T12:47:02Z,cc-by-4.0,https://creativecommons.org/licenses/by/4.0/,low,"Mortality is a severe-outcome context proxy. It does not measure pain intensity, duration, prevalence, disability, non-fatal suffering, or total welfare burden."
painmap-human-mortality-context-v1:COD:unsafe-wash-mortality:2019,COD,COD,Democratic Republic of the Congo,unsafe-wash-mortality,SH.STA.WASH.P5,"Mortality attributed to unsafe water, sanitation and hygiene",52.3,"deaths per 100,000 population",2019,2,latest_common_year,world-bank-who-mortality-context,snapshot.world-bank-who-mortality-context.2026-07-14,World Health Organization estimate via World Bank Indicators API; observation year 2019,2026-07-14T12:47:02Z,cc-by-4.0,https://creativecommons.org/licenses/by/4.0/,low,"Mortality is a severe-outcome context proxy. It does not measure pain intensity, duration, prevalence, disability, non-fatal suffering, or total welfare burden."
painmap-human-mortality-context-v1:COD:road-traffic-mortality:2019,COD,COD,Democratic Republic of the Congo,road-traffic-mortality,SH.STA.TRAF.P5,Road traffic mortality,34.9,"deaths per 100,000 population",2019,3,latest_common_year,world-bank-who-mortality-context,snapshot.world-bank-who-mortality-context.2026-07-14,World Health Organization estimate via World Bank Indicators API; observation year 2019,2026-07-14T12:47:02Z,cc-by-4.0,https://creativecommons.org/licenses/by/4.0/,low,"Mortality is a severe-outcome context proxy. It does not measure pain intensity, duration, prevalence, disability, non-fatal suffering, or total welfare burden."
painmap-human-mortality-context-v1:COD:suicide-mortality:2019,COD,COD,Democratic Republic of the Congo,suicide-mortality,SH.STA.SUIC.P5,Suicide mortality,8.33,"deaths per 100,000 population",2019,4,latest_common_year,world-bank-who-mortality-context,snapshot.world-bank-who-mortality-context.2026-07-14,World Health Organization estimate via World Bank Indicators API; observation year 2019,2026-07-14T12:47:02Z,cc-by-4.0,https://creativecommons.org/licenses/by/4.0/,low,"Mortality is a severe-outcome context proxy. It does not measure pain intensity, duration, prevalence, disability, non-fatal suffering, or total welfare burden."
painmap-human-mortality-context-v1:DNK:air-pollution-mortality:2019,DNK,DNK,Denmark,air-pollution-mortality,SH.STA.AIRP.P5,Mortality attributed to household and ambient air pollution,12.9,"deaths per 100,000 population",2019,1,latest_common_year,world-bank-who-mortality-context,snapshot.world-bank-who-mortality-context.2026-07-14,World Health Organization estimate via World Bank Indicators API; observation year 2019,2026-07-14T12:47:02Z,cc-by-4.0,https://creativecommons.org/licenses/by/4.0/,low,"Mortality is a severe-outcome context proxy. It does not measure pain intensity, duration, prevalence, disability, non-fatal suffering, or total welfare burden."
painmap-human-mortality-context-v1:DNK:suicide-mortality:2019,DNK,DNK,Denmark,suicide-mortality,SH.STA.SUIC.P5,Suicide mortality,11.42,"deaths per 100,000 population",2019,2,latest_common_year,world-bank-who-mortality-context,snapshot.world-bank-who-mortality-context.2026-07-14,World Health Organization estimate via World Bank Indicators API; observation year 2019,2026-07-14T12:47:02Z,cc-by-4.0,https://creativecommons.org/licenses/by/4.0/,low,"Mortality is a severe-outcome context proxy. It does not measure pain intensity, duration, prevalence, disability, non-fatal suffering, or total welfare burden."
painmap-human-mortality-context-v1:DNK:unsafe-wash-mortality:2019,DNK,DNK,Denmark,unsafe-wash-mortality,SH.STA.WASH.P5,"Mortality attributed to unsafe water, sanitation and hygiene",4.1,"deaths per 100,000 population",2019,3,latest_common_year,world-bank-who-mortality-context,snapshot.world-bank-who-mortality-context.2026-07-14,World Health Organization estimate via World Bank Indicators API; observation year 2019,2026-07-14T12:47:02Z,cc-by-4.0,https://creativecommons.org/licenses/by/4.0/,low,"Mortality is a severe-outcome context proxy. It does not measure pain intensity, duration, prevalence, disability, non-fatal suffering, or total welfare burden."
painmap-human-mortality-context-v1:DNK:road-traffic-mortality:2019,DNK,DNK,Denmark,road-traffic-mortality,SH.STA.TRAF.P5,Road traffic mortality,3.7,"deaths per 100,000 population",2019,4,latest_common_year,world-bank-who-mortality-context,snapshot.world-bank-who-mortality-context.2026-07-14,World Health Organization estimate via World Bank Indicators API; observation year 2019,2026-07-14T12:47:02Z,cc-by-4.0,https://creativecommons.org/licenses/by/4.0/,low,"Mortality is a severe-outcome context proxy. It does not measure pain intensity, duration, prevalence, disability, non-fatal suffering, or total welfare burden."
painmap-human-mortality-context-v1:DJI:air-pollution-mortality:2019,DJI,DJI,Djibouti,air-pollution-mortality,SH.STA.AIRP.P5,Mortality attributed to household and ambient air pollution,177.9,"deaths per 100,000 population",2019,1,latest_common_year,world-bank-who-mortality-context,snapshot.world-bank-who-mortality-context.2026-07-14,World Health Organization estimate via World Bank Indicators API; observation year 2019,2026-07-14T12:47:02Z,cc-by-4.0,https://creativecommons.org/licenses/by/4.0/,low,"Mortality is a severe-outcome context proxy. It does not measure pain intensity, duration, prevalence, disability, non-fatal suffering, or total welfare burden."
painmap-human-mortality-context-v1:DJI:unsafe-wash-mortality:2019,DJI,DJI,Djibouti,unsafe-wash-mortality,SH.STA.WASH.P5,"Mortality attributed to unsafe water, sanitation and hygiene",37.6,"deaths per 100,000 population",2019,2,latest_common_year,world-bank-who-mortality-context,snapshot.world-bank-who-mortality-context.2026-07-14,World Health Organization estimate via World Bank Indicators API; observation year 2019,2026-07-14T12:47:02Z,cc-by-4.0,https://creativecommons.org/licenses/by/4.0/,low,"Mortality is a severe-outcome context proxy. It does not measure pain intensity, duration, prevalence, disability, non-fatal suffering, or total welfare burden."
painmap-human-mortality-context-v1:DJI:road-traffic-mortality:2019,DJI,DJI,Djibouti,road-traffic-mortality,SH.STA.TRAF.P5,Road traffic mortality,23.5,"deaths per 100,000 population",2019,3,latest_common_year,world-bank-who-mortality-context,snapshot.world-bank-who-mortality-context.2026-07-14,World Health Organization estimate via World Bank Indicators API; observation year 2019,2026-07-14T12:47:02Z,cc-by-4.0,https://creativecommons.org/licenses/by/4.0/,low,"Mortality is a severe-outcome context proxy. It does not measure pain intensity, duration, prevalence, disability, non-fatal suffering, or total welfare burden."
painmap-human-mortality-context-v1:DJI:suicide-mortality:2019,DJI,DJI,Djibouti,suicide-mortality,SH.STA.SUIC.P5,Suicide mortality,8.02,"deaths per 100,000 population",2019,4,latest_common_year,world-bank-who-mortality-context,snapshot.world-bank-who-mortality-context.2026-07-14,World Health Organization estimate via World Bank Indicators API; observation year 2019,2026-07-14T12:47:02Z,cc-by-4.0,https://creativecommons.org/licenses/by/4.0/,low,"Mortality is a severe-outcome context proxy. It does not measure pain intensity, duration, prevalence, disability, non-fatal suffering, or total welfare burden."
painmap-human-mortality-context-v1:DMA:road-traffic-mortality:2016,DMA,DMA,Dominica,road-traffic-mortality,SH.STA.TRAF.P5,Road traffic mortality,10.9,"deaths per 100,000 population",2016,1,latest_available_mixed_years,world-bank-who-mortality-context,snapshot.world-bank-who-mortality-context.2026-07-14,World Health Organization estimate via World Bank Indicators API; observation year 2016,2026-07-14T12:47:02Z,cc-by-4.0,https://creativecommons.org/licenses/by/4.0/,low,"Mortality is a severe-outcome context proxy. It does not measure pain intensity, duration, prevalence, disability, non-fatal suffering, or total welfare burden."
painmap-human-mortality-context-v1:DOM:road-traffic-mortality:2019,DOM,DOM,Dominican Republic,road-traffic-mortality,SH.STA.TRAF.P5,Road traffic mortality,64.6,"deaths per 100,000 population",2019,1,latest_common_year,world-bank-who-mortality-context,snapshot.world-bank-who-mortality-context.2026-07-14,World Health Organization estimate via World Bank Indicators API; observation year 2019,2026-07-14T12:47:02Z,cc-by-4.0,https://creativecommons.org/licenses/by/4.0/,low,"Mortality is a severe-outcome context proxy. It does not measure pain intensity, duration, prevalence, disability, non-fatal suffering, or total welfare burden."
painmap-human-mortality-context-v1:DOM:air-pollution-mortality:2019,DOM,DOM,Dominican Republic,air-pollution-mortality,SH.STA.AIRP.P5,Mortality attributed to household and ambient air pollution,41.3,"deaths per 100,000 population",2019,2,latest_common_year,world-bank-who-mortality-context,snapshot.world-bank-who-mortality-context.2026-07-14,World Health Organization estimate via World Bank Indicators API; observation year 2019,2026-07-14T12:47:02Z,cc-by-4.0,https://creativecommons.org/licenses/by/4.0/,low,"Mortality is a severe-outcome context proxy. It does not measure pain intensity, duration, prevalence, disability, non-fatal suffering, or total welfare burden."
painmap-human-mortality-context-v1:DOM:suicide-mortality:2019,DOM,DOM,Dominican Republic,suicide-mortality,SH.STA.SUIC.P5,Suicide mortality,5.83,"deaths per 100,000 population",2019,3,latest_common_year,world-bank-who-mortality-context,snapshot.world-bank-who-mortality-context.2026-07-14,World Health Organization estimate via World Bank Indicators API; observation year 2019,2026-07-14T12:47:02Z,cc-by-4.0,https://creativecommons.org/licenses/by/4.0/,low,"Mortality is a severe-outcome context proxy. It does not measure pain intensity, duration, prevalence, disability, non-fatal suffering, or total welfare burden."
painmap-human-mortality-context-v1:DOM:unsafe-wash-mortality:2019,DOM,DOM,Dominican Republic,unsafe-wash-mortality,SH.STA.WASH.P5,"Mortality attributed to unsafe water, sanitation and hygiene",5.8,"deaths per 100,000 population",2019,4,latest_common_year,world-bank-who-mortality-context,snapshot.world-bank-who-mortality-context.2026-07-14,World Health Organization estimate via World Bank Indicators API; observation year 2019,2026-07-14T12:47:02Z,cc-by-4.0,https://creativecommons.org/licenses/by/4.0/,low,"Mortality is a severe-outcome context proxy. It does not measure pain intensity, duration, prevalence, disability, non-fatal suffering, or total welfare burden."
painmap-human-mortality-context-v1:TLS:air-pollution-mortality:2019,TLS,TLS,East Timor,air-pollution-mortality,SH.STA.AIRP.P5,Mortality attributed to household and ambient air pollution,185.6,"deaths per 100,000 population",2019,1,latest_common_year,world-bank-who-mortality-context,snapshot.world-bank-who-mortality-context.2026-07-14,World Health Organization estimate via World Bank Indicators API; observation year 2019,2026-07-14T12:47:02Z,cc-by-4.0,https://creativecommons.org/licenses/by/4.0/,low,"Mortality is a severe-outcome context proxy. It does not measure pain intensity, duration, prevalence, disability, non-fatal suffering, or total welfare burden."
painmap-human-mortality-context-v1:TLS:unsafe-wash-mortality:2019,TLS,TLS,East Timor,unsafe-wash-mortality,SH.STA.WASH.P5,"Mortality attributed to unsafe water, sanitation and hygiene",20.4,"deaths per 100,000 population",2019,2,latest_common_year,world-bank-who-mortality-context,snapshot.world-bank-who-mortality-context.2026-07-14,World Health Organization estimate via World Bank Indicators API; observation year 2019,2026-07-14T12:47:02Z,cc-by-4.0,https://creativecommons.org/licenses/by/4.0/,low,"Mortality is a severe-outcome context proxy. It does not measure pain intensity, duration, prevalence, disability, non-fatal suffering, or total welfare burden."
painmap-human-mortality-context-v1:TLS:road-traffic-mortality:2019,TLS,TLS,East Timor,road-traffic-mortality,SH.STA.TRAF.P5,Road traffic mortality,11.9,"deaths per 100,000 population",2019,3,latest_common_year,world-bank-who-mortality-context,snapshot.world-bank-who-mortality-context.2026-07-14,World Health Organization estimate via World Bank Indicators API; observation year 2019,2026-07-14T12:47:02Z,cc-by-4.0,https://creativecommons.org/licenses/by/4.0/,low,"Mortality is a severe-outcome context proxy. It does not measure pain intensity, duration, prevalence, disability, non-fatal suffering, or total welfare burden."
painmap-human-mortality-context-v1:TLS:suicide-mortality:2019,TLS,TLS,East Timor,suicide-mortality,SH.STA.SUIC.P5,Suicide mortality,3.81,"deaths per 100,000 population",2019,4,latest_common_year,world-bank-who-mortality-context,snapshot.world-bank-who-mortality-context.2026-07-14,World Health Organization estimate via World Bank Indicators API; observation year 2019,2026-07-14T12:47:02Z,cc-by-4.0,https://creativecommons.org/licenses/by/4.0/,low,"Mortality is a severe-outcome context proxy. It does not measure pain intensity, duration, prevalence, disability, non-fatal suffering, or total welfare burden."
painmap-human-mortality-context-v1:ECU:air-pollution-mortality:2019,ECU,ECU,Ecuador,air-pollution-mortality,SH.STA.AIRP.P5,Mortality attributed to household and ambient air pollution,28.1,"deaths per 100,000 population",2019,1,latest_common_year,world-bank-who-mortality-context,snapshot.world-bank-who-mortality-context.2026-07-14,World Health Organization estimate via World Bank Indicators API; observation year 2019,2026-07-14T12:47:02Z,cc-by-4.0,https://creativecommons.org/licenses/by/4.0/,low,"Mortality is a severe-outcome context proxy. It does not measure pain intensity, duration, prevalence, disability, non-fatal suffering, or total welfare burden."
painmap-human-mortality-context-v1:ECU:road-traffic-mortality:2019,ECU,ECU,Ecuador,road-traffic-mortality,SH.STA.TRAF.P5,Road traffic mortality,20.1,"deaths per 100,000 population",2019,2,latest_common_year,world-bank-who-mortality-context,snapshot.world-bank-who-mortality-context.2026-07-14,World Health Organization estimate via World Bank Indicators API; observation year 2019,2026-07-14T12:47:02Z,cc-by-4.0,https://creativecommons.org/licenses/by/4.0/,low,"Mortality is a severe-outcome context proxy. It does not measure pain intensity, duration, prevalence, disability, non-fatal suffering, or total welfare burden."
painmap-human-mortality-context-v1:ECU:suicide-mortality:2019,ECU,ECU,Ecuador,suicide-mortality,SH.STA.SUIC.P5,Suicide mortality,8.52,"deaths per 100,000 population",2019,3,latest_common_year,world-bank-who-mortality-context,snapshot.world-bank-who-mortality-context.2026-07-14,World Health Organization estimate via World Bank Indicators API; observation year 2019,2026-07-14T12:47:02Z,cc-by-4.0,https://creativecommons.org/licenses/by/4.0/,low,"Mortality is a severe-outcome context proxy. It does not measure pain intensity, duration, prevalence, disability, non-fatal suffering, or total welfare burden."
painmap-human-mortality-context-v1:ECU:unsafe-wash-mortality:2019,ECU,ECU,Ecuador,unsafe-wash-mortality,SH.STA.WASH.P5,"Mortality attributed to unsafe water, sanitation and hygiene",4.7,"deaths per 100,000 population",2019,4,latest_common_year,world-bank-who-mortality-context,snapshot.world-bank-who-mortality-context.2026-07-14,World Health Organization estimate via World Bank Indicators API; observation year 2019,2026-07-14T12:47:02Z,cc-by-4.0,https://creativecommons.org/licenses/by/4.0/,low,"Mortality is a severe-outcome context proxy. It does not measure pain intensity, duration, prevalence, disability, non-fatal suffering, or total welfare burden."
painmap-human-mortality-context-v1:EGY:air-pollution-mortality:2019,EGY,EGY,Egypt,air-pollution-mortality,SH.STA.AIRP.P5,Mortality attributed to household and ambient air pollution,105.6,"deaths per 100,000 population",2019,1,latest_common_year,world-bank-who-mortality-context,snapshot.world-bank-who-mortality-context.2026-07-14,World Health Organization estimate via World Bank Indicators API; observation year 2019,2026-07-14T12:47:02Z,cc-by-4.0,https://creativecommons.org/licenses/by/4.0/,low,"Mortality is a severe-outcome context proxy. It does not measure pain intensity, duration, prevalence, disability, non-fatal suffering, or total welfare burden."
painmap-human-mortality-context-v1:EGY:road-traffic-mortality:2019,EGY,EGY,Egypt,road-traffic-mortality,SH.STA.TRAF.P5,Road traffic mortality,10.1,"deaths per 100,000 population",2019,2,latest_common_year,world-bank-who-mortality-context,snapshot.world-bank-who-mortality-context.2026-07-14,World Health Organization estimate via World Bank Indicators API; observation year 2019,2026-07-14T12:47:02Z,cc-by-4.0,https://creativecommons.org/licenses/by/4.0/,low,"Mortality is a severe-outcome context proxy. It does not measure pain intensity, duration, prevalence, disability, non-fatal suffering, or total welfare burden."
painmap-human-mortality-context-v1:EGY:unsafe-wash-mortality:2019,EGY,EGY,Egypt,unsafe-wash-mortality,SH.STA.WASH.P5,"Mortality attributed to unsafe water, sanitation and hygiene",4.8,"deaths per 100,000 population",2019,3,latest_common_year,world-bank-who-mortality-context,snapshot.world-bank-who-mortality-context.2026-07-14,World Health Organization estimate via World Bank Indicators API; observation year 2019,2026-07-14T12:47:02Z,cc-by-4.0,https://creativecommons.org/licenses/by/4.0/,low,"Mortality is a severe-outcome context proxy. It does not measure pain intensity, duration, prevalence, disability, non-fatal suffering, or total welfare burden."
painmap-human-mortality-context-v1:EGY:suicide-mortality:2019,EGY,EGY,Egypt,suicide-mortality,SH.STA.SUIC.P5,Suicide mortality,0.91,"deaths per 100,000 population",2019,4,latest_common_year,world-bank-who-mortality-context,snapshot.world-bank-who-mortality-context.2026-07-14,World Health Organization estimate via World Bank Indicators API; observation year 2019,2026-07-14T12:47:02Z,cc-by-4.0,https://creativecommons.org/licenses/by/4.0/,low,"Mortality is a severe-outcome context proxy. It does not measure pain intensity, duration, prevalence, disability, non-fatal suffering, or total welfare burden."
painmap-human-mortality-context-v1:SLV:air-pollution-mortality:2019,SLV,SLV,El Salvador,air-pollution-mortality,SH.STA.AIRP.P5,Mortality attributed to household and ambient air pollution,40.3,"deaths per 100,000 population",2019,1,latest_common_year,world-bank-who-mortality-context,snapshot.world-bank-who-mortality-context.2026-07-14,World Health Organization estimate via World Bank Indicators API; observation year 2019,2026-07-14T12:47:02Z,cc-by-4.0,https://creativecommons.org/licenses/by/4.0/,low,"Mortality is a severe-outcome context proxy. It does not measure pain intensity, duration, prevalence, disability, non-fatal suffering, or total welfare burden."
painmap-human-mortality-context-v1:SLV:road-traffic-mortality:2019,SLV,SLV,El Salvador,road-traffic-mortality,SH.STA.TRAF.P5,Road traffic mortality,20.9,"deaths per 100,000 population",2019,2,latest_common_year,world-bank-who-mortality-context,snapshot.world-bank-who-mortality-context.2026-07-14,World Health Organization estimate via World Bank Indicators API; observation year 2019,2026-07-14T12:47:02Z,cc-by-4.0,https://creativecommons.org/licenses/by/4.0/,low,"Mortality is a severe-outcome context proxy. It does not measure pain intensity, duration, prevalence, disability, non-fatal suffering, or total welfare burden."
painmap-human-mortality-context-v1:SLV:suicide-mortality:2019,SLV,SLV,El Salvador,suicide-mortality,SH.STA.SUIC.P5,Suicide mortality,7.8,"deaths per 100,000 population",2019,3,latest_common_year,world-bank-who-mortality-context,snapshot.world-bank-who-mortality-context.2026-07-14,World Health Organization estimate via World Bank Indicators API; observation year 2019,2026-07-14T12:47:02Z,cc-by-4.0,https://creativecommons.org/licenses/by/4.0/,low,"Mortality is a severe-outcome context proxy. It does not measure pain intensity, duration, prevalence, disability, non-fatal suffering, or total welfare burden."
painmap-human-mortality-context-v1:SLV:unsafe-wash-mortality:2019,SLV,SLV,El Salvador,unsafe-wash-mortality,SH.STA.WASH.P5,"Mortality attributed to unsafe water, sanitation and hygiene",6.1,"deaths per 100,000 population",2019,4,latest_common_year,world-bank-who-mortality-context,snapshot.world-bank-who-mortality-context.2026-07-14,World Health Organization estimate via World Bank Indicators API; observation year 2019,2026-07-14T12:47:02Z,cc-by-4.0,https://creativecommons.org/licenses/by/4.0/,low,"Mortality is a severe-outcome context proxy. It does not measure pain intensity, duration, prevalence, disability, non-fatal suffering, or total welfare burden."
painmap-human-mortality-context-v1:GNQ:air-pollution-mortality:2019,GNQ,GNQ,Equatorial Guinea,air-pollution-mortality,SH.STA.AIRP.P5,Mortality attributed to household and ambient air pollution,165.7,"deaths per 100,000 population",2019,1,latest_common_year,world-bank-who-mortality-context,snapshot.world-bank-who-mortality-context.2026-07-14,World Health Organization estimate via World Bank Indicators API; observation year 2019,2026-07-14T12:47:02Z,cc-by-4.0,https://creativecommons.org/licenses/by/4.0/,low,"Mortality is a severe-outcome context proxy. It does not measure pain intensity, duration, prevalence, disability, non-fatal suffering, or total welfare burden."
painmap-human-mortality-context-v1:GNQ:unsafe-wash-mortality:2019,GNQ,GNQ,Equatorial Guinea,unsafe-wash-mortality,SH.STA.WASH.P5,"Mortality attributed to unsafe water, sanitation and hygiene",29.7,"deaths per 100,000 population",2019,2,latest_common_year,world-bank-who-mortality-context,snapshot.world-bank-who-mortality-context.2026-07-14,World Health Organization estimate via World Bank Indicators API; observation year 2019,2026-07-14T12:47:02Z,cc-by-4.0,https://creativecommons.org/licenses/by/4.0/,low,"Mortality is a severe-outcome context proxy. It does not measure pain intensity, duration, prevalence, disability, non-fatal suffering, or total welfare burden."
painmap-human-mortality-context-v1:GNQ:road-traffic-mortality:2019,GNQ,GNQ,Equatorial Guinea,road-traffic-mortality,SH.STA.TRAF.P5,Road traffic mortality,27.2,"deaths per 100,000 population",2019,3,latest_common_year,world-bank-who-mortality-context,snapshot.world-bank-who-mortality-context.2026-07-14,World Health Organization estimate via World Bank Indicators API; observation year 2019,2026-07-14T12:47:02Z,cc-by-4.0,https://creativecommons.org/licenses/by/4.0/,low,"Mortality is a severe-outcome context proxy. It does not measure pain intensity, duration, prevalence, disability, non-fatal suffering, or total welfare burden."
painmap-human-mortality-context-v1:GNQ:suicide-mortality:2019,GNQ,GNQ,Equatorial Guinea,suicide-mortality,SH.STA.SUIC.P5,Suicide mortality,7.71,"deaths per 100,000 population",2019,4,latest_common_year,world-bank-who-mortality-context,snapshot.world-bank-who-mortality-context.2026-07-14,World Health Organization estimate via World Bank Indicators API; observation year 2019,2026-07-14T12:47:02Z,cc-by-4.0,https://creativecommons.org/licenses/by/4.0/,low,"Mortality is a severe-outcome context proxy. It does not measure pain intensity, duration, prevalence, disability, non-fatal suffering, or total welfare burden."
painmap-human-mortality-context-v1:ERI:air-pollution-mortality:2019,ERI,ERI,Eritrea,air-pollution-mortality,SH.STA.AIRP.P5,Mortality attributed to household and ambient air pollution,237.4,"deaths per 100,000 population",2019,1,latest_common_year,world-bank-who-mortality-context,snapshot.world-bank-who-mortality-context.2026-07-14,World Health Organization estimate via World Bank Indicators API; observation year 2019,2026-07-14T12:47:02Z,cc-by-4.0,https://creativecommons.org/licenses/by/4.0/,low,"Mortality is a severe-outcome context proxy. It does not measure pain intensity, duration, prevalence, disability, non-fatal suffering, or total welfare burden."
painmap-human-mortality-context-v1:ERI:unsafe-wash-mortality:2019,ERI,ERI,Eritrea,unsafe-wash-mortality,SH.STA.WASH.P5,"Mortality attributed to unsafe water, sanitation and hygiene",66.5,"deaths per 100,000 population",2019,2,latest_common_year,world-bank-who-mortality-context,snapshot.world-bank-who-mortality-context.2026-07-14,World Health Organization estimate via World Bank Indicators API; observation year 2019,2026-07-14T12:47:02Z,cc-by-4.0,https://creativecommons.org/licenses/by/4.0/,low,"Mortality is a severe-outcome context proxy. It does not measure pain intensity, duration, prevalence, disability, non-fatal suffering, or total welfare burden."
painmap-human-mortality-context-v1:ERI:road-traffic-mortality:2019,ERI,ERI,Eritrea,road-traffic-mortality,SH.STA.TRAF.P5,Road traffic mortality,37.9,"deaths per 100,000 population",2019,3,latest_common_year,world-bank-who-mortality-context,snapshot.world-bank-who-mortality-context.2026-07-14,World Health Organization estimate via World Bank Indicators API; observation year 2019,2026-07-14T12:47:02Z,cc-by-4.0,https://creativecommons.org/licenses/by/4.0/,low,"Mortality is a severe-outcome context proxy. It does not measure pain intensity, duration, prevalence, disability, non-fatal suffering, or total welfare burden."
painmap-human-mortality-context-v1:ERI:suicide-mortality:2019,ERI,ERI,Eritrea,suicide-mortality,SH.STA.SUIC.P5,Suicide mortality,13,"deaths per 100,000 population",2019,4,latest_common_year,world-bank-who-mortality-context,snapshot.world-bank-who-mortality-context.2026-07-14,World Health Organization estimate via World Bank Indicators API; observation year 2019,2026-07-14T12:47:02Z,cc-by-4.0,https://creativecommons.org/licenses/by/4.0/,low,"Mortality is a severe-outcome context proxy. It does not measure pain intensity, duration, prevalence, disability, non-fatal suffering, or total welfare burden."
painmap-human-mortality-context-v1:EST:suicide-mortality:2019,EST,EST,Estonia,suicide-mortality,SH.STA.SUIC.P5,Suicide mortality,15.61,"deaths per 100,000 population",2019,1,latest_common_year,world-bank-who-mortality-context,snapshot.world-bank-who-mortality-context.2026-07-14,World Health Organization estimate via World Bank Indicators API; observation year 2019,2026-07-14T12:47:02Z,cc-by-4.0,https://creativecommons.org/licenses/by/4.0/,low,"Mortality is a severe-outcome context proxy. It does not measure pain intensity, duration, prevalence, disability, non-fatal suffering, or total welfare burden."
painmap-human-mortality-context-v1:EST:air-pollution-mortality:2019,EST,EST,Estonia,air-pollution-mortality,SH.STA.AIRP.P5,Mortality attributed to household and ambient air pollution,12.8,"deaths per 100,000 population",2019,2,latest_common_year,world-bank-who-mortality-context,snapshot.world-bank-who-mortality-context.2026-07-14,World Health Organization estimate via World Bank Indicators API; observation year 2019,2026-07-14T12:47:02Z,cc-by-4.0,https://creativecommons.org/licenses/by/4.0/,low,"Mortality is a severe-outcome context proxy. It does not measure pain intensity, duration, prevalence, disability, non-fatal suffering, or total welfare burden."
painmap-human-mortality-context-v1:EST:road-traffic-mortality:2019,EST,EST,Estonia,road-traffic-mortality,SH.STA.TRAF.P5,Road traffic mortality,4.5,"deaths per 100,000 population",2019,3,latest_common_year,world-bank-who-mortality-context,snapshot.world-bank-who-mortality-context.2026-07-14,World Health Organization estimate via World Bank Indicators API; observation year 2019,2026-07-14T12:47:02Z,cc-by-4.0,https://creativecommons.org/licenses/by/4.0/,low,"Mortality is a severe-outcome context proxy. It does not measure pain intensity, duration, prevalence, disability, non-fatal suffering, or total welfare burden."
painmap-human-mortality-context-v1:EST:unsafe-wash-mortality:2019,EST,EST,Estonia,unsafe-wash-mortality,SH.STA.WASH.P5,"Mortality attributed to unsafe water, sanitation and hygiene",2.6,"deaths per 100,000 population",2019,4,latest_common_year,world-bank-who-mortality-context,snapshot.world-bank-who-mortality-context.2026-07-14,World Health Organization estimate via World Bank Indicators API; observation year 2019,2026-07-14T12:47:02Z,cc-by-4.0,https://creativecommons.org/licenses/by/4.0/,low,"Mortality is a severe-outcome context proxy. It does not measure pain intensity, duration, prevalence, disability, non-fatal suffering, or total welfare burden."
painmap-human-mortality-context-v1:SWZ:air-pollution-mortality:2019,SWZ,SWZ,Eswatini,air-pollution-mortality,SH.STA.AIRP.P5,Mortality attributed to household and ambient air pollution,173.7,"deaths per 100,000 population",2019,1,latest_common_year,world-bank-who-mortality-context,snapshot.world-bank-who-mortality-context.2026-07-14,World Health Organization estimate via World Bank Indicators API; observation year 2019,2026-07-14T12:47:02Z,cc-by-4.0,https://creativecommons.org/licenses/by/4.0/,low,"Mortality is a severe-outcome context proxy. It does not measure pain intensity, duration, prevalence, disability, non-fatal suffering, or total welfare burden."
painmap-human-mortality-context-v1:SWZ:unsafe-wash-mortality:2019,SWZ,SWZ,Eswatini,unsafe-wash-mortality,SH.STA.WASH.P5,"Mortality attributed to unsafe water, sanitation and hygiene",46.5,"deaths per 100,000 population",2019,2,latest_common_year,world-bank-who-mortality-context,snapshot.world-bank-who-mortality-context.2026-07-14,World Health Organization estimate via World Bank Indicators API; observation year 2019,2026-07-14T12:47:02Z,cc-by-4.0,https://creativecommons.org/licenses/by/4.0/,low,"Mortality is a severe-outcome context proxy. It does not measure pain intensity, duration, prevalence, disability, non-fatal suffering, or total welfare burden."
painmap-human-mortality-context-v1:SWZ:road-traffic-mortality:2019,SWZ,SWZ,Eswatini,road-traffic-mortality,SH.STA.TRAF.P5,Road traffic mortality,33.5,"deaths per 100,000 population",2019,3,latest_common_year,world-bank-who-mortality-context,snapshot.world-bank-who-mortality-context.2026-07-14,World Health Organization estimate via World Bank Indicators API; observation year 2019,2026-07-14T12:47:02Z,cc-by-4.0,https://creativecommons.org/licenses/by/4.0/,low,"Mortality is a severe-outcome context proxy. It does not measure pain intensity, duration, prevalence, disability, non-fatal suffering, or total welfare burden."
painmap-human-mortality-context-v1:SWZ:suicide-mortality:2019,SWZ,SWZ,Eswatini,suicide-mortality,SH.STA.SUIC.P5,Suicide mortality,28.13,"deaths per 100,000 population",2019,4,latest_common_year,world-bank-who-mortality-context,snapshot.world-bank-who-mortality-context.2026-07-14,World Health Organization estimate via World Bank Indicators API; observation year 2019,2026-07-14T12:47:02Z,cc-by-4.0,https://creativecommons.org/licenses/by/4.0/,low,"Mortality is a severe-outcome context proxy. It does not measure pain intensity, duration, prevalence, disability, non-fatal suffering, or total welfare burden."
painmap-human-mortality-context-v1:ETH:air-pollution-mortality:2019,ETH,ETH,Ethiopia,air-pollution-mortality,SH.STA.AIRP.P5,Mortality attributed to household and ambient air pollution,142.5,"deaths per 100,000 population",2019,1,latest_common_year,world-bank-who-mortality-context,snapshot.world-bank-who-mortality-context.2026-07-14,World Health Organization estimate via World Bank Indicators API; observation year 2019,2026-07-14T12:47:02Z,cc-by-4.0,https://creativecommons.org/licenses/by/4.0/,low,"Mortality is a severe-outcome context proxy. It does not measure pain intensity, duration, prevalence, disability, non-fatal suffering, or total welfare burden."
painmap-human-mortality-context-v1:ETH:unsafe-wash-mortality:2019,ETH,ETH,Ethiopia,unsafe-wash-mortality,SH.STA.WASH.P5,"Mortality attributed to unsafe water, sanitation and hygiene",40.7,"deaths per 100,000 population",2019,2,latest_common_year,world-bank-who-mortality-context,snapshot.world-bank-who-mortality-context.2026-07-14,World Health Organization estimate via World Bank Indicators API; observation year 2019,2026-07-14T12:47:02Z,cc-by-4.0,https://creativecommons.org/licenses/by/4.0/,low,"Mortality is a severe-outcome context proxy. It does not measure pain intensity, duration, prevalence, disability, non-fatal suffering, or total welfare burden."
painmap-human-mortality-context-v1:ETH:road-traffic-mortality:2019,ETH,ETH,Ethiopia,road-traffic-mortality,SH.STA.TRAF.P5,Road traffic mortality,28.2,"deaths per 100,000 population",2019,3,latest_common_year,world-bank-who-mortality-context,snapshot.world-bank-who-mortality-context.2026-07-14,World Health Organization estimate via World Bank Indicators API; observation year 2019,2026-07-14T12:47:02Z,cc-by-4.0,https://creativecommons.org/licenses/by/4.0/,low,"Mortality is a severe-outcome context proxy. It does not measure pain intensity, duration, prevalence, disability, non-fatal suffering, or total welfare burden."
painmap-human-mortality-context-v1:ETH:suicide-mortality:2019,ETH,ETH,Ethiopia,suicide-mortality,SH.STA.SUIC.P5,Suicide mortality,5.67,"deaths per 100,000 population",2019,4,latest_common_year,world-bank-who-mortality-context,snapshot.world-bank-who-mortality-context.2026-07-14,World Health Organization estimate via World Bank Indicators API; observation year 2019,2026-07-14T12:47:02Z,cc-by-4.0,https://creativecommons.org/licenses/by/4.0/,low,"Mortality is a severe-outcome context proxy. It does not measure pain intensity, duration, prevalence, disability, non-fatal suffering, or total welfare burden."
painmap-human-mortality-context-v1:FSM:air-pollution-mortality:2019,FSM,FSM,Federated States of Micronesia,air-pollution-mortality,SH.STA.AIRP.P5,Mortality attributed to household and ambient air pollution,254,"deaths per 100,000 population",2019,1,latest_common_year,world-bank-who-mortality-context,snapshot.world-bank-who-mortality-context.2026-07-14,World Health Organization estimate via World Bank Indicators API; observation year 2019,2026-07-14T12:47:02Z,cc-by-4.0,https://creativecommons.org/licenses/by/4.0/,low,"Mortality is a severe-outcome context proxy. It does not measure pain intensity, duration, prevalence, disability, non-fatal suffering, or total welfare burden."
painmap-human-mortality-context-v1:FSM:suicide-mortality:2019,FSM,FSM,Federated States of Micronesia,suicide-mortality,SH.STA.SUIC.P5,Suicide mortality,20.52,"deaths per 100,000 population",2019,2,latest_common_year,world-bank-who-mortality-context,snapshot.world-bank-who-mortality-context.2026-07-14,World Health Organization estimate via World Bank Indicators API; observation year 2019,2026-07-14T12:47:02Z,cc-by-4.0,https://creativecommons.org/licenses/by/4.0/,low,"Mortality is a severe-outcome context proxy. It does not measure pain intensity, duration, prevalence, disability, non-fatal suffering, or total welfare burden."
painmap-human-mortality-context-v1:FSM:unsafe-wash-mortality:2019,FSM,FSM,Federated States of Micronesia,unsafe-wash-mortality,SH.STA.WASH.P5,"Mortality attributed to unsafe water, sanitation and hygiene",14,"deaths per 100,000 population",2019,3,latest_common_year,world-bank-who-mortality-context,snapshot.world-bank-who-mortality-context.2026-07-14,World Health Organization estimate via World Bank Indicators API; observation year 2019,2026-07-14T12:47:02Z,cc-by-4.0,https://creativecommons.org/licenses/by/4.0/,low,"Mortality is a severe-outcome context proxy. It does not measure pain intensity, duration, prevalence, disability, non-fatal suffering, or total welfare burden."
painmap-human-mortality-context-v1:FSM:road-traffic-mortality:2019,FSM,FSM,Federated States of Micronesia,road-traffic-mortality,SH.STA.TRAF.P5,Road traffic mortality,0.2,"deaths per 100,000 population",2019,4,latest_common_year,world-bank-who-mortality-context,snapshot.world-bank-who-mortality-context.2026-07-14,World Health Organization estimate via World Bank Indicators API; observation year 2019,2026-07-14T12:47:02Z,cc-by-4.0,https://creativecommons.org/licenses/by/4.0/,low,"Mortality is a severe-outcome context proxy. It does not measure pain intensity, duration, prevalence, disability, non-fatal suffering, or total welfare burden."
painmap-human-mortality-context-v1:FJI:air-pollution-mortality:2019,FJI,FJI,Fiji,air-pollution-mortality,SH.STA.AIRP.P5,Mortality attributed to household and ambient air pollution,118.7,"deaths per 100,000 population",2019,1,latest_common_year,world-bank-who-mortality-context,snapshot.world-bank-who-mortality-context.2026-07-14,World Health Organization estimate via World Bank Indicators API; observation year 2019,2026-07-14T12:47:02Z,cc-by-4.0,https://creativecommons.org/licenses/by/4.0/,low,"Mortality is a severe-outcome context proxy. It does not measure pain intensity, duration, prevalence, disability, non-fatal suffering, or total welfare burden."
painmap-human-mortality-context-v1:FJI:road-traffic-mortality:2019,FJI,FJI,Fiji,road-traffic-mortality,SH.STA.TRAF.P5,Road traffic mortality,13.5,"deaths per 100,000 population",2019,2,latest_common_year,world-bank-who-mortality-context,snapshot.world-bank-who-mortality-context.2026-07-14,World Health Organization estimate via World Bank Indicators API; observation year 2019,2026-07-14T12:47:02Z,cc-by-4.0,https://creativecommons.org/licenses/by/4.0/,low,"Mortality is a severe-outcome context proxy. It does not measure pain intensity, duration, prevalence, disability, non-fatal suffering, or total welfare burden."
painmap-human-mortality-context-v1:FJI:unsafe-wash-mortality:2019,FJI,FJI,Fiji,unsafe-wash-mortality,SH.STA.WASH.P5,"Mortality attributed to unsafe water, sanitation and hygiene",10.8,"deaths per 100,000 population",2019,3,latest_common_year,world-bank-who-mortality-context,snapshot.world-bank-who-mortality-context.2026-07-14,World Health Organization estimate via World Bank Indicators API; observation year 2019,2026-07-14T12:47:02Z,cc-by-4.0,https://creativecommons.org/licenses/by/4.0/,low,"Mortality is a severe-outcome context proxy. It does not measure pain intensity, duration, prevalence, disability, non-fatal suffering, or total welfare burden."
painmap-human-mortality-context-v1:FJI:suicide-mortality:2019,FJI,FJI,Fiji,suicide-mortality,SH.STA.SUIC.P5,Suicide mortality,9.45,"deaths per 100,000 population",2019,4,latest_common_year,world-bank-who-mortality-context,snapshot.world-bank-who-mortality-context.2026-07-14,World Health Organization estimate via World Bank Indicators API; observation year 2019,2026-07-14T12:47:02Z,cc-by-4.0,https://creativecommons.org/licenses/by/4.0/,low,"Mortality is a severe-outcome context proxy. It does not measure pain intensity, duration, prevalence, disability, non-fatal suffering, or total welfare burden."
painmap-human-mortality-context-v1:FIN:suicide-mortality:2019,FIN,FIN,Finland,suicide-mortality,SH.STA.SUIC.P5,Suicide mortality,14.38,"deaths per 100,000 population",2019,1,latest_common_year,world-bank-who-mortality-context,snapshot.world-bank-who-mortality-context.2026-07-14,World Health Organization estimate via World Bank Indicators API; observation year 2019,2026-07-14T12:47:02Z,cc-by-4.0,https://creativecommons.org/licenses/by/4.0/,low,"Mortality is a severe-outcome context proxy. It does not measure pain intensity, duration, prevalence, disability, non-fatal suffering, or total welfare burden."
painmap-human-mortality-context-v1:FIN:air-pollution-mortality:2019,FIN,FIN,Finland,air-pollution-mortality,SH.STA.AIRP.P5,Mortality attributed to household and ambient air pollution,7.4,"deaths per 100,000 population",2019,2,latest_common_year,world-bank-who-mortality-context,snapshot.world-bank-who-mortality-context.2026-07-14,World Health Organization estimate via World Bank Indicators API; observation year 2019,2026-07-14T12:47:02Z,cc-by-4.0,https://creativecommons.org/licenses/by/4.0/,low,"Mortality is a severe-outcome context proxy. It does not measure pain intensity, duration, prevalence, disability, non-fatal suffering, or total welfare burden."
painmap-human-mortality-context-v1:FIN:road-traffic-mortality:2019,FIN,FIN,Finland,road-traffic-mortality,SH.STA.TRAF.P5,Road traffic mortality,3.9,"deaths per 100,000 population",2019,3,latest_common_year,world-bank-who-mortality-context,snapshot.world-bank-who-mortality-context.2026-07-14,World Health Organization estimate via World Bank Indicators API; observation year 2019,2026-07-14T12:47:02Z,cc-by-4.0,https://creativecommons.org/licenses/by/4.0/,low,"Mortality is a severe-outcome context proxy. It does not measure pain intensity, duration, prevalence, disability, non-fatal suffering, or total welfare burden."
painmap-human-mortality-context-v1:FIN:unsafe-wash-mortality:2019,FIN,FIN,Finland,unsafe-wash-mortality,SH.STA.WASH.P5,"Mortality attributed to unsafe water, sanitation and hygiene",0.8,"deaths per 100,000 population",2019,4,latest_common_year,world-bank-who-mortality-context,snapshot.world-bank-who-mortality-context.2026-07-14,World Health Organization estimate via World Bank Indicators API; observation year 2019,2026-07-14T12:47:02Z,cc-by-4.0,https://creativecommons.org/licenses/by/4.0/,low,"Mortality is a severe-outcome context proxy. It does not measure pain intensity, duration, prevalence, disability, non-fatal suffering, or total welfare burden."
painmap-human-mortality-context-v1:FRA:suicide-mortality:2019,FRA,FRA,France,suicide-mortality,SH.STA.SUIC.P5,Suicide mortality,15.05,"deaths per 100,000 population",2019,1,latest_common_year,world-bank-who-mortality-context,snapshot.world-bank-who-mortality-context.2026-07-14,World Health Organization estimate via World Bank Indicators API; observation year 2019,2026-07-14T12:47:02Z,cc-by-4.0,https://creativecommons.org/licenses/by/4.0/,low,"Mortality is a severe-outcome context proxy. It does not measure pain intensity, duration, prevalence, disability, non-fatal suffering, or total welfare burden."
painmap-human-mortality-context-v1:FRA:air-pollution-mortality:2019,FRA,FRA,France,air-pollution-mortality,SH.STA.AIRP.P5,Mortality attributed to household and ambient air pollution,10,"deaths per 100,000 population",2019,2,latest_common_year,world-bank-who-mortality-context,snapshot.world-bank-who-mortality-context.2026-07-14,World Health Organization estimate via World Bank Indicators API; observation year 2019,2026-07-14T12:47:02Z,cc-by-4.0,https://creativecommons.org/licenses/by/4.0/,low,"Mortality is a severe-outcome context proxy. It does not measure pain intensity, duration, prevalence, disability, non-fatal suffering, or total welfare burden."
painmap-human-mortality-context-v1:FRA:road-traffic-mortality:2019,FRA,FRA,France,road-traffic-mortality,SH.STA.TRAF.P5,Road traffic mortality,5.1,"deaths per 100,000 population",2019,3,latest_common_year,world-bank-who-mortality-context,snapshot.world-bank-who-mortality-context.2026-07-14,World Health Organization estimate via World Bank Indicators API; observation year 2019,2026-07-14T12:47:02Z,cc-by-4.0,https://creativecommons.org/licenses/by/4.0/,low,"Mortality is a severe-outcome context proxy. It does not measure pain intensity, duration, prevalence, disability, non-fatal suffering, or total welfare burden."
painmap-human-mortality-context-v1:FRA:unsafe-wash-mortality:2019,FRA,FRA,France,unsafe-wash-mortality,SH.STA.WASH.P5,"Mortality attributed to unsafe water, sanitation and hygiene",3.4,"deaths per 100,000 population",2019,4,latest_common_year,world-bank-who-mortality-context,snapshot.world-bank-who-mortality-context.2026-07-14,World Health Organization estimate via World Bank Indicators API; observation year 2019,2026-07-14T12:47:02Z,cc-by-4.0,https://creativecommons.org/licenses/by/4.0/,low,"Mortality is a severe-outcome context proxy. It does not measure pain intensity, duration, prevalence, disability, non-fatal suffering, or total welfare burden."
painmap-human-mortality-context-v1:GAB:air-pollution-mortality:2019,GAB,GAB,Gabon,air-pollution-mortality,SH.STA.AIRP.P5,Mortality attributed to household and ambient air pollution,78.3,"deaths per 100,000 population",2019,1,latest_common_year,world-bank-who-mortality-context,snapshot.world-bank-who-mortality-context.2026-07-14,World Health Organization estimate via World Bank Indicators API; observation year 2019,2026-07-14T12:47:02Z,cc-by-4.0,https://creativecommons.org/licenses/by/4.0/,low,"Mortality is a severe-outcome context proxy. It does not measure pain intensity, duration, prevalence, disability, non-fatal suffering, or total welfare burden."
painmap-human-mortality-context-v1:GAB:road-traffic-mortality:2019,GAB,GAB,Gabon,road-traffic-mortality,SH.STA.TRAF.P5,Road traffic mortality,23.9,"deaths per 100,000 population",2019,2,latest_common_year,world-bank-who-mortality-context,snapshot.world-bank-who-mortality-context.2026-07-14,World Health Organization estimate via World Bank Indicators API; observation year 2019,2026-07-14T12:47:02Z,cc-by-4.0,https://creativecommons.org/licenses/by/4.0/,low,"Mortality is a severe-outcome context proxy. It does not measure pain intensity, duration, prevalence, disability, non-fatal suffering, or total welfare burden."
painmap-human-mortality-context-v1:GAB:unsafe-wash-mortality:2019,GAB,GAB,Gabon,unsafe-wash-mortality,SH.STA.WASH.P5,"Mortality attributed to unsafe water, sanitation and hygiene",17.5,"deaths per 100,000 population",2019,3,latest_common_year,world-bank-who-mortality-context,snapshot.world-bank-who-mortality-context.2026-07-14,World Health Organization estimate via World Bank Indicators API; observation year 2019,2026-07-14T12:47:02Z,cc-by-4.0,https://creativecommons.org/licenses/by/4.0/,low,"Mortality is a severe-outcome context proxy. It does not measure pain intensity, duration, prevalence, disability, non-fatal suffering, or total welfare burden."
painmap-human-mortality-context-v1:GAB:suicide-mortality:2019,GAB,GAB,Gabon,suicide-mortality,SH.STA.SUIC.P5,Suicide mortality,8.86,"deaths per 100,000 population",2019,4,latest_common_year,world-bank-who-mortality-context,snapshot.world-bank-who-mortality-context.2026-07-14,World Health Organization estimate via World Bank Indicators API; observation year 2019,2026-07-14T12:47:02Z,cc-by-4.0,https://creativecommons.org/licenses/by/4.0/,low,"Mortality is a severe-outcome context proxy. It does not measure pain intensity, duration, prevalence, disability, non-fatal suffering, or total welfare burden."
painmap-human-mortality-context-v1:GEO:air-pollution-mortality:2019,GEO,GEO,Georgia,air-pollution-mortality,SH.STA.AIRP.P5,Mortality attributed to household and ambient air pollution,92.8,"deaths per 100,000 population",2019,1,latest_common_year,world-bank-who-mortality-context,snapshot.world-bank-who-mortality-context.2026-07-14,World Health Organization estimate via World Bank Indicators API; observation year 2019,2026-07-14T12:47:02Z,cc-by-4.0,https://creativecommons.org/licenses/by/4.0/,low,"Mortality is a severe-outcome context proxy. It does not measure pain intensity, duration, prevalence, disability, non-fatal suffering, or total welfare burden."
painmap-human-mortality-context-v1:GEO:road-traffic-mortality:2019,GEO,GEO,Georgia,road-traffic-mortality,SH.STA.TRAF.P5,Road traffic mortality,12.4,"deaths per 100,000 population",2019,2,latest_common_year,world-bank-who-mortality-context,snapshot.world-bank-who-mortality-context.2026-07-14,World Health Organization estimate via World Bank Indicators API; observation year 2019,2026-07-14T12:47:02Z,cc-by-4.0,https://creativecommons.org/licenses/by/4.0/,low,"Mortality is a severe-outcome context proxy. It does not measure pain intensity, duration, prevalence, disability, non-fatal suffering, or total welfare burden."
painmap-human-mortality-context-v1:GEO:suicide-mortality:2019,GEO,GEO,Georgia,suicide-mortality,SH.STA.SUIC.P5,Suicide mortality,7.33,"deaths per 100,000 population",2019,3,latest_common_year,world-bank-who-mortality-context,snapshot.world-bank-who-mortality-context.2026-07-14,World Health Organization estimate via World Bank Indicators API; observation year 2019,2026-07-14T12:47:02Z,cc-by-4.0,https://creativecommons.org/licenses/by/4.0/,low,"Mortality is a severe-outcome context proxy. It does not measure pain intensity, duration, prevalence, disability, non-fatal suffering, or total welfare burden."
painmap-human-mortality-context-v1:GEO:unsafe-wash-mortality:2019,GEO,GEO,Georgia,unsafe-wash-mortality,SH.STA.WASH.P5,"Mortality attributed to unsafe water, sanitation and hygiene",3.3,"deaths per 100,000 population",2019,4,latest_common_year,world-bank-who-mortality-context,snapshot.world-bank-who-mortality-context.2026-07-14,World Health Organization estimate via World Bank Indicators API; observation year 2019,2026-07-14T12:47:02Z,cc-by-4.0,https://creativecommons.org/licenses/by/4.0/,low,"Mortality is a severe-outcome context proxy. It does not measure pain intensity, duration, prevalence, disability, non-fatal suffering, or total welfare burden."
painmap-human-mortality-context-v1:DEU:air-pollution-mortality:2019,DEU,DEU,Germany,air-pollution-mortality,SH.STA.AIRP.P5,Mortality attributed to household and ambient air pollution,14.7,"deaths per 100,000 population",2019,1,latest_common_year,world-bank-who-mortality-context,snapshot.world-bank-who-mortality-context.2026-07-14,World Health Organization estimate via World Bank Indicators API; observation year 2019,2026-07-14T12:47:02Z,cc-by-4.0,https://creativecommons.org/licenses/by/4.0/,low,"Mortality is a severe-outcome context proxy. It does not measure pain intensity, duration, prevalence, disability, non-fatal suffering, or total welfare burden."
painmap-human-mortality-context-v1:DEU:suicide-mortality:2019,DEU,DEU,Germany,suicide-mortality,SH.STA.SUIC.P5,Suicide mortality,12.49,"deaths per 100,000 population",2019,2,latest_common_year,world-bank-who-mortality-context,snapshot.world-bank-who-mortality-context.2026-07-14,World Health Organization estimate via World Bank Indicators API; observation year 2019,2026-07-14T12:47:02Z,cc-by-4.0,https://creativecommons.org/licenses/by/4.0/,low,"Mortality is a severe-outcome context proxy. It does not measure pain intensity, duration, prevalence, disability, non-fatal suffering, or total welfare burden."
painmap-human-mortality-context-v1:DEU:road-traffic-mortality:2019,DEU,DEU,Germany,road-traffic-mortality,SH.STA.TRAF.P5,Road traffic mortality,3.8,"deaths per 100,000 population",2019,3,latest_common_year,world-bank-who-mortality-context,snapshot.world-bank-who-mortality-context.2026-07-14,World Health Organization estimate via World Bank Indicators API; observation year 2019,2026-07-14T12:47:02Z,cc-by-4.0,https://creativecommons.org/licenses/by/4.0/,low,"Mortality is a severe-outcome context proxy. It does not measure pain intensity, duration, prevalence, disability, non-fatal suffering, or total welfare burden."
painmap-human-mortality-context-v1:DEU:unsafe-wash-mortality:2019,DEU,DEU,Germany,unsafe-wash-mortality,SH.STA.WASH.P5,"Mortality attributed to unsafe water, sanitation and hygiene",3.2,"deaths per 100,000 population",2019,4,latest_common_year,world-bank-who-mortality-context,snapshot.world-bank-who-mortality-context.2026-07-14,World Health Organization estimate via World Bank Indicators API; observation year 2019,2026-07-14T12:47:02Z,cc-by-4.0,https://creativecommons.org/licenses/by/4.0/,low,"Mortality is a severe-outcome context proxy. It does not measure pain intensity, duration, prevalence, disability, non-fatal suffering, or total welfare burden."
painmap-human-mortality-context-v1:GHA:air-pollution-mortality:2019,GHA,GHA,Ghana,air-pollution-mortality,SH.STA.AIRP.P5,Mortality attributed to household and ambient air pollution,193.6,"deaths per 100,000 population",2019,1,latest_common_year,world-bank-who-mortality-context,snapshot.world-bank-who-mortality-context.2026-07-14,World Health Organization estimate via World Bank Indicators API; observation year 2019,2026-07-14T12:47:02Z,cc-by-4.0,https://creativecommons.org/licenses/by/4.0/,low,"Mortality is a severe-outcome context proxy. It does not measure pain intensity, duration, prevalence, disability, non-fatal suffering, or total welfare burden."
painmap-human-mortality-context-v1:GHA:road-traffic-mortality:2019,GHA,GHA,Ghana,road-traffic-mortality,SH.STA.TRAF.P5,Road traffic mortality,25.7,"deaths per 100,000 population",2019,2,latest_common_year,world-bank-who-mortality-context,snapshot.world-bank-who-mortality-context.2026-07-14,World Health Organization estimate via World Bank Indicators API; observation year 2019,2026-07-14T12:47:02Z,cc-by-4.0,https://creativecommons.org/licenses/by/4.0/,low,"Mortality is a severe-outcome context proxy. It does not measure pain intensity, duration, prevalence, disability, non-fatal suffering, or total welfare burden."
painmap-human-mortality-context-v1:GHA:unsafe-wash-mortality:2019,GHA,GHA,Ghana,unsafe-wash-mortality,SH.STA.WASH.P5,"Mortality attributed to unsafe water, sanitation and hygiene",25.2,"deaths per 100,000 population",2019,3,latest_common_year,world-bank-who-mortality-context,snapshot.world-bank-who-mortality-context.2026-07-14,World Health Organization estimate via World Bank Indicators API; observation year 2019,2026-07-14T12:47:02Z,cc-by-4.0,https://creativecommons.org/licenses/by/4.0/,low,"Mortality is a severe-outcome context proxy. It does not measure pain intensity, duration, prevalence, disability, non-fatal suffering, or total welfare burden."
painmap-human-mortality-context-v1:GHA:suicide-mortality:2019,GHA,GHA,Ghana,suicide-mortality,SH.STA.SUIC.P5,Suicide mortality,5.29,"deaths per 100,000 population",2019,4,latest_common_year,world-bank-who-mortality-context,snapshot.world-bank-who-mortality-context.2026-07-14,World Health Organization estimate via World Bank Indicators API; observation year 2019,2026-07-14T12:47:02Z,cc-by-4.0,https://creativecommons.org/licenses/by/4.0/,low,"Mortality is a severe-outcome context proxy. It does not measure pain intensity, duration, prevalence, disability, non-fatal suffering, or total welfare burden."
painmap-human-mortality-context-v1:GRC:air-pollution-mortality:2019,GRC,GRC,Greece,air-pollution-mortality,SH.STA.AIRP.P5,Mortality attributed to household and ambient air pollution,23,"deaths per 100,000 population",2019,1,latest_common_year,world-bank-who-mortality-context,snapshot.world-bank-who-mortality-context.2026-07-14,World Health Organization estimate via World Bank Indicators API; observation year 2019,2026-07-14T12:47:02Z,cc-by-4.0,https://creativecommons.org/licenses/by/4.0/,low,"Mortality is a severe-outcome context proxy. It does not measure pain intensity, duration, prevalence, disability, non-fatal suffering, or total welfare burden."
painmap-human-mortality-context-v1:GRC:road-traffic-mortality:2019,GRC,GRC,Greece,road-traffic-mortality,SH.STA.TRAF.P5,Road traffic mortality,8.3,"deaths per 100,000 population",2019,2,latest_common_year,world-bank-who-mortality-context,snapshot.world-bank-who-mortality-context.2026-07-14,World Health Organization estimate via World Bank Indicators API; observation year 2019,2026-07-14T12:47:02Z,cc-by-4.0,https://creativecommons.org/licenses/by/4.0/,low,"Mortality is a severe-outcome context proxy. It does not measure pain intensity, duration, prevalence, disability, non-fatal suffering, or total welfare burden."
painmap-human-mortality-context-v1:GRC:unsafe-wash-mortality:2019,GRC,GRC,Greece,unsafe-wash-mortality,SH.STA.WASH.P5,"Mortality attributed to unsafe water, sanitation and hygiene",7.6,"deaths per 100,000 population",2019,3,latest_common_year,world-bank-who-mortality-context,snapshot.world-bank-who-mortality-context.2026-07-14,World Health Organization estimate via World Bank Indicators API; observation year 2019,2026-07-14T12:47:02Z,cc-by-4.0,https://creativecommons.org/licenses/by/4.0/,low,"Mortality is a severe-outcome context proxy. It does not measure pain intensity, duration, prevalence, disability, non-fatal suffering, or total welfare burden."
painmap-human-mortality-context-v1:GRC:suicide-mortality:2019,GRC,GRC,Greece,suicide-mortality,SH.STA.SUIC.P5,Suicide mortality,5.08,"deaths per 100,000 population",2019,4,latest_common_year,world-bank-who-mortality-context,snapshot.world-bank-who-mortality-context.2026-07-14,World Health Organization estimate via World Bank Indicators API; observation year 2019,2026-07-14T12:47:02Z,cc-by-4.0,https://creativecommons.org/licenses/by/4.0/,low,"Mortality is a severe-outcome context proxy. It does not measure pain intensity, duration, prevalence, disability, non-fatal suffering, or total welfare burden."
painmap-human-mortality-context-v1:GRD:air-pollution-mortality:2019,GRD,GRD,Grenada,air-pollution-mortality,SH.STA.AIRP.P5,Mortality attributed to household and ambient air pollution,47.4,"deaths per 100,000 population",2019,1,latest_common_year,world-bank-who-mortality-context,snapshot.world-bank-who-mortality-context.2026-07-14,World Health Organization estimate via World Bank Indicators API; observation year 2019,2026-07-14T12:47:02Z,cc-by-4.0,https://creativecommons.org/licenses/by/4.0/,low,"Mortality is a severe-outcome context proxy. It does not measure pain intensity, duration, prevalence, disability, non-fatal suffering, or total welfare burden."
painmap-human-mortality-context-v1:GRD:road-traffic-mortality:2019,GRD,GRD,Grenada,road-traffic-mortality,SH.STA.TRAF.P5,Road traffic mortality,8,"deaths per 100,000 population",2019,2,latest_common_year,world-bank-who-mortality-context,snapshot.world-bank-who-mortality-context.2026-07-14,World Health Organization estimate via World Bank Indicators API; observation year 2019,2026-07-14T12:47:02Z,cc-by-4.0,https://creativecommons.org/licenses/by/4.0/,low,"Mortality is a severe-outcome context proxy. It does not measure pain intensity, duration, prevalence, disability, non-fatal suffering, or total welfare burden."
painmap-human-mortality-context-v1:GRD:unsafe-wash-mortality:2019,GRD,GRD,Grenada,unsafe-wash-mortality,SH.STA.WASH.P5,"Mortality attributed to unsafe water, sanitation and hygiene",6.7,"deaths per 100,000 population",2019,3,latest_common_year,world-bank-who-mortality-context,snapshot.world-bank-who-mortality-context.2026-07-14,World Health Organization estimate via World Bank Indicators API; observation year 2019,2026-07-14T12:47:02Z,cc-by-4.0,https://creativecommons.org/licenses/by/4.0/,low,"Mortality is a severe-outcome context proxy. It does not measure pain intensity, duration, prevalence, disability, non-fatal suffering, or total welfare burden."
painmap-human-mortality-context-v1:GRD:suicide-mortality:2019,GRD,GRD,Grenada,suicide-mortality,SH.STA.SUIC.P5,Suicide mortality,1.01,"deaths per 100,000 population",2019,4,latest_common_year,world-bank-who-mortality-context,snapshot.world-bank-who-mortality-context.2026-07-14,World Health Organization estimate via World Bank Indicators API; observation year 2019,2026-07-14T12:47:02Z,cc-by-4.0,https://creativecommons.org/licenses/by/4.0/,low,"Mortality is a severe-outcome context proxy. It does not measure pain intensity, duration, prevalence, disability, non-fatal suffering, or total welfare burden."
painmap-human-mortality-context-v1:GTM:air-pollution-mortality:2019,GTM,GTM,Guatemala,air-pollution-mortality,SH.STA.AIRP.P5,Mortality attributed to household and ambient air pollution,91,"deaths per 100,000 population",2019,1,latest_common_year,world-bank-who-mortality-context,snapshot.world-bank-who-mortality-context.2026-07-14,World Health Organization estimate via World Bank Indicators API; observation year 2019,2026-07-14T12:47:02Z,cc-by-4.0,https://creativecommons.org/licenses/by/4.0/,low,"Mortality is a severe-outcome context proxy. It does not measure pain intensity, duration, prevalence, disability, non-fatal suffering, or total welfare burden."
painmap-human-mortality-context-v1:GTM:road-traffic-mortality:2019,GTM,GTM,Guatemala,road-traffic-mortality,SH.STA.TRAF.P5,Road traffic mortality,22.9,"deaths per 100,000 population",2019,2,latest_common_year,world-bank-who-mortality-context,snapshot.world-bank-who-mortality-context.2026-07-14,World Health Organization estimate via World Bank Indicators API; observation year 2019,2026-07-14T12:47:02Z,cc-by-4.0,https://creativecommons.org/licenses/by/4.0/,low,"Mortality is a severe-outcome context proxy. It does not measure pain intensity, duration, prevalence, disability, non-fatal suffering, or total welfare burden."
painmap-human-mortality-context-v1:GTM:unsafe-wash-mortality:2019,GTM,GTM,Guatemala,unsafe-wash-mortality,SH.STA.WASH.P5,"Mortality attributed to unsafe water, sanitation and hygiene",15.3,"deaths per 100,000 population",2019,3,latest_common_year,world-bank-who-mortality-context,snapshot.world-bank-who-mortality-context.2026-07-14,World Health Organization estimate via World Bank Indicators API; observation year 2019,2026-07-14T12:47:02Z,cc-by-4.0,https://creativecommons.org/licenses/by/4.0/,low,"Mortality is a severe-outcome context proxy. It does not measure pain intensity, duration, prevalence, disability, non-fatal suffering, or total welfare burden."
painmap-human-mortality-context-v1:GTM:suicide-mortality:2019,GTM,GTM,Guatemala,suicide-mortality,SH.STA.SUIC.P5,Suicide mortality,5.88,"deaths per 100,000 population",2019,4,latest_common_year,world-bank-who-mortality-context,snapshot.world-bank-who-mortality-context.2026-07-14,World Health Organization estimate via World Bank Indicators API; observation year 2019,2026-07-14T12:47:02Z,cc-by-4.0,https://creativecommons.org/licenses/by/4.0/,low,"Mortality is a severe-outcome context proxy. It does not measure pain intensity, duration, prevalence, disability, non-fatal suffering, or total welfare burden."
painmap-human-mortality-context-v1:GIN:air-pollution-mortality:2019,GIN,GIN,Guinea,air-pollution-mortality,SH.STA.AIRP.P5,Mortality attributed to household and ambient air pollution,238,"deaths per 100,000 population",2019,1,latest_common_year,world-bank-who-mortality-context,snapshot.world-bank-who-mortality-context.2026-07-14,World Health Organization estimate via World Bank Indicators API; observation year 2019,2026-07-14T12:47:02Z,cc-by-4.0,https://creativecommons.org/licenses/by/4.0/,low,"Mortality is a severe-outcome context proxy. It does not measure pain intensity, duration, prevalence, disability, non-fatal suffering, or total welfare burden."
painmap-human-mortality-context-v1:GIN:unsafe-wash-mortality:2019,GIN,GIN,Guinea,unsafe-wash-mortality,SH.STA.WASH.P5,"Mortality attributed to unsafe water, sanitation and hygiene",57.8,"deaths per 100,000 population",2019,2,latest_common_year,world-bank-who-mortality-context,snapshot.world-bank-who-mortality-context.2026-07-14,World Health Organization estimate via World Bank Indicators API; observation year 2019,2026-07-14T12:47:02Z,cc-by-4.0,https://creativecommons.org/licenses/by/4.0/,low,"Mortality is a severe-outcome context proxy. It does not measure pain intensity, duration, prevalence, disability, non-fatal suffering, or total welfare burden."
painmap-human-mortality-context-v1:GIN:road-traffic-mortality:2019,GIN,GIN,Guinea,road-traffic-mortality,SH.STA.TRAF.P5,Road traffic mortality,29.7,"deaths per 100,000 population",2019,3,latest_common_year,world-bank-who-mortality-context,snapshot.world-bank-who-mortality-context.2026-07-14,World Health Organization estimate via World Bank Indicators API; observation year 2019,2026-07-14T12:47:02Z,cc-by-4.0,https://creativecommons.org/licenses/by/4.0/,low,"Mortality is a severe-outcome context proxy. It does not measure pain intensity, duration, prevalence, disability, non-fatal suffering, or total welfare burden."
painmap-human-mortality-context-v1:GIN:suicide-mortality:2019,GIN,GIN,Guinea,suicide-mortality,SH.STA.SUIC.P5,Suicide mortality,5.02,"deaths per 100,000 population",2019,4,latest_common_year,world-bank-who-mortality-context,snapshot.world-bank-who-mortality-context.2026-07-14,World Health Organization estimate via World Bank Indicators API; observation year 2019,2026-07-14T12:47:02Z,cc-by-4.0,https://creativecommons.org/licenses/by/4.0/,low,"Mortality is a severe-outcome context proxy. It does not measure pain intensity, duration, prevalence, disability, non-fatal suffering, or total welfare burden."
painmap-human-mortality-context-v1:GNB:air-pollution-mortality:2019,GNB,GNB,Guinea-Bissau,air-pollution-mortality,SH.STA.AIRP.P5,Mortality attributed to household and ambient air pollution,228.8,"deaths per 100,000 population",2019,1,latest_common_year,world-bank-who-mortality-context,snapshot.world-bank-who-mortality-context.2026-07-14,World Health Organization estimate via World Bank Indicators API; observation year 2019,2026-07-14T12:47:02Z,cc-by-4.0,https://creativecommons.org/licenses/by/4.0/,low,"Mortality is a severe-outcome context proxy. It does not measure pain intensity, duration, prevalence, disability, non-fatal suffering, or total welfare burden."
painmap-human-mortality-context-v1:GNB:unsafe-wash-mortality:2019,GNB,GNB,Guinea-Bissau,unsafe-wash-mortality,SH.STA.WASH.P5,"Mortality attributed to unsafe water, sanitation and hygiene",49.4,"deaths per 100,000 population",2019,2,latest_common_year,world-bank-who-mortality-context,snapshot.world-bank-who-mortality-context.2026-07-14,World Health Organization estimate via World Bank Indicators API; observation year 2019,2026-07-14T12:47:02Z,cc-by-4.0,https://creativecommons.org/licenses/by/4.0/,low,"Mortality is a severe-outcome context proxy. It does not measure pain intensity, duration, prevalence, disability, non-fatal suffering, or total welfare burden."
painmap-human-mortality-context-v1:GNB:road-traffic-mortality:2019,GNB,GNB,Guinea-Bissau,road-traffic-mortality,SH.STA.TRAF.P5,Road traffic mortality,32.2,"deaths per 100,000 population",2019,3,latest_common_year,world-bank-who-mortality-context,snapshot.world-bank-who-mortality-context.2026-07-14,World Health Organization estimate via World Bank Indicators API; observation year 2019,2026-07-14T12:47:02Z,cc-by-4.0,https://creativecommons.org/licenses/by/4.0/,low,"Mortality is a severe-outcome context proxy. It does not measure pain intensity, duration, prevalence, disability, non-fatal suffering, or total welfare burden."
painmap-human-mortality-context-v1:GNB:suicide-mortality:2019,GNB,GNB,Guinea-Bissau,suicide-mortality,SH.STA.SUIC.P5,Suicide mortality,7.38,"deaths per 100,000 population",2019,4,latest_common_year,world-bank-who-mortality-context,snapshot.world-bank-who-mortality-context.2026-07-14,World Health Organization estimate via World Bank Indicators API; observation year 2019,2026-07-14T12:47:02Z,cc-by-4.0,https://creativecommons.org/licenses/by/4.0/,low,"Mortality is a severe-outcome context proxy. It does not measure pain intensity, duration, prevalence, disability, non-fatal suffering, or total welfare burden."
painmap-human-mortality-context-v1:GUY:air-pollution-mortality:2019,GUY,GUY,Guyana,air-pollution-mortality,SH.STA.AIRP.P5,Mortality attributed to household and ambient air pollution,95.7,"deaths per 100,000 population",2019,1,latest_common_year,world-bank-who-mortality-context,snapshot.world-bank-who-mortality-context.2026-07-14,World Health Organization estimate via World Bank Indicators API; observation year 2019,2026-07-14T12:47:02Z,cc-by-4.0,https://creativecommons.org/licenses/by/4.0/,low,"Mortality is a severe-outcome context proxy. It does not measure pain intensity, duration, prevalence, disability, non-fatal suffering, or total welfare burden."
painmap-human-mortality-context-v1:GUY:suicide-mortality:2019,GUY,GUY,Guyana,suicide-mortality,SH.STA.SUIC.P5,Suicide mortality,27.64,"deaths per 100,000 population",2019,2,latest_common_year,world-bank-who-mortality-context,snapshot.world-bank-who-mortality-context.2026-07-14,World Health Organization estimate via World Bank Indicators API; observation year 2019,2026-07-14T12:47:02Z,cc-by-4.0,https://creativecommons.org/licenses/by/4.0/,low,"Mortality is a severe-outcome context proxy. It does not measure pain intensity, duration, prevalence, disability, non-fatal suffering, or total welfare burden."
painmap-human-mortality-context-v1:GUY:road-traffic-mortality:2019,GUY,GUY,Guyana,road-traffic-mortality,SH.STA.TRAF.P5,Road traffic mortality,22.3,"deaths per 100,000 population",2019,3,latest_common_year,world-bank-who-mortality-context,snapshot.world-bank-who-mortality-context.2026-07-14,World Health Organization estimate via World Bank Indicators API; observation year 2019,2026-07-14T12:47:02Z,cc-by-4.0,https://creativecommons.org/licenses/by/4.0/,low,"Mortality is a severe-outcome context proxy. It does not measure pain intensity, duration, prevalence, disability, non-fatal suffering, or total welfare burden."
painmap-human-mortality-context-v1:GUY:unsafe-wash-mortality:2019,GUY,GUY,Guyana,unsafe-wash-mortality,SH.STA.WASH.P5,"Mortality attributed to unsafe water, sanitation and hygiene",8.6,"deaths per 100,000 population",2019,4,latest_common_year,world-bank-who-mortality-context,snapshot.world-bank-who-mortality-context.2026-07-14,World Health Organization estimate via World Bank Indicators API; observation year 2019,2026-07-14T12:47:02Z,cc-by-4.0,https://creativecommons.org/licenses/by/4.0/,low,"Mortality is a severe-outcome context proxy. It does not measure pain intensity, duration, prevalence, disability, non-fatal suffering, or total welfare burden."
painmap-human-mortality-context-v1:HTI:air-pollution-mortality:2019,HTI,HTI,Haiti,air-pollution-mortality,SH.STA.AIRP.P5,Mortality attributed to household and ambient air pollution,206.4,"deaths per 100,000 population",2019,1,latest_common_year,world-bank-who-mortality-context,snapshot.world-bank-who-mortality-context.2026-07-14,World Health Organization estimate via World Bank Indicators API; observation year 2019,2026-07-14T12:47:02Z,cc-by-4.0,https://creativecommons.org/licenses/by/4.0/,low,"Mortality is a severe-outcome context proxy. It does not measure pain intensity, duration, prevalence, disability, non-fatal suffering, or total welfare burden."
painmap-human-mortality-context-v1:HTI:unsafe-wash-mortality:2019,HTI,HTI,Haiti,unsafe-wash-mortality,SH.STA.WASH.P5,"Mortality attributed to unsafe water, sanitation and hygiene",25.9,"deaths per 100,000 population",2019,2,latest_common_year,world-bank-who-mortality-context,snapshot.world-bank-who-mortality-context.2026-07-14,World Health Organization estimate via World Bank Indicators API; observation year 2019,2026-07-14T12:47:02Z,cc-by-4.0,https://creativecommons.org/licenses/by/4.0/,low,"Mortality is a severe-outcome context proxy. It does not measure pain intensity, duration, prevalence, disability, non-fatal suffering, or total welfare burden."
painmap-human-mortality-context-v1:HTI:road-traffic-mortality:2019,HTI,HTI,Haiti,road-traffic-mortality,SH.STA.TRAF.P5,Road traffic mortality,18.8,"deaths per 100,000 population",2019,3,latest_common_year,world-bank-who-mortality-context,snapshot.world-bank-who-mortality-context.2026-07-14,World Health Organization estimate via World Bank Indicators API; observation year 2019,2026-07-14T12:47:02Z,cc-by-4.0,https://creativecommons.org/licenses/by/4.0/,low,"Mortality is a severe-outcome context proxy. It does not measure pain intensity, duration, prevalence, disability, non-fatal suffering, or total welfare burden."
painmap-human-mortality-context-v1:HTI:suicide-mortality:2019,HTI,HTI,Haiti,suicide-mortality,SH.STA.SUIC.P5,Suicide mortality,8.6,"deaths per 100,000 population",2019,4,latest_common_year,world-bank-who-mortality-context,snapshot.world-bank-who-mortality-context.2026-07-14,World Health Organization estimate via World Bank Indicators API; observation year 2019,2026-07-14T12:47:02Z,cc-by-4.0,https://creativecommons.org/licenses/by/4.0/,low,"Mortality is a severe-outcome context proxy. It does not measure pain intensity, duration, prevalence, disability, non-fatal suffering, or total welfare burden."
painmap-human-mortality-context-v1:HND:air-pollution-mortality:2019,HND,HND,Honduras,air-pollution-mortality,SH.STA.AIRP.P5,Mortality attributed to household and ambient air pollution,112.5,"deaths per 100,000 population",2019,1,latest_common_year,world-bank-who-mortality-context,snapshot.world-bank-who-mortality-context.2026-07-14,World Health Organization estimate via World Bank Indicators API; observation year 2019,2026-07-14T12:47:02Z,cc-by-4.0,https://creativecommons.org/licenses/by/4.0/,low,"Mortality is a severe-outcome context proxy. It does not measure pain intensity, duration, prevalence, disability, non-fatal suffering, or total welfare burden."
painmap-human-mortality-context-v1:HND:road-traffic-mortality:2019,HND,HND,Honduras,road-traffic-mortality,SH.STA.TRAF.P5,Road traffic mortality,16.1,"deaths per 100,000 population",2019,2,latest_common_year,world-bank-who-mortality-context,snapshot.world-bank-who-mortality-context.2026-07-14,World Health Organization estimate via World Bank Indicators API; observation year 2019,2026-07-14T12:47:02Z,cc-by-4.0,https://creativecommons.org/licenses/by/4.0/,low,"Mortality is a severe-outcome context proxy. It does not measure pain intensity, duration, prevalence, disability, non-fatal suffering, or total welfare burden."
painmap-human-mortality-context-v1:HND:unsafe-wash-mortality:2019,HND,HND,Honduras,unsafe-wash-mortality,SH.STA.WASH.P5,"Mortality attributed to unsafe water, sanitation and hygiene",7.1,"deaths per 100,000 population",2019,3,latest_common_year,world-bank-who-mortality-context,snapshot.world-bank-who-mortality-context.2026-07-14,World Health Organization estimate via World Bank Indicators API; observation year 2019,2026-07-14T12:47:02Z,cc-by-4.0,https://creativecommons.org/licenses/by/4.0/,low,"Mortality is a severe-outcome context proxy. It does not measure pain intensity, duration, prevalence, disability, non-fatal suffering, or total welfare burden."
painmap-human-mortality-context-v1:HND:suicide-mortality:2019,HND,HND,Honduras,suicide-mortality,SH.STA.SUIC.P5,Suicide mortality,3.05,"deaths per 100,000 population",2019,4,latest_common_year,world-bank-who-mortality-context,snapshot.world-bank-who-mortality-context.2026-07-14,World Health Organization estimate via World Bank Indicators API; observation year 2019,2026-07-14T12:47:02Z,cc-by-4.0,https://creativecommons.org/licenses/by/4.0/,low,"Mortality is a severe-outcome context proxy. It does not measure pain intensity, duration, prevalence, disability, non-fatal suffering, or total welfare burden."
painmap-human-mortality-context-v1:HUN:air-pollution-mortality:2019,HUN,HUN,Hungary,air-pollution-mortality,SH.STA.AIRP.P5,Mortality attributed to household and ambient air pollution,42.3,"deaths per 100,000 population",2019,1,latest_common_year,world-bank-who-mortality-context,snapshot.world-bank-who-mortality-context.2026-07-14,World Health Organization estimate via World Bank Indicators API; observation year 2019,2026-07-14T12:47:02Z,cc-by-4.0,https://creativecommons.org/licenses/by/4.0/,low,"Mortality is a severe-outcome context proxy. It does not measure pain intensity, duration, prevalence, disability, non-fatal suffering, or total welfare burden."
painmap-human-mortality-context-v1:HUN:suicide-mortality:2019,HUN,HUN,Hungary,suicide-mortality,SH.STA.SUIC.P5,Suicide mortality,16.65,"deaths per 100,000 population",2019,2,latest_common_year,world-bank-who-mortality-context,snapshot.world-bank-who-mortality-context.2026-07-14,World Health Organization estimate via World Bank Indicators API; observation year 2019,2026-07-14T12:47:02Z,cc-by-4.0,https://creativecommons.org/licenses/by/4.0/,low,"Mortality is a severe-outcome context proxy. It does not measure pain intensity, duration, prevalence, disability, non-fatal suffering, or total welfare burden."
painmap-human-mortality-context-v1:HUN:road-traffic-mortality:2019,HUN,HUN,Hungary,road-traffic-mortality,SH.STA.TRAF.P5,Road traffic mortality,7.7,"deaths per 100,000 population",2019,3,latest_common_year,world-bank-who-mortality-context,snapshot.world-bank-who-mortality-context.2026-07-14,World Health Organization estimate via World Bank Indicators API; observation year 2019,2026-07-14T12:47:02Z,cc-by-4.0,https://creativecommons.org/licenses/by/4.0/,low,"Mortality is a severe-outcome context proxy. It does not measure pain intensity, duration, prevalence, disability, non-fatal suffering, or total welfare burden."
painmap-human-mortality-context-v1:HUN:unsafe-wash-mortality:2019,HUN,HUN,Hungary,unsafe-wash-mortality,SH.STA.WASH.P5,"Mortality attributed to unsafe water, sanitation and hygiene",2,"deaths per 100,000 population",2019,4,latest_common_year,world-bank-who-mortality-context,snapshot.world-bank-who-mortality-context.2026-07-14,World Health Organization estimate via World Bank Indicators API; observation year 2019,2026-07-14T12:47:02Z,cc-by-4.0,https://creativecommons.org/licenses/by/4.0/,low,"Mortality is a severe-outcome context proxy. It does not measure pain intensity, duration, prevalence, disability, non-fatal suffering, or total welfare burden."
painmap-human-mortality-context-v1:ISL:suicide-mortality:2019,ISL,ISL,Iceland,suicide-mortality,SH.STA.SUIC.P5,Suicide mortality,11.98,"deaths per 100,000 population",2019,1,latest_common_year,world-bank-who-mortality-context,snapshot.world-bank-who-mortality-context.2026-07-14,World Health Organization estimate via World Bank Indicators API; observation year 2019,2026-07-14T12:47:02Z,cc-by-4.0,https://creativecommons.org/licenses/by/4.0/,low,"Mortality is a severe-outcome context proxy. It does not measure pain intensity, duration, prevalence, disability, non-fatal suffering, or total welfare burden."
painmap-human-mortality-context-v1:ISL:air-pollution-mortality:2019,ISL,ISL,Iceland,air-pollution-mortality,SH.STA.AIRP.P5,Mortality attributed to household and ambient air pollution,8.2,"deaths per 100,000 population",2019,2,latest_common_year,world-bank-who-mortality-context,snapshot.world-bank-who-mortality-context.2026-07-14,World Health Organization estimate via World Bank Indicators API; observation year 2019,2026-07-14T12:47:02Z,cc-by-4.0,https://creativecommons.org/licenses/by/4.0/,low,"Mortality is a severe-outcome context proxy. It does not measure pain intensity, duration, prevalence, disability, non-fatal suffering, or total welfare burden."
painmap-human-mortality-context-v1:ISL:unsafe-wash-mortality:2019,ISL,ISL,Iceland,unsafe-wash-mortality,SH.STA.WASH.P5,"Mortality attributed to unsafe water, sanitation and hygiene",2.4,"deaths per 100,000 population",2019,3,latest_common_year,world-bank-who-mortality-context,snapshot.world-bank-who-mortality-context.2026-07-14,World Health Organization estimate via World Bank Indicators API; observation year 2019,2026-07-14T12:47:02Z,cc-by-4.0,https://creativecommons.org/licenses/by/4.0/,low,"Mortality is a severe-outcome context proxy. It does not measure pain intensity, duration, prevalence, disability, non-fatal suffering, or total welfare burden."
painmap-human-mortality-context-v1:ISL:road-traffic-mortality:2019,ISL,ISL,Iceland,road-traffic-mortality,SH.STA.TRAF.P5,Road traffic mortality,2,"deaths per 100,000 population",2019,4,latest_common_year,world-bank-who-mortality-context,snapshot.world-bank-who-mortality-context.2026-07-14,World Health Organization estimate via World Bank Indicators API; observation year 2019,2026-07-14T12:47:02Z,cc-by-4.0,https://creativecommons.org/licenses/by/4.0/,low,"Mortality is a severe-outcome context proxy. It does not measure pain intensity, duration, prevalence, disability, non-fatal suffering, or total welfare burden."
painmap-human-mortality-context-v1:IND:air-pollution-mortality:2019,IND,IND,India,air-pollution-mortality,SH.STA.AIRP.P5,Mortality attributed to household and ambient air pollution,139.3,"deaths per 100,000 population",2019,1,latest_common_year,world-bank-who-mortality-context,snapshot.world-bank-who-mortality-context.2026-07-14,World Health Organization estimate via World Bank Indicators API; observation year 2019,2026-07-14T12:47:02Z,cc-by-4.0,https://creativecommons.org/licenses/by/4.0/,low,"Mortality is a severe-outcome context proxy. It does not measure pain intensity, duration, prevalence, disability, non-fatal suffering, or total welfare burden."
painmap-human-mortality-context-v1:IND:unsafe-wash-mortality:2019,IND,IND,India,unsafe-wash-mortality,SH.STA.WASH.P5,"Mortality attributed to unsafe water, sanitation and hygiene",36.4,"deaths per 100,000 population",2019,2,latest_common_year,world-bank-who-mortality-context,snapshot.world-bank-who-mortality-context.2026-07-14,World Health Organization estimate via World Bank Indicators API; observation year 2019,2026-07-14T12:47:02Z,cc-by-4.0,https://creativecommons.org/licenses/by/4.0/,low,"Mortality is a severe-outcome context proxy. It does not measure pain intensity, duration, prevalence, disability, non-fatal suffering, or total welfare burden."
painmap-human-mortality-context-v1:IND:road-traffic-mortality:2019,IND,IND,India,road-traffic-mortality,SH.STA.TRAF.P5,Road traffic mortality,15.6,"deaths per 100,000 population",2019,3,latest_common_year,world-bank-who-mortality-context,snapshot.world-bank-who-mortality-context.2026-07-14,World Health Organization estimate via World Bank Indicators API; observation year 2019,2026-07-14T12:47:02Z,cc-by-4.0,https://creativecommons.org/licenses/by/4.0/,low,"Mortality is a severe-outcome context proxy. It does not measure pain intensity, duration, prevalence, disability, non-fatal suffering, or total welfare burden."
painmap-human-mortality-context-v1:IND:suicide-mortality:2019,IND,IND,India,suicide-mortality,SH.STA.SUIC.P5,Suicide mortality,13.98,"deaths per 100,000 population",2019,4,latest_common_year,world-bank-who-mortality-context,snapshot.world-bank-who-mortality-context.2026-07-14,World Health Organization estimate via World Bank Indicators API; observation year 2019,2026-07-14T12:47:02Z,cc-by-4.0,https://creativecommons.org/licenses/by/4.0/,low,"Mortality is a severe-outcome context proxy. It does not measure pain intensity, duration, prevalence, disability, non-fatal suffering, or total welfare burden."
painmap-human-mortality-context-v1:IDN:air-pollution-mortality:2019,IDN,IDN,Indonesia,air-pollution-mortality,SH.STA.AIRP.P5,Mortality attributed to household and ambient air pollution,96.1,"deaths per 100,000 population",2019,1,latest_common_year,world-bank-who-mortality-context,snapshot.world-bank-who-mortality-context.2026-07-14,World Health Organization estimate via World Bank Indicators API; observation year 2019,2026-07-14T12:47:02Z,cc-by-4.0,https://creativecommons.org/licenses/by/4.0/,low,"Mortality is a severe-outcome context proxy. It does not measure pain intensity, duration, prevalence, disability, non-fatal suffering, or total welfare burden."
painmap-human-mortality-context-v1:IDN:unsafe-wash-mortality:2019,IDN,IDN,Indonesia,unsafe-wash-mortality,SH.STA.WASH.P5,"Mortality attributed to unsafe water, sanitation and hygiene",15.8,"deaths per 100,000 population",2019,2,latest_common_year,world-bank-who-mortality-context,snapshot.world-bank-who-mortality-context.2026-07-14,World Health Organization estimate via World Bank Indicators API; observation year 2019,2026-07-14T12:47:02Z,cc-by-4.0,https://creativecommons.org/licenses/by/4.0/,low,"Mortality is a severe-outcome context proxy. It does not measure pain intensity, duration, prevalence, disability, non-fatal suffering, or total welfare burden."
painmap-human-mortality-context-v1:IDN:road-traffic-mortality:2019,IDN,IDN,Indonesia,road-traffic-mortality,SH.STA.TRAF.P5,Road traffic mortality,11.3,"deaths per 100,000 population",2019,3,latest_common_year,world-bank-who-mortality-context,snapshot.world-bank-who-mortality-context.2026-07-14,World Health Organization estimate via World Bank Indicators API; observation year 2019,2026-07-14T12:47:02Z,cc-by-4.0,https://creativecommons.org/licenses/by/4.0/,low,"Mortality is a severe-outcome context proxy. It does not measure pain intensity, duration, prevalence, disability, non-fatal suffering, or total welfare burden."
painmap-human-mortality-context-v1:IDN:suicide-mortality:2019,IDN,IDN,Indonesia,suicide-mortality,SH.STA.SUIC.P5,Suicide mortality,1.6,"deaths per 100,000 population",2019,4,latest_common_year,world-bank-who-mortality-context,snapshot.world-bank-who-mortality-context.2026-07-14,World Health Organization estimate via World Bank Indicators API; observation year 2019,2026-07-14T12:47:02Z,cc-by-4.0,https://creativecommons.org/licenses/by/4.0/,low,"Mortality is a severe-outcome context proxy. It does not measure pain intensity, duration, prevalence, disability, non-fatal suffering, or total welfare burden."
painmap-human-mortality-context-v1:IRN:air-pollution-mortality:2019,IRN,IRN,Iran,air-pollution-mortality,SH.STA.AIRP.P5,Mortality attributed to household and ambient air pollution,58.1,"deaths per 100,000 population",2019,1,latest_common_year,world-bank-who-mortality-context,snapshot.world-bank-who-mortality-context.2026-07-14,World Health Organization estimate via World Bank Indicators API; observation year 2019,2026-07-14T12:47:02Z,cc-by-4.0,https://creativecommons.org/licenses/by/4.0/,low,"Mortality is a severe-outcome context proxy. It does not measure pain intensity, duration, prevalence, disability, non-fatal suffering, or total welfare burden."
painmap-human-mortality-context-v1:IRN:road-traffic-mortality:2019,IRN,IRN,Iran,road-traffic-mortality,SH.STA.TRAF.P5,Road traffic mortality,21.5,"deaths per 100,000 population",2019,2,latest_common_year,world-bank-who-mortality-context,snapshot.world-bank-who-mortality-context.2026-07-14,World Health Organization estimate via World Bank Indicators API; observation year 2019,2026-07-14T12:47:02Z,cc-by-4.0,https://creativecommons.org/licenses/by/4.0/,low,"Mortality is a severe-outcome context proxy. It does not measure pain intensity, duration, prevalence, disability, non-fatal suffering, or total welfare burden."
painmap-human-mortality-context-v1:IRN:suicide-mortality:2019,IRN,IRN,Iran,suicide-mortality,SH.STA.SUIC.P5,Suicide mortality,4.27,"deaths per 100,000 population",2019,3,latest_common_year,world-bank-who-mortality-context,snapshot.world-bank-who-mortality-context.2026-07-14,World Health Organization estimate via World Bank Indicators API; observation year 2019,2026-07-14T12:47:02Z,cc-by-4.0,https://creativecommons.org/licenses/by/4.0/,low,"Mortality is a severe-outcome context proxy. It does not measure pain intensity, duration, prevalence, disability, non-fatal suffering, or total welfare burden."
painmap-human-mortality-context-v1:IRN:unsafe-wash-mortality:2019,IRN,IRN,Iran,unsafe-wash-mortality,SH.STA.WASH.P5,"Mortality attributed to unsafe water, sanitation and hygiene",2.9,"deaths per 100,000 population",2019,4,latest_common_year,world-bank-who-mortality-context,snapshot.world-bank-who-mortality-context.2026-07-14,World Health Organization estimate via World Bank Indicators API; observation year 2019,2026-07-14T12:47:02Z,cc-by-4.0,https://creativecommons.org/licenses/by/4.0/,low,"Mortality is a severe-outcome context proxy. It does not measure pain intensity, duration, prevalence, disability, non-fatal suffering, or total welfare burden."
painmap-human-mortality-context-v1:IRQ:air-pollution-mortality:2019,IRQ,IRQ,Iraq,air-pollution-mortality,SH.STA.AIRP.P5,Mortality attributed to household and ambient air pollution,89.7,"deaths per 100,000 population",2019,1,latest_common_year,world-bank-who-mortality-context,snapshot.world-bank-who-mortality-context.2026-07-14,World Health Organization estimate via World Bank Indicators API; observation year 2019,2026-07-14T12:47:02Z,cc-by-4.0,https://creativecommons.org/licenses/by/4.0/,low,"Mortality is a severe-outcome context proxy. It does not measure pain intensity, duration, prevalence, disability, non-fatal suffering, or total welfare burden."
painmap-human-mortality-context-v1:IRQ:road-traffic-mortality:2019,IRQ,IRQ,Iraq,road-traffic-mortality,SH.STA.TRAF.P5,Road traffic mortality,27.3,"deaths per 100,000 population",2019,2,latest_common_year,world-bank-who-mortality-context,snapshot.world-bank-who-mortality-context.2026-07-14,World Health Organization estimate via World Bank Indicators API; observation year 2019,2026-07-14T12:47:02Z,cc-by-4.0,https://creativecommons.org/licenses/by/4.0/,low,"Mortality is a severe-outcome context proxy. It does not measure pain intensity, duration, prevalence, disability, non-fatal suffering, or total welfare burden."
painmap-human-mortality-context-v1:IRQ:unsafe-wash-mortality:2019,IRQ,IRQ,Iraq,unsafe-wash-mortality,SH.STA.WASH.P5,"Mortality attributed to unsafe water, sanitation and hygiene",4.4,"deaths per 100,000 population",2019,3,latest_common_year,world-bank-who-mortality-context,snapshot.world-bank-who-mortality-context.2026-07-14,World Health Organization estimate via World Bank Indicators API; observation year 2019,2026-07-14T12:47:02Z,cc-by-4.0,https://creativecommons.org/licenses/by/4.0/,low,"Mortality is a severe-outcome context proxy. It does not measure pain intensity, duration, prevalence, disability, non-fatal suffering, or total welfare burden."
painmap-human-mortality-context-v1:IRQ:suicide-mortality:2019,IRQ,IRQ,Iraq,suicide-mortality,SH.STA.SUIC.P5,Suicide mortality,3.25,"deaths per 100,000 population",2019,4,latest_common_year,world-bank-who-mortality-context,snapshot.world-bank-who-mortality-context.2026-07-14,World Health Organization estimate via World Bank Indicators API; observation year 2019,2026-07-14T12:47:02Z,cc-by-4.0,https://creativecommons.org/licenses/by/4.0/,low,"Mortality is a severe-outcome context proxy. It does not measure pain intensity, duration, prevalence, disability, non-fatal suffering, or total welfare burden."
painmap-human-mortality-context-v1:IRL:air-pollution-mortality:2019,IRL,IRL,Ireland,air-pollution-mortality,SH.STA.AIRP.P5,Mortality attributed to household and ambient air pollution,12.8,"deaths per 100,000 population",2019,1,latest_common_year,world-bank-who-mortality-context,snapshot.world-bank-who-mortality-context.2026-07-14,World Health Organization estimate via World Bank Indicators API; observation year 2019,2026-07-14T12:47:02Z,cc-by-4.0,https://creativecommons.org/licenses/by/4.0/,low,"Mortality is a severe-outcome context proxy. It does not measure pain intensity, duration, prevalence, disability, non-fatal suffering, or total welfare burden."
painmap-human-mortality-context-v1:IRL:suicide-mortality:2019,IRL,IRL,Ireland,suicide-mortality,SH.STA.SUIC.P5,Suicide mortality,8.07,"deaths per 100,000 population",2019,2,latest_common_year,world-bank-who-mortality-context,snapshot.world-bank-who-mortality-context.2026-07-14,World Health Organization estimate via World Bank Indicators API; observation year 2019,2026-07-14T12:47:02Z,cc-by-4.0,https://creativecommons.org/licenses/by/4.0/,low,"Mortality is a severe-outcome context proxy. It does not measure pain intensity, duration, prevalence, disability, non-fatal suffering, or total welfare burden."
painmap-human-mortality-context-v1:IRL:road-traffic-mortality:2019,IRL,IRL,Ireland,road-traffic-mortality,SH.STA.TRAF.P5,Road traffic mortality,3.1,"deaths per 100,000 population",2019,3,latest_common_year,world-bank-who-mortality-context,snapshot.world-bank-who-mortality-context.2026-07-14,World Health Organization estimate via World Bank Indicators API; observation year 2019,2026-07-14T12:47:02Z,cc-by-4.0,https://creativecommons.org/licenses/by/4.0/,low,"Mortality is a severe-outcome context proxy. It does not measure pain intensity, duration, prevalence, disability, non-fatal suffering, or total welfare burden."
painmap-human-mortality-context-v1:IRL:unsafe-wash-mortality:2019,IRL,IRL,Ireland,unsafe-wash-mortality,SH.STA.WASH.P5,"Mortality attributed to unsafe water, sanitation and hygiene",2.7,"deaths per 100,000 population",2019,4,latest_common_year,world-bank-who-mortality-context,snapshot.world-bank-who-mortality-context.2026-07-14,World Health Organization estimate via World Bank Indicators API; observation year 2019,2026-07-14T12:47:02Z,cc-by-4.0,https://creativecommons.org/licenses/by/4.0/,low,"Mortality is a severe-outcome context proxy. It does not measure pain intensity, duration, prevalence, disability, non-fatal suffering, or total welfare burden."
painmap-human-mortality-context-v1:ISR:air-pollution-mortality:2019,ISR,ISR,Israel,air-pollution-mortality,SH.STA.AIRP.P5,Mortality attributed to household and ambient air pollution,15.1,"deaths per 100,000 population",2019,1,latest_common_year,world-bank-who-mortality-context,snapshot.world-bank-who-mortality-context.2026-07-14,World Health Organization estimate via World Bank Indicators API; observation year 2019,2026-07-14T12:47:02Z,cc-by-4.0,https://creativecommons.org/licenses/by/4.0/,low,"Mortality is a severe-outcome context proxy. It does not measure pain intensity, duration, prevalence, disability, non-fatal suffering, or total welfare burden."
painmap-human-mortality-context-v1:ISR:suicide-mortality:2019,ISR,ISR,Israel,suicide-mortality,SH.STA.SUIC.P5,Suicide mortality,5.03,"deaths per 100,000 population",2019,2,latest_common_year,world-bank-who-mortality-context,snapshot.world-bank-who-mortality-context.2026-07-14,World Health Organization estimate via World Bank Indicators API; observation year 2019,2026-07-14T12:47:02Z,cc-by-4.0,https://creativecommons.org/licenses/by/4.0/,low,"Mortality is a severe-outcome context proxy. It does not measure pain intensity, duration, prevalence, disability, non-fatal suffering, or total welfare burden."
painmap-human-mortality-context-v1:ISR:road-traffic-mortality:2019,ISR,ISR,Israel,road-traffic-mortality,SH.STA.TRAF.P5,Road traffic mortality,3.9,"deaths per 100,000 population",2019,3,latest_common_year,world-bank-who-mortality-context,snapshot.world-bank-who-mortality-context.2026-07-14,World Health Organization estimate via World Bank Indicators API; observation year 2019,2026-07-14T12:47:02Z,cc-by-4.0,https://creativecommons.org/licenses/by/4.0/,low,"Mortality is a severe-outcome context proxy. It does not measure pain intensity, duration, prevalence, disability, non-fatal suffering, or total welfare burden."
painmap-human-mortality-context-v1:ISR:unsafe-wash-mortality:2019,ISR,ISR,Israel,unsafe-wash-mortality,SH.STA.WASH.P5,"Mortality attributed to unsafe water, sanitation and hygiene",2,"deaths per 100,000 population",2019,4,latest_common_year,world-bank-who-mortality-context,snapshot.world-bank-who-mortality-context.2026-07-14,World Health Organization estimate via World Bank Indicators API; observation year 2019,2026-07-14T12:47:02Z,cc-by-4.0,https://creativecommons.org/licenses/by/4.0/,low,"Mortality is a severe-outcome context proxy. It does not measure pain intensity, duration, prevalence, disability, non-fatal suffering, or total welfare burden."
painmap-human-mortality-context-v1:ITA:air-pollution-mortality:2019,ITA,ITA,Italy,air-pollution-mortality,SH.STA.AIRP.P5,Mortality attributed to household and ambient air pollution,15,"deaths per 100,000 population",2019,1,latest_common_year,world-bank-who-mortality-context,snapshot.world-bank-who-mortality-context.2026-07-14,World Health Organization estimate via World Bank Indicators API; observation year 2019,2026-07-14T12:47:02Z,cc-by-4.0,https://creativecommons.org/licenses/by/4.0/,low,"Mortality is a severe-outcome context proxy. It does not measure pain intensity, duration, prevalence, disability, non-fatal suffering, or total welfare burden."
painmap-human-mortality-context-v1:ITA:suicide-mortality:2019,ITA,ITA,Italy,suicide-mortality,SH.STA.SUIC.P5,Suicide mortality,6.77,"deaths per 100,000 population",2019,2,latest_common_year,world-bank-who-mortality-context,snapshot.world-bank-who-mortality-context.2026-07-14,World Health Organization estimate via World Bank Indicators API; observation year 2019,2026-07-14T12:47:02Z,cc-by-4.0,https://creativecommons.org/licenses/by/4.0/,low,"Mortality is a severe-outcome context proxy. It does not measure pain intensity, duration, prevalence, disability, non-fatal suffering, or total welfare burden."
painmap-human-mortality-context-v1:ITA:road-traffic-mortality:2019,ITA,ITA,Italy,road-traffic-mortality,SH.STA.TRAF.P5,Road traffic mortality,5.3,"deaths per 100,000 population",2019,3,latest_common_year,world-bank-who-mortality-context,snapshot.world-bank-who-mortality-context.2026-07-14,World Health Organization estimate via World Bank Indicators API; observation year 2019,2026-07-14T12:47:02Z,cc-by-4.0,https://creativecommons.org/licenses/by/4.0/,low,"Mortality is a severe-outcome context proxy. It does not measure pain intensity, duration, prevalence, disability, non-fatal suffering, or total welfare burden."
painmap-human-mortality-context-v1:ITA:unsafe-wash-mortality:2019,ITA,ITA,Italy,unsafe-wash-mortality,SH.STA.WASH.P5,"Mortality attributed to unsafe water, sanitation and hygiene",3,"deaths per 100,000 population",2019,4,latest_common_year,world-bank-who-mortality-context,snapshot.world-bank-who-mortality-context.2026-07-14,World Health Organization estimate via World Bank Indicators API; observation year 2019,2026-07-14T12:47:02Z,cc-by-4.0,https://creativecommons.org/licenses/by/4.0/,low,"Mortality is a severe-outcome context proxy. It does not measure pain intensity, duration, prevalence, disability, non-fatal suffering, or total welfare burden."
painmap-human-mortality-context-v1:CIV:air-pollution-mortality:2019,CIV,CIV,Ivory Coast,air-pollution-mortality,SH.STA.AIRP.P5,Mortality attributed to household and ambient air pollution,186.5,"deaths per 100,000 population",2019,1,latest_common_year,world-bank-who-mortality-context,snapshot.world-bank-who-mortality-context.2026-07-14,World Health Organization estimate via World Bank Indicators API; observation year 2019,2026-07-14T12:47:02Z,cc-by-4.0,https://creativecommons.org/licenses/by/4.0/,low,"Mortality is a severe-outcome context proxy. It does not measure pain intensity, duration, prevalence, disability, non-fatal suffering, or total welfare burden."
painmap-human-mortality-context-v1:CIV:unsafe-wash-mortality:2019,CIV,CIV,Ivory Coast,unsafe-wash-mortality,SH.STA.WASH.P5,"Mortality attributed to unsafe water, sanitation and hygiene",47,"deaths per 100,000 population",2019,2,latest_common_year,world-bank-who-mortality-context,snapshot.world-bank-who-mortality-context.2026-07-14,World Health Organization estimate via World Bank Indicators API; observation year 2019,2026-07-14T12:47:02Z,cc-by-4.0,https://creativecommons.org/licenses/by/4.0/,low,"Mortality is a severe-outcome context proxy. It does not measure pain intensity, duration, prevalence, disability, non-fatal suffering, or total welfare burden."
painmap-human-mortality-context-v1:CIV:road-traffic-mortality:2019,CIV,CIV,Ivory Coast,road-traffic-mortality,SH.STA.TRAF.P5,Road traffic mortality,24.1,"deaths per 100,000 population",2019,3,latest_common_year,world-bank-who-mortality-context,snapshot.world-bank-who-mortality-context.2026-07-14,World Health Organization estimate via World Bank Indicators API; observation year 2019,2026-07-14T12:47:02Z,cc-by-4.0,https://creativecommons.org/licenses/by/4.0/,low,"Mortality is a severe-outcome context proxy. It does not measure pain intensity, duration, prevalence, disability, non-fatal suffering, or total welfare burden."
painmap-human-mortality-context-v1:CIV:suicide-mortality:2019,CIV,CIV,Ivory Coast,suicide-mortality,SH.STA.SUIC.P5,Suicide mortality,7.75,"deaths per 100,000 population",2019,4,latest_common_year,world-bank-who-mortality-context,snapshot.world-bank-who-mortality-context.2026-07-14,World Health Organization estimate via World Bank Indicators API; observation year 2019,2026-07-14T12:47:02Z,cc-by-4.0,https://creativecommons.org/licenses/by/4.0/,low,"Mortality is a severe-outcome context proxy. It does not measure pain intensity, duration, prevalence, disability, non-fatal suffering, or total welfare burden."
painmap-human-mortality-context-v1:JAM:air-pollution-mortality:2019,JAM,JAM,Jamaica,air-pollution-mortality,SH.STA.AIRP.P5,Mortality attributed to household and ambient air pollution,35.9,"deaths per 100,000 population",2019,1,latest_common_year,world-bank-who-mortality-context,snapshot.world-bank-who-mortality-context.2026-07-14,World Health Organization estimate via World Bank Indicators API; observation year 2019,2026-07-14T12:47:02Z,cc-by-4.0,https://creativecommons.org/licenses/by/4.0/,low,"Mortality is a severe-outcome context proxy. It does not measure pain intensity, duration, prevalence, disability, non-fatal suffering, or total welfare burden."
painmap-human-mortality-context-v1:JAM:road-traffic-mortality:2019,JAM,JAM,Jamaica,road-traffic-mortality,SH.STA.TRAF.P5,Road traffic mortality,15.1,"deaths per 100,000 population",2019,2,latest_common_year,world-bank-who-mortality-context,snapshot.world-bank-who-mortality-context.2026-07-14,World Health Organization estimate via World Bank Indicators API; observation year 2019,2026-07-14T12:47:02Z,cc-by-4.0,https://creativecommons.org/licenses/by/4.0/,low,"Mortality is a severe-outcome context proxy. It does not measure pain intensity, duration, prevalence, disability, non-fatal suffering, or total welfare burden."
painmap-human-mortality-context-v1:JAM:unsafe-wash-mortality:2019,JAM,JAM,Jamaica,unsafe-wash-mortality,SH.STA.WASH.P5,"Mortality attributed to unsafe water, sanitation and hygiene",2.3,"deaths per 100,000 population",2019,3,latest_common_year,world-bank-who-mortality-context,snapshot.world-bank-who-mortality-context.2026-07-14,World Health Organization estimate via World Bank Indicators API; observation year 2019,2026-07-14T12:47:02Z,cc-by-4.0,https://creativecommons.org/licenses/by/4.0/,low,"Mortality is a severe-outcome context proxy. It does not measure pain intensity, duration, prevalence, disability, non-fatal suffering, or total welfare burden."
painmap-human-mortality-context-v1:JAM:suicide-mortality:2019,JAM,JAM,Jamaica,suicide-mortality,SH.STA.SUIC.P5,Suicide mortality,1.69,"deaths per 100,000 population",2019,4,latest_common_year,world-bank-who-mortality-context,snapshot.world-bank-who-mortality-context.2026-07-14,World Health Organization estimate via World Bank Indicators API; observation year 2019,2026-07-14T12:47:02Z,cc-by-4.0,https://creativecommons.org/licenses/by/4.0/,low,"Mortality is a severe-outcome context proxy. It does not measure pain intensity, duration, prevalence, disability, non-fatal suffering, or total welfare burden."
painmap-human-mortality-context-v1:JPN:suicide-mortality:2019,JPN,JPN,Japan,suicide-mortality,SH.STA.SUIC.P5,Suicide mortality,16.47,"deaths per 100,000 population",2019,1,latest_common_year,world-bank-who-mortality-context,snapshot.world-bank-who-mortality-context.2026-07-14,World Health Organization estimate via World Bank Indicators API; observation year 2019,2026-07-14T12:47:02Z,cc-by-4.0,https://creativecommons.org/licenses/by/4.0/,low,"Mortality is a severe-outcome context proxy. It does not measure pain intensity, duration, prevalence, disability, non-fatal suffering, or total welfare burden."
painmap-human-mortality-context-v1:JPN:air-pollution-mortality:2019,JPN,JPN,Japan,air-pollution-mortality,SH.STA.AIRP.P5,Mortality attributed to household and ambient air pollution,11.8,"deaths per 100,000 population",2019,2,latest_common_year,world-bank-who-mortality-context,snapshot.world-bank-who-mortality-context.2026-07-14,World Health Organization estimate via World Bank Indicators API; observation year 2019,2026-07-14T12:47:02Z,cc-by-4.0,https://creativecommons.org/licenses/by/4.0/,low,"Mortality is a severe-outcome context proxy. It does not measure pain intensity, duration, prevalence, disability, non-fatal suffering, or total welfare burden."
painmap-human-mortality-context-v1:JPN:unsafe-wash-mortality:2019,JPN,JPN,Japan,unsafe-wash-mortality,SH.STA.WASH.P5,"Mortality attributed to unsafe water, sanitation and hygiene",8.4,"deaths per 100,000 population",2019,3,latest_common_year,world-bank-who-mortality-context,snapshot.world-bank-who-mortality-context.2026-07-14,World Health Organization estimate via World Bank Indicators API; observation year 2019,2026-07-14T12:47:02Z,cc-by-4.0,https://creativecommons.org/licenses/by/4.0/,low,"Mortality is a severe-outcome context proxy. It does not measure pain intensity, duration, prevalence, disability, non-fatal suffering, or total welfare burden."
painmap-human-mortality-context-v1:JPN:road-traffic-mortality:2019,JPN,JPN,Japan,road-traffic-mortality,SH.STA.TRAF.P5,Road traffic mortality,3.6,"deaths per 100,000 population",2019,4,latest_common_year,world-bank-who-mortality-context,snapshot.world-bank-who-mortality-context.2026-07-14,World Health Organization estimate via World Bank Indicators API; observation year 2019,2026-07-14T12:47:02Z,cc-by-4.0,https://creativecommons.org/licenses/by/4.0/,low,"Mortality is a severe-outcome context proxy. It does not measure pain intensity, duration, prevalence, disability, non-fatal suffering, or total welfare burden."
painmap-human-mortality-context-v1:JOR:air-pollution-mortality:2019,JOR,JOR,Jordan,air-pollution-mortality,SH.STA.AIRP.P5,Mortality attributed to household and ambient air pollution,38.7,"deaths per 100,000 population",2019,1,latest_common_year,world-bank-who-mortality-context,snapshot.world-bank-who-mortality-context.2026-07-14,World Health Organization estimate via World Bank Indicators API; observation year 2019,2026-07-14T12:47:02Z,cc-by-4.0,https://creativecommons.org/licenses/by/4.0/,low,"Mortality is a severe-outcome context proxy. It does not measure pain intensity, duration, prevalence, disability, non-fatal suffering, or total welfare burden."
painmap-human-mortality-context-v1:JOR:road-traffic-mortality:2019,JOR,JOR,Jordan,road-traffic-mortality,SH.STA.TRAF.P5,Road traffic mortality,17,"deaths per 100,000 population",2019,2,latest_common_year,world-bank-who-mortality-context,snapshot.world-bank-who-mortality-context.2026-07-14,World Health Organization estimate via World Bank Indicators API; observation year 2019,2026-07-14T12:47:02Z,cc-by-4.0,https://creativecommons.org/licenses/by/4.0/,low,"Mortality is a severe-outcome context proxy. It does not measure pain intensity, duration, prevalence, disability, non-fatal suffering, or total welfare burden."
painmap-human-mortality-context-v1:JOR:unsafe-wash-mortality:2019,JOR,JOR,Jordan,unsafe-wash-mortality,SH.STA.WASH.P5,"Mortality attributed to unsafe water, sanitation and hygiene",1.9,"deaths per 100,000 population",2019,3,latest_common_year,world-bank-who-mortality-context,snapshot.world-bank-who-mortality-context.2026-07-14,World Health Organization estimate via World Bank Indicators API; observation year 2019,2026-07-14T12:47:02Z,cc-by-4.0,https://creativecommons.org/licenses/by/4.0/,low,"Mortality is a severe-outcome context proxy. It does not measure pain intensity, duration, prevalence, disability, non-fatal suffering, or total welfare burden."
painmap-human-mortality-context-v1:JOR:suicide-mortality:2019,JOR,JOR,Jordan,suicide-mortality,SH.STA.SUIC.P5,Suicide mortality,0.77,"deaths per 100,000 population",2019,4,latest_common_year,world-bank-who-mortality-context,snapshot.world-bank-who-mortality-context.2026-07-14,World Health Organization estimate via World Bank Indicators API; observation year 2019,2026-07-14T12:47:02Z,cc-by-4.0,https://creativecommons.org/licenses/by/4.0/,low,"Mortality is a severe-outcome context proxy. It does not measure pain intensity, duration, prevalence, disability, non-fatal suffering, or total welfare burden."
painmap-human-mortality-context-v1:KAZ:air-pollution-mortality:2019,KAZ,KAZ,Kazakhstan,air-pollution-mortality,SH.STA.AIRP.P5,Mortality attributed to household and ambient air pollution,83.4,"deaths per 100,000 population",2019,1,latest_common_year,world-bank-who-mortality-context,snapshot.world-bank-who-mortality-context.2026-07-14,World Health Organization estimate via World Bank Indicators API; observation year 2019,2026-07-14T12:47:02Z,cc-by-4.0,https://creativecommons.org/licenses/by/4.0/,low,"Mortality is a severe-outcome context proxy. It does not measure pain intensity, duration, prevalence, disability, non-fatal suffering, or total welfare burden."
painmap-human-mortality-context-v1:KAZ:suicide-mortality:2019,KAZ,KAZ,Kazakhstan,suicide-mortality,SH.STA.SUIC.P5,Suicide mortality,18.8,"deaths per 100,000 population",2019,2,latest_common_year,world-bank-who-mortality-context,snapshot.world-bank-who-mortality-context.2026-07-14,World Health Organization estimate via World Bank Indicators API; observation year 2019,2026-07-14T12:47:02Z,cc-by-4.0,https://creativecommons.org/licenses/by/4.0/,low,"Mortality is a severe-outcome context proxy. It does not measure pain intensity, duration, prevalence, disability, non-fatal suffering, or total welfare burden."
painmap-human-mortality-context-v1:KAZ:road-traffic-mortality:2019,KAZ,KAZ,Kazakhstan,road-traffic-mortality,SH.STA.TRAF.P5,Road traffic mortality,12.7,"deaths per 100,000 population",2019,3,latest_common_year,world-bank-who-mortality-context,snapshot.world-bank-who-mortality-context.2026-07-14,World Health Organization estimate via World Bank Indicators API; observation year 2019,2026-07-14T12:47:02Z,cc-by-4.0,https://creativecommons.org/licenses/by/4.0/,low,"Mortality is a severe-outcome context proxy. It does not measure pain intensity, duration, prevalence, disability, non-fatal suffering, or total welfare burden."
painmap-human-mortality-context-v1:KAZ:unsafe-wash-mortality:2019,KAZ,KAZ,Kazakhstan,unsafe-wash-mortality,SH.STA.WASH.P5,"Mortality attributed to unsafe water, sanitation and hygiene",3.2,"deaths per 100,000 population",2019,4,latest_common_year,world-bank-who-mortality-context,snapshot.world-bank-who-mortality-context.2026-07-14,World Health Organization estimate via World Bank Indicators API; observation year 2019,2026-07-14T12:47:02Z,cc-by-4.0,https://creativecommons.org/licenses/by/4.0/,low,"Mortality is a severe-outcome context proxy. It does not measure pain intensity, duration, prevalence, disability, non-fatal suffering, or total welfare burden."
painmap-human-mortality-context-v1:KEN:air-pollution-mortality:2019,KEN,KEN,Kenya,air-pollution-mortality,SH.STA.AIRP.P5,Mortality attributed to household and ambient air pollution,131.9,"deaths per 100,000 population",2019,1,latest_common_year,world-bank-who-mortality-context,snapshot.world-bank-who-mortality-context.2026-07-14,World Health Organization estimate via World Bank Indicators API; observation year 2019,2026-07-14T12:47:02Z,cc-by-4.0,https://creativecommons.org/licenses/by/4.0/,low,"Mortality is a severe-outcome context proxy. It does not measure pain intensity, duration, prevalence, disability, non-fatal suffering, or total welfare burden."
painmap-human-mortality-context-v1:KEN:unsafe-wash-mortality:2019,KEN,KEN,Kenya,unsafe-wash-mortality,SH.STA.WASH.P5,"Mortality attributed to unsafe water, sanitation and hygiene",29,"deaths per 100,000 population",2019,2,latest_common_year,world-bank-who-mortality-context,snapshot.world-bank-who-mortality-context.2026-07-14,World Health Organization estimate via World Bank Indicators API; observation year 2019,2026-07-14T12:47:02Z,cc-by-4.0,https://creativecommons.org/licenses/by/4.0/,low,"Mortality is a severe-outcome context proxy. It does not measure pain intensity, duration, prevalence, disability, non-fatal suffering, or total welfare burden."
painmap-human-mortality-context-v1:KEN:road-traffic-mortality:2019,KEN,KEN,Kenya,road-traffic-mortality,SH.STA.TRAF.P5,Road traffic mortality,28.3,"deaths per 100,000 population",2019,3,latest_common_year,world-bank-who-mortality-context,snapshot.world-bank-who-mortality-context.2026-07-14,World Health Organization estimate via World Bank Indicators API; observation year 2019,2026-07-14T12:47:02Z,cc-by-4.0,https://creativecommons.org/licenses/by/4.0/,low,"Mortality is a severe-outcome context proxy. It does not measure pain intensity, duration, prevalence, disability, non-fatal suffering, or total welfare burden."
painmap-human-mortality-context-v1:KEN:suicide-mortality:2019,KEN,KEN,Kenya,suicide-mortality,SH.STA.SUIC.P5,Suicide mortality,6.45,"deaths per 100,000 population",2019,4,latest_common_year,world-bank-who-mortality-context,snapshot.world-bank-who-mortality-context.2026-07-14,World Health Organization estimate via World Bank Indicators API; observation year 2019,2026-07-14T12:47:02Z,cc-by-4.0,https://creativecommons.org/licenses/by/4.0/,low,"Mortality is a severe-outcome context proxy. It does not measure pain intensity, duration, prevalence, disability, non-fatal suffering, or total welfare burden."
painmap-human-mortality-context-v1:KIR:air-pollution-mortality:2019,KIR,KIR,Kiribati,air-pollution-mortality,SH.STA.AIRP.P5,Mortality attributed to household and ambient air pollution,246.6,"deaths per 100,000 population",2019,1,latest_common_year,world-bank-who-mortality-context,snapshot.world-bank-who-mortality-context.2026-07-14,World Health Organization estimate via World Bank Indicators API; observation year 2019,2026-07-14T12:47:02Z,cc-by-4.0,https://creativecommons.org/licenses/by/4.0/,low,"Mortality is a severe-outcome context proxy. It does not measure pain intensity, duration, prevalence, disability, non-fatal suffering, or total welfare burden."
painmap-human-mortality-context-v1:KIR:unsafe-wash-mortality:2019,KIR,KIR,Kiribati,unsafe-wash-mortality,SH.STA.WASH.P5,"Mortality attributed to unsafe water, sanitation and hygiene",37.4,"deaths per 100,000 population",2019,2,latest_common_year,world-bank-who-mortality-context,snapshot.world-bank-who-mortality-context.2026-07-14,World Health Organization estimate via World Bank Indicators API; observation year 2019,2026-07-14T12:47:02Z,cc-by-4.0,https://creativecommons.org/licenses/by/4.0/,low,"Mortality is a severe-outcome context proxy. It does not measure pain intensity, duration, prevalence, disability, non-fatal suffering, or total welfare burden."
painmap-human-mortality-context-v1:KIR:suicide-mortality:2019,KIR,KIR,Kiribati,suicide-mortality,SH.STA.SUIC.P5,Suicide mortality,19.8,"deaths per 100,000 population",2019,3,latest_common_year,world-bank-who-mortality-context,snapshot.world-bank-who-mortality-context.2026-07-14,World Health Organization estimate via World Bank Indicators API; observation year 2019,2026-07-14T12:47:02Z,cc-by-4.0,https://creativecommons.org/licenses/by/4.0/,low,"Mortality is a severe-outcome context proxy. It does not measure pain intensity, duration, prevalence, disability, non-fatal suffering, or total welfare burden."
painmap-human-mortality-context-v1:KIR:road-traffic-mortality:2019,KIR,KIR,Kiribati,road-traffic-mortality,SH.STA.TRAF.P5,Road traffic mortality,1.9,"deaths per 100,000 population",2019,4,latest_common_year,world-bank-who-mortality-context,snapshot.world-bank-who-mortality-context.2026-07-14,World Health Organization estimate via World Bank Indicators API; observation year 2019,2026-07-14T12:47:02Z,cc-by-4.0,https://creativecommons.org/licenses/by/4.0/,low,"Mortality is a severe-outcome context proxy. It does not measure pain intensity, duration, prevalence, disability, non-fatal suffering, or total welfare burden."
painmap-human-mortality-context-v1:KWT:air-pollution-mortality:2019,KWT,KWT,Kuwait,air-pollution-mortality,SH.STA.AIRP.P5,Mortality attributed to household and ambient air pollution,45.2,"deaths per 100,000 population",2019,1,latest_common_year,world-bank-who-mortality-context,snapshot.world-bank-who-mortality-context.2026-07-14,World Health Organization estimate via World Bank Indicators API; observation year 2019,2026-07-14T12:47:02Z,cc-by-4.0,https://creativecommons.org/licenses/by/4.0/,low,"Mortality is a severe-outcome context proxy. It does not measure pain intensity, duration, prevalence, disability, non-fatal suffering, or total welfare burden."
painmap-human-mortality-context-v1:KWT:road-traffic-mortality:2019,KWT,KWT,Kuwait,road-traffic-mortality,SH.STA.TRAF.P5,Road traffic mortality,15.4,"deaths per 100,000 population",2019,2,latest_common_year,world-bank-who-mortality-context,snapshot.world-bank-who-mortality-context.2026-07-14,World Health Organization estimate via World Bank Indicators API; observation year 2019,2026-07-14T12:47:02Z,cc-by-4.0,https://creativecommons.org/licenses/by/4.0/,low,"Mortality is a severe-outcome context proxy. It does not measure pain intensity, duration, prevalence, disability, non-fatal suffering, or total welfare burden."
painmap-human-mortality-context-v1:KWT:suicide-mortality:2019,KWT,KWT,Kuwait,suicide-mortality,SH.STA.SUIC.P5,Suicide mortality,1.9,"deaths per 100,000 population",2019,3,latest_common_year,world-bank-who-mortality-context,snapshot.world-bank-who-mortality-context.2026-07-14,World Health Organization estimate via World Bank Indicators API; observation year 2019,2026-07-14T12:47:02Z,cc-by-4.0,https://creativecommons.org/licenses/by/4.0/,low,"Mortality is a severe-outcome context proxy. It does not measure pain intensity, duration, prevalence, disability, non-fatal suffering, or total welfare burden."
painmap-human-mortality-context-v1:KWT:unsafe-wash-mortality:2019,KWT,KWT,Kuwait,unsafe-wash-mortality,SH.STA.WASH.P5,"Mortality attributed to unsafe water, sanitation and hygiene",0.8,"deaths per 100,000 population",2019,4,latest_common_year,world-bank-who-mortality-context,snapshot.world-bank-who-mortality-context.2026-07-14,World Health Organization estimate via World Bank Indicators API; observation year 2019,2026-07-14T12:47:02Z,cc-by-4.0,https://creativecommons.org/licenses/by/4.0/,low,"Mortality is a severe-outcome context proxy. It does not measure pain intensity, duration, prevalence, disability, non-fatal suffering, or total welfare burden."
painmap-human-mortality-context-v1:KGZ:air-pollution-mortality:2019,KGZ,KGZ,Kyrgyzstan,air-pollution-mortality,SH.STA.AIRP.P5,Mortality attributed to household and ambient air pollution,124.9,"deaths per 100,000 population",2019,1,latest_common_year,world-bank-who-mortality-context,snapshot.world-bank-who-mortality-context.2026-07-14,World Health Organization estimate via World Bank Indicators API; observation year 2019,2026-07-14T12:47:02Z,cc-by-4.0,https://creativecommons.org/licenses/by/4.0/,low,"Mortality is a severe-outcome context proxy. It does not measure pain intensity, duration, prevalence, disability, non-fatal suffering, or total welfare burden."
painmap-human-mortality-context-v1:KGZ:road-traffic-mortality:2019,KGZ,KGZ,Kyrgyzstan,road-traffic-mortality,SH.STA.TRAF.P5,Road traffic mortality,12.7,"deaths per 100,000 population",2019,2,latest_common_year,world-bank-who-mortality-context,snapshot.world-bank-who-mortality-context.2026-07-14,World Health Organization estimate via World Bank Indicators API; observation year 2019,2026-07-14T12:47:02Z,cc-by-4.0,https://creativecommons.org/licenses/by/4.0/,low,"Mortality is a severe-outcome context proxy. It does not measure pain intensity, duration, prevalence, disability, non-fatal suffering, or total welfare burden."
painmap-human-mortality-context-v1:KGZ:suicide-mortality:2019,KGZ,KGZ,Kyrgyzstan,suicide-mortality,SH.STA.SUIC.P5,Suicide mortality,8.6,"deaths per 100,000 population",2019,3,latest_common_year,world-bank-who-mortality-context,snapshot.world-bank-who-mortality-context.2026-07-14,World Health Organization estimate via World Bank Indicators API; observation year 2019,2026-07-14T12:47:02Z,cc-by-4.0,https://creativecommons.org/licenses/by/4.0/,low,"Mortality is a severe-outcome context proxy. It does not measure pain intensity, duration, prevalence, disability, non-fatal suffering, or total welfare burden."
painmap-human-mortality-context-v1:KGZ:unsafe-wash-mortality:2019,KGZ,KGZ,Kyrgyzstan,unsafe-wash-mortality,SH.STA.WASH.P5,"Mortality attributed to unsafe water, sanitation and hygiene",2.3,"deaths per 100,000 population",2019,4,latest_common_year,world-bank-who-mortality-context,snapshot.world-bank-who-mortality-context.2026-07-14,World Health Organization estimate via World Bank Indicators API; observation year 2019,2026-07-14T12:47:02Z,cc-by-4.0,https://creativecommons.org/licenses/by/4.0/,low,"Mortality is a severe-outcome context proxy. It does not measure pain intensity, duration, prevalence, disability, non-fatal suffering, or total welfare burden."
painmap-human-mortality-context-v1:LAO:air-pollution-mortality:2019,LAO,LAO,Laos,air-pollution-mortality,SH.STA.AIRP.P5,Mortality attributed to household and ambient air pollution,195.3,"deaths per 100,000 population",2019,1,latest_common_year,world-bank-who-mortality-context,snapshot.world-bank-who-mortality-context.2026-07-14,World Health Organization estimate via World Bank Indicators API; observation year 2019,2026-07-14T12:47:02Z,cc-by-4.0,https://creativecommons.org/licenses/by/4.0/,low,"Mortality is a severe-outcome context proxy. It does not measure pain intensity, duration, prevalence, disability, non-fatal suffering, or total welfare burden."
painmap-human-mortality-context-v1:LAO:unsafe-wash-mortality:2019,LAO,LAO,Laos,unsafe-wash-mortality,SH.STA.WASH.P5,"Mortality attributed to unsafe water, sanitation and hygiene",20.5,"deaths per 100,000 population",2019,2,latest_common_year,world-bank-who-mortality-context,snapshot.world-bank-who-mortality-context.2026-07-14,World Health Organization estimate via World Bank Indicators API; observation year 2019,2026-07-14T12:47:02Z,cc-by-4.0,https://creativecommons.org/licenses/by/4.0/,low,"Mortality is a severe-outcome context proxy. It does not measure pain intensity, duration, prevalence, disability, non-fatal suffering, or total welfare burden."
painmap-human-mortality-context-v1:LAO:road-traffic-mortality:2019,LAO,LAO,Laos,road-traffic-mortality,SH.STA.TRAF.P5,Road traffic mortality,17.9,"deaths per 100,000 population",2019,3,latest_common_year,world-bank-who-mortality-context,snapshot.world-bank-who-mortality-context.2026-07-14,World Health Organization estimate via World Bank Indicators API; observation year 2019,2026-07-14T12:47:02Z,cc-by-4.0,https://creativecommons.org/licenses/by/4.0/,low,"Mortality is a severe-outcome context proxy. It does not measure pain intensity, duration, prevalence, disability, non-fatal suffering, or total welfare burden."
painmap-human-mortality-context-v1:LAO:suicide-mortality:2019,LAO,LAO,Laos,suicide-mortality,SH.STA.SUIC.P5,Suicide mortality,4.55,"deaths per 100,000 population",2019,4,latest_common_year,world-bank-who-mortality-context,snapshot.world-bank-who-mortality-context.2026-07-14,World Health Organization estimate via World Bank Indicators API; observation year 2019,2026-07-14T12:47:02Z,cc-by-4.0,https://creativecommons.org/licenses/by/4.0/,low,"Mortality is a severe-outcome context proxy. It does not measure pain intensity, duration, prevalence, disability, non-fatal suffering, or total welfare burden."
painmap-human-mortality-context-v1:LVA:air-pollution-mortality:2019,LVA,LVA,Latvia,air-pollution-mortality,SH.STA.AIRP.P5,Mortality attributed to household and ambient air pollution,40.1,"deaths per 100,000 population",2019,1,latest_common_year,world-bank-who-mortality-context,snapshot.world-bank-who-mortality-context.2026-07-14,World Health Organization estimate via World Bank Indicators API; observation year 2019,2026-07-14T12:47:02Z,cc-by-4.0,https://creativecommons.org/licenses/by/4.0/,low,"Mortality is a severe-outcome context proxy. It does not measure pain intensity, duration, prevalence, disability, non-fatal suffering, or total welfare burden."
painmap-human-mortality-context-v1:LVA:suicide-mortality:2019,LVA,LVA,Latvia,suicide-mortality,SH.STA.SUIC.P5,Suicide mortality,17.16,"deaths per 100,000 population",2019,2,latest_common_year,world-bank-who-mortality-context,snapshot.world-bank-who-mortality-context.2026-07-14,World Health Organization estimate via World Bank Indicators API; observation year 2019,2026-07-14T12:47:02Z,cc-by-4.0,https://creativecommons.org/licenses/by/4.0/,low,"Mortality is a severe-outcome context proxy. It does not measure pain intensity, duration, prevalence, disability, non-fatal suffering, or total welfare burden."
painmap-human-mortality-context-v1:LVA:road-traffic-mortality:2019,LVA,LVA,Latvia,road-traffic-mortality,SH.STA.TRAF.P5,Road traffic mortality,8.1,"deaths per 100,000 population",2019,3,latest_common_year,world-bank-who-mortality-context,snapshot.world-bank-who-mortality-context.2026-07-14,World Health Organization estimate via World Bank Indicators API; observation year 2019,2026-07-14T12:47:02Z,cc-by-4.0,https://creativecommons.org/licenses/by/4.0/,low,"Mortality is a severe-outcome context proxy. It does not measure pain intensity, duration, prevalence, disability, non-fatal suffering, or total welfare burden."
painmap-human-mortality-context-v1:LVA:unsafe-wash-mortality:2019,LVA,LVA,Latvia,unsafe-wash-mortality,SH.STA.WASH.P5,"Mortality attributed to unsafe water, sanitation and hygiene",2.6,"deaths per 100,000 population",2019,4,latest_common_year,world-bank-who-mortality-context,snapshot.world-bank-who-mortality-context.2026-07-14,World Health Organization estimate via World Bank Indicators API; observation year 2019,2026-07-14T12:47:02Z,cc-by-4.0,https://creativecommons.org/licenses/by/4.0/,low,"Mortality is a severe-outcome context proxy. It does not measure pain intensity, duration, prevalence, disability, non-fatal suffering, or total welfare burden."
painmap-human-mortality-context-v1:LBN:air-pollution-mortality:2019,LBN,LBN,Lebanon,air-pollution-mortality,SH.STA.AIRP.P5,Mortality attributed to household and ambient air pollution,58.6,"deaths per 100,000 population",2019,1,latest_common_year,world-bank-who-mortality-context,snapshot.world-bank-who-mortality-context.2026-07-14,World Health Organization estimate via World Bank Indicators API; observation year 2019,2026-07-14T12:47:02Z,cc-by-4.0,https://creativecommons.org/licenses/by/4.0/,low,"Mortality is a severe-outcome context proxy. It does not measure pain intensity, duration, prevalence, disability, non-fatal suffering, or total welfare burden."
painmap-human-mortality-context-v1:LBN:road-traffic-mortality:2019,LBN,LBN,Lebanon,road-traffic-mortality,SH.STA.TRAF.P5,Road traffic mortality,16.4,"deaths per 100,000 population",2019,2,latest_common_year,world-bank-who-mortality-context,snapshot.world-bank-who-mortality-context.2026-07-14,World Health Organization estimate via World Bank Indicators API; observation year 2019,2026-07-14T12:47:02Z,cc-by-4.0,https://creativecommons.org/licenses/by/4.0/,low,"Mortality is a severe-outcome context proxy. It does not measure pain intensity, duration, prevalence, disability, non-fatal suffering, or total welfare burden."
painmap-human-mortality-context-v1:LBN:unsafe-wash-mortality:2019,LBN,LBN,Lebanon,unsafe-wash-mortality,SH.STA.WASH.P5,"Mortality attributed to unsafe water, sanitation and hygiene",2.4,"deaths per 100,000 population",2019,3,latest_common_year,world-bank-who-mortality-context,snapshot.world-bank-who-mortality-context.2026-07-14,World Health Organization estimate via World Bank Indicators API; observation year 2019,2026-07-14T12:47:02Z,cc-by-4.0,https://creativecommons.org/licenses/by/4.0/,low,"Mortality is a severe-outcome context proxy. It does not measure pain intensity, duration, prevalence, disability, non-fatal suffering, or total welfare burden."
painmap-human-mortality-context-v1:LBN:suicide-mortality:2019,LBN,LBN,Lebanon,suicide-mortality,SH.STA.SUIC.P5,Suicide mortality,0.7,"deaths per 100,000 population",2019,4,latest_common_year,world-bank-who-mortality-context,snapshot.world-bank-who-mortality-context.2026-07-14,World Health Organization estimate via World Bank Indicators API; observation year 2019,2026-07-14T12:47:02Z,cc-by-4.0,https://creativecommons.org/licenses/by/4.0/,low,"Mortality is a severe-outcome context proxy. It does not measure pain intensity, duration, prevalence, disability, non-fatal suffering, or total welfare burden."
painmap-human-mortality-context-v1:LSO:air-pollution-mortality:2019,LSO,LSO,Lesotho,air-pollution-mortality,SH.STA.AIRP.P5,Mortality attributed to household and ambient air pollution,288.3,"deaths per 100,000 population",2019,1,latest_common_year,world-bank-who-mortality-context,snapshot.world-bank-who-mortality-context.2026-07-14,World Health Organization estimate via World Bank Indicators API; observation year 2019,2026-07-14T12:47:02Z,cc-by-4.0,https://creativecommons.org/licenses/by/4.0/,low,"Mortality is a severe-outcome context proxy. It does not measure pain intensity, duration, prevalence, disability, non-fatal suffering, or total welfare burden."
painmap-human-mortality-context-v1:LSO:unsafe-wash-mortality:2019,LSO,LSO,Lesotho,unsafe-wash-mortality,SH.STA.WASH.P5,"Mortality attributed to unsafe water, sanitation and hygiene",108.1,"deaths per 100,000 population",2019,2,latest_common_year,world-bank-who-mortality-context,snapshot.world-bank-who-mortality-context.2026-07-14,World Health Organization estimate via World Bank Indicators API; observation year 2019,2026-07-14T12:47:02Z,cc-by-4.0,https://creativecommons.org/licenses/by/4.0/,low,"Mortality is a severe-outcome context proxy. It does not measure pain intensity, duration, prevalence, disability, non-fatal suffering, or total welfare burden."
painmap-human-mortality-context-v1:LSO:road-traffic-mortality:2019,LSO,LSO,Lesotho,road-traffic-mortality,SH.STA.TRAF.P5,Road traffic mortality,31.9,"deaths per 100,000 population",2019,3,latest_common_year,world-bank-who-mortality-context,snapshot.world-bank-who-mortality-context.2026-07-14,World Health Organization estimate via World Bank Indicators API; observation year 2019,2026-07-14T12:47:02Z,cc-by-4.0,https://creativecommons.org/licenses/by/4.0/,low,"Mortality is a severe-outcome context proxy. It does not measure pain intensity, duration, prevalence, disability, non-fatal suffering, or total welfare burden."
painmap-human-mortality-context-v1:LSO:suicide-mortality:2019,LSO,LSO,Lesotho,suicide-mortality,SH.STA.SUIC.P5,Suicide mortality,28.77,"deaths per 100,000 population",2019,4,latest_common_year,world-bank-who-mortality-context,snapshot.world-bank-who-mortality-context.2026-07-14,World Health Organization estimate via World Bank Indicators API; observation year 2019,2026-07-14T12:47:02Z,cc-by-4.0,https://creativecommons.org/licenses/by/4.0/,low,"Mortality is a severe-outcome context proxy. It does not measure pain intensity, duration, prevalence, disability, non-fatal suffering, or total welfare burden."
painmap-human-mortality-context-v1:LBR:air-pollution-mortality:2019,LBR,LBR,Liberia,air-pollution-mortality,SH.STA.AIRP.P5,Mortality attributed to household and ambient air pollution,152.7,"deaths per 100,000 population",2019,1,latest_common_year,world-bank-who-mortality-context,snapshot.world-bank-who-mortality-context.2026-07-14,World Health Organization estimate via World Bank Indicators API; observation year 2019,2026-07-14T12:47:02Z,cc-by-4.0,https://creativecommons.org/licenses/by/4.0/,low,"Mortality is a severe-outcome context proxy. It does not measure pain intensity, duration, prevalence, disability, non-fatal suffering, or total welfare burden."
painmap-human-mortality-context-v1:LBR:road-traffic-mortality:2019,LBR,LBR,Liberia,road-traffic-mortality,SH.STA.TRAF.P5,Road traffic mortality,38.9,"deaths per 100,000 population",2019,2,latest_common_year,world-bank-who-mortality-context,snapshot.world-bank-who-mortality-context.2026-07-14,World Health Organization estimate via World Bank Indicators API; observation year 2019,2026-07-14T12:47:02Z,cc-by-4.0,https://creativecommons.org/licenses/by/4.0/,low,"Mortality is a severe-outcome context proxy. It does not measure pain intensity, duration, prevalence, disability, non-fatal suffering, or total welfare burden."
painmap-human-mortality-context-v1:LBR:unsafe-wash-mortality:2019,LBR,LBR,Liberia,unsafe-wash-mortality,SH.STA.WASH.P5,"Mortality attributed to unsafe water, sanitation and hygiene",34.6,"deaths per 100,000 population",2019,3,latest_common_year,world-bank-who-mortality-context,snapshot.world-bank-who-mortality-context.2026-07-14,World Health Organization estimate via World Bank Indicators API; observation year 2019,2026-07-14T12:47:02Z,cc-by-4.0,https://creativecommons.org/licenses/by/4.0/,low,"Mortality is a severe-outcome context proxy. It does not measure pain intensity, duration, prevalence, disability, non-fatal suffering, or total welfare burden."
painmap-human-mortality-context-v1:LBR:suicide-mortality:2019,LBR,LBR,Liberia,suicide-mortality,SH.STA.SUIC.P5,Suicide mortality,5.87,"deaths per 100,000 population",2019,4,latest_common_year,world-bank-who-mortality-context,snapshot.world-bank-who-mortality-context.2026-07-14,World Health Organization estimate via World Bank Indicators API; observation year 2019,2026-07-14T12:47:02Z,cc-by-4.0,https://creativecommons.org/licenses/by/4.0/,low,"Mortality is a severe-outcome context proxy. It does not measure pain intensity, duration, prevalence, disability, non-fatal suffering, or total welfare burden."
painmap-human-mortality-context-v1:LBY:air-pollution-mortality:2019,LBY,LBY,Libya,air-pollution-mortality,SH.STA.AIRP.P5,Mortality attributed to household and ambient air pollution,53.9,"deaths per 100,000 population",2019,1,latest_common_year,world-bank-who-mortality-context,snapshot.world-bank-who-mortality-context.2026-07-14,World Health Organization estimate via World Bank Indicators API; observation year 2019,2026-07-14T12:47:02Z,cc-by-4.0,https://creativecommons.org/licenses/by/4.0/,low,"Mortality is a severe-outcome context proxy. It does not measure pain intensity, duration, prevalence, disability, non-fatal suffering, or total welfare burden."
painmap-human-mortality-context-v1:LBY:road-traffic-mortality:2019,LBY,LBY,Libya,road-traffic-mortality,SH.STA.TRAF.P5,Road traffic mortality,21.3,"deaths per 100,000 population",2019,2,latest_common_year,world-bank-who-mortality-context,snapshot.world-bank-who-mortality-context.2026-07-14,World Health Organization estimate via World Bank Indicators API; observation year 2019,2026-07-14T12:47:02Z,cc-by-4.0,https://creativecommons.org/licenses/by/4.0/,low,"Mortality is a severe-outcome context proxy. It does not measure pain intensity, duration, prevalence, disability, non-fatal suffering, or total welfare burden."
painmap-human-mortality-context-v1:LBY:suicide-mortality:2019,LBY,LBY,Libya,suicide-mortality,SH.STA.SUIC.P5,Suicide mortality,5.95,"deaths per 100,000 population",2019,3,latest_common_year,world-bank-who-mortality-context,snapshot.world-bank-who-mortality-context.2026-07-14,World Health Organization estimate via World Bank Indicators API; observation year 2019,2026-07-14T12:47:02Z,cc-by-4.0,https://creativecommons.org/licenses/by/4.0/,low,"Mortality is a severe-outcome context proxy. It does not measure pain intensity, duration, prevalence, disability, non-fatal suffering, or total welfare burden."
painmap-human-mortality-context-v1:LBY:unsafe-wash-mortality:2019,LBY,LBY,Libya,unsafe-wash-mortality,SH.STA.WASH.P5,"Mortality attributed to unsafe water, sanitation and hygiene",2.2,"deaths per 100,000 population",2019,4,latest_common_year,world-bank-who-mortality-context,snapshot.world-bank-who-mortality-context.2026-07-14,World Health Organization estimate via World Bank Indicators API; observation year 2019,2026-07-14T12:47:02Z,cc-by-4.0,https://creativecommons.org/licenses/by/4.0/,low,"Mortality is a severe-outcome context proxy. It does not measure pain intensity, duration, prevalence, disability, non-fatal suffering, or total welfare burden."
painmap-human-mortality-context-v1:LTU:air-pollution-mortality:2019,LTU,LTU,Lithuania,air-pollution-mortality,SH.STA.AIRP.P5,Mortality attributed to household and ambient air pollution,38.8,"deaths per 100,000 population",2019,1,latest_common_year,world-bank-who-mortality-context,snapshot.world-bank-who-mortality-context.2026-07-14,World Health Organization estimate via World Bank Indicators API; observation year 2019,2026-07-14T12:47:02Z,cc-by-4.0,https://creativecommons.org/licenses/by/4.0/,low,"Mortality is a severe-outcome context proxy. It does not measure pain intensity, duration, prevalence, disability, non-fatal suffering, or total welfare burden."
painmap-human-mortality-context-v1:LTU:suicide-mortality:2019,LTU,LTU,Lithuania,suicide-mortality,SH.STA.SUIC.P5,Suicide mortality,26.33,"deaths per 100,000 population",2019,2,latest_common_year,world-bank-who-mortality-context,snapshot.world-bank-who-mortality-context.2026-07-14,World Health Organization estimate via World Bank Indicators API; observation year 2019,2026-07-14T12:47:02Z,cc-by-4.0,https://creativecommons.org/licenses/by/4.0/,low,"Mortality is a severe-outcome context proxy. It does not measure pain intensity, duration, prevalence, disability, non-fatal suffering, or total welfare burden."
painmap-human-mortality-context-v1:LTU:road-traffic-mortality:2019,LTU,LTU,Lithuania,road-traffic-mortality,SH.STA.TRAF.P5,Road traffic mortality,8.1,"deaths per 100,000 population",2019,3,latest_common_year,world-bank-who-mortality-context,snapshot.world-bank-who-mortality-context.2026-07-14,World Health Organization estimate via World Bank Indicators API; observation year 2019,2026-07-14T12:47:02Z,cc-by-4.0,https://creativecommons.org/licenses/by/4.0/,low,"Mortality is a severe-outcome context proxy. It does not measure pain intensity, duration, prevalence, disability, non-fatal suffering, or total welfare burden."
painmap-human-mortality-context-v1:LTU:unsafe-wash-mortality:2019,LTU,LTU,Lithuania,unsafe-wash-mortality,SH.STA.WASH.P5,"Mortality attributed to unsafe water, sanitation and hygiene",2.6,"deaths per 100,000 population",2019,4,latest_common_year,world-bank-who-mortality-context,snapshot.world-bank-who-mortality-context.2026-07-14,World Health Organization estimate via World Bank Indicators API; observation year 2019,2026-07-14T12:47:02Z,cc-by-4.0,https://creativecommons.org/licenses/by/4.0/,low,"Mortality is a severe-outcome context proxy. It does not measure pain intensity, duration, prevalence, disability, non-fatal suffering, or total welfare burden."
painmap-human-mortality-context-v1:LUX:air-pollution-mortality:2019,LUX,LUX,Luxembourg,air-pollution-mortality,SH.STA.AIRP.P5,Mortality attributed to household and ambient air pollution,12.5,"deaths per 100,000 population",2019,1,latest_common_year,world-bank-who-mortality-context,snapshot.world-bank-who-mortality-context.2026-07-14,World Health Organization estimate via World Bank Indicators API; observation year 2019,2026-07-14T12:47:02Z,cc-by-4.0,https://creativecommons.org/licenses/by/4.0/,low,"Mortality is a severe-outcome context proxy. It does not measure pain intensity, duration, prevalence, disability, non-fatal suffering, or total welfare burden."
painmap-human-mortality-context-v1:LUX:suicide-mortality:2019,LUX,LUX,Luxembourg,suicide-mortality,SH.STA.SUIC.P5,Suicide mortality,11.16,"deaths per 100,000 population",2019,2,latest_common_year,world-bank-who-mortality-context,snapshot.world-bank-who-mortality-context.2026-07-14,World Health Organization estimate via World Bank Indicators API; observation year 2019,2026-07-14T12:47:02Z,cc-by-4.0,https://creativecommons.org/licenses/by/4.0/,low,"Mortality is a severe-outcome context proxy. It does not measure pain intensity, duration, prevalence, disability, non-fatal suffering, or total welfare burden."
painmap-human-mortality-context-v1:LUX:road-traffic-mortality:2019,LUX,LUX,Luxembourg,road-traffic-mortality,SH.STA.TRAF.P5,Road traffic mortality,4.1,"deaths per 100,000 population",2019,3,latest_common_year,world-bank-who-mortality-context,snapshot.world-bank-who-mortality-context.2026-07-14,World Health Organization estimate via World Bank Indicators API; observation year 2019,2026-07-14T12:47:02Z,cc-by-4.0,https://creativecommons.org/licenses/by/4.0/,low,"Mortality is a severe-outcome context proxy. It does not measure pain intensity, duration, prevalence, disability, non-fatal suffering, or total welfare burden."
painmap-human-mortality-context-v1:LUX:unsafe-wash-mortality:2019,LUX,LUX,Luxembourg,unsafe-wash-mortality,SH.STA.WASH.P5,"Mortality attributed to unsafe water, sanitation and hygiene",1.9,"deaths per 100,000 population",2019,4,latest_common_year,world-bank-who-mortality-context,snapshot.world-bank-who-mortality-context.2026-07-14,World Health Organization estimate via World Bank Indicators API; observation year 2019,2026-07-14T12:47:02Z,cc-by-4.0,https://creativecommons.org/licenses/by/4.0/,low,"Mortality is a severe-outcome context proxy. It does not measure pain intensity, duration, prevalence, disability, non-fatal suffering, or total welfare burden."
painmap-human-mortality-context-v1:MDG:air-pollution-mortality:2019,MDG,MDG,Madagascar,air-pollution-mortality,SH.STA.AIRP.P5,Mortality attributed to household and ambient air pollution,208,"deaths per 100,000 population",2019,1,latest_common_year,world-bank-who-mortality-context,snapshot.world-bank-who-mortality-context.2026-07-14,World Health Organization estimate via World Bank Indicators API; observation year 2019,2026-07-14T12:47:02Z,cc-by-4.0,https://creativecommons.org/licenses/by/4.0/,low,"Mortality is a severe-outcome context proxy. It does not measure pain intensity, duration, prevalence, disability, non-fatal suffering, or total welfare burden."
painmap-human-mortality-context-v1:MDG:unsafe-wash-mortality:2019,MDG,MDG,Madagascar,unsafe-wash-mortality,SH.STA.WASH.P5,"Mortality attributed to unsafe water, sanitation and hygiene",40.1,"deaths per 100,000 population",2019,2,latest_common_year,world-bank-who-mortality-context,snapshot.world-bank-who-mortality-context.2026-07-14,World Health Organization estimate via World Bank Indicators API; observation year 2019,2026-07-14T12:47:02Z,cc-by-4.0,https://creativecommons.org/licenses/by/4.0/,low,"Mortality is a severe-outcome context proxy. It does not measure pain intensity, duration, prevalence, disability, non-fatal suffering, or total welfare burden."
painmap-human-mortality-context-v1:MDG:road-traffic-mortality:2019,MDG,MDG,Madagascar,road-traffic-mortality,SH.STA.TRAF.P5,Road traffic mortality,29.2,"deaths per 100,000 population",2019,3,latest_common_year,world-bank-who-mortality-context,snapshot.world-bank-who-mortality-context.2026-07-14,World Health Organization estimate via World Bank Indicators API; observation year 2019,2026-07-14T12:47:02Z,cc-by-4.0,https://creativecommons.org/licenses/by/4.0/,low,"Mortality is a severe-outcome context proxy. It does not measure pain intensity, duration, prevalence, disability, non-fatal suffering, or total welfare burden."
painmap-human-mortality-context-v1:MDG:suicide-mortality:2019,MDG,MDG,Madagascar,suicide-mortality,SH.STA.SUIC.P5,Suicide mortality,5.96,"deaths per 100,000 population",2019,4,latest_common_year,world-bank-who-mortality-context,snapshot.world-bank-who-mortality-context.2026-07-14,World Health Organization estimate via World Bank Indicators API; observation year 2019,2026-07-14T12:47:02Z,cc-by-4.0,https://creativecommons.org/licenses/by/4.0/,low,"Mortality is a severe-outcome context proxy. It does not measure pain intensity, duration, prevalence, disability, non-fatal suffering, or total welfare burden."
painmap-human-mortality-context-v1:MWI:air-pollution-mortality:2019,MWI,MWI,Malawi,air-pollution-mortality,SH.STA.AIRP.P5,Mortality attributed to household and ambient air pollution,148.5,"deaths per 100,000 population",2019,1,latest_common_year,world-bank-who-mortality-context,snapshot.world-bank-who-mortality-context.2026-07-14,World Health Organization estimate via World Bank Indicators API; observation year 2019,2026-07-14T12:47:02Z,cc-by-4.0,https://creativecommons.org/licenses/by/4.0/,low,"Mortality is a severe-outcome context proxy. It does not measure pain intensity, duration, prevalence, disability, non-fatal suffering, or total welfare burden."
painmap-human-mortality-context-v1:MWI:road-traffic-mortality:2019,MWI,MWI,Malawi,road-traffic-mortality,SH.STA.TRAF.P5,Road traffic mortality,33.4,"deaths per 100,000 population",2019,2,latest_common_year,world-bank-who-mortality-context,snapshot.world-bank-who-mortality-context.2026-07-14,World Health Organization estimate via World Bank Indicators API; observation year 2019,2026-07-14T12:47:02Z,cc-by-4.0,https://creativecommons.org/licenses/by/4.0/,low,"Mortality is a severe-outcome context proxy. It does not measure pain intensity, duration, prevalence, disability, non-fatal suffering, or total welfare burden."
painmap-human-mortality-context-v1:MWI:unsafe-wash-mortality:2019,MWI,MWI,Malawi,unsafe-wash-mortality,SH.STA.WASH.P5,"Mortality attributed to unsafe water, sanitation and hygiene",30.8,"deaths per 100,000 population",2019,3,latest_common_year,world-bank-who-mortality-context,snapshot.world-bank-who-mortality-context.2026-07-14,World Health Organization estimate via World Bank Indicators API; observation year 2019,2026-07-14T12:47:02Z,cc-by-4.0,https://creativecommons.org/licenses/by/4.0/,low,"Mortality is a severe-outcome context proxy. It does not measure pain intensity, duration, prevalence, disability, non-fatal suffering, or total welfare burden."
painmap-human-mortality-context-v1:MWI:suicide-mortality:2019,MWI,MWI,Malawi,suicide-mortality,SH.STA.SUIC.P5,Suicide mortality,7.27,"deaths per 100,000 population",2019,4,latest_common_year,world-bank-who-mortality-context,snapshot.world-bank-who-mortality-context.2026-07-14,World Health Organization estimate via World Bank Indicators API; observation year 2019,2026-07-14T12:47:02Z,cc-by-4.0,https://creativecommons.org/licenses/by/4.0/,low,"Mortality is a severe-outcome context proxy. It does not measure pain intensity, duration, prevalence, disability, non-fatal suffering, or total welfare burden."
painmap-human-mortality-context-v1:MYS:air-pollution-mortality:2019,MYS,MYS,Malaysia,air-pollution-mortality,SH.STA.AIRP.P5,Mortality attributed to household and ambient air pollution,76.5,"deaths per 100,000 population",2019,1,latest_common_year,world-bank-who-mortality-context,snapshot.world-bank-who-mortality-context.2026-07-14,World Health Organization estimate via World Bank Indicators API; observation year 2019,2026-07-14T12:47:02Z,cc-by-4.0,https://creativecommons.org/licenses/by/4.0/,low,"Mortality is a severe-outcome context proxy. It does not measure pain intensity, duration, prevalence, disability, non-fatal suffering, or total welfare burden."
painmap-human-mortality-context-v1:MYS:road-traffic-mortality:2019,MYS,MYS,Malaysia,road-traffic-mortality,SH.STA.TRAF.P5,Road traffic mortality,22.5,"deaths per 100,000 population",2019,2,latest_common_year,world-bank-who-mortality-context,snapshot.world-bank-who-mortality-context.2026-07-14,World Health Organization estimate via World Bank Indicators API; observation year 2019,2026-07-14T12:47:02Z,cc-by-4.0,https://creativecommons.org/licenses/by/4.0/,low,"Mortality is a severe-outcome context proxy. It does not measure pain intensity, duration, prevalence, disability, non-fatal suffering, or total welfare burden."
painmap-human-mortality-context-v1:MYS:unsafe-wash-mortality:2019,MYS,MYS,Malaysia,unsafe-wash-mortality,SH.STA.WASH.P5,"Mortality attributed to unsafe water, sanitation and hygiene",14.4,"deaths per 100,000 population",2019,3,latest_common_year,world-bank-who-mortality-context,snapshot.world-bank-who-mortality-context.2026-07-14,World Health Organization estimate via World Bank Indicators API; observation year 2019,2026-07-14T12:47:02Z,cc-by-4.0,https://creativecommons.org/licenses/by/4.0/,low,"Mortality is a severe-outcome context proxy. It does not measure pain intensity, duration, prevalence, disability, non-fatal suffering, or total welfare burden."
painmap-human-mortality-context-v1:MYS:suicide-mortality:2019,MYS,MYS,Malaysia,suicide-mortality,SH.STA.SUIC.P5,Suicide mortality,5.35,"deaths per 100,000 population",2019,4,latest_common_year,world-bank-who-mortality-context,snapshot.world-bank-who-mortality-context.2026-07-14,World Health Organization estimate via World Bank Indicators API; observation year 2019,2026-07-14T12:47:02Z,cc-by-4.0,https://creativecommons.org/licenses/by/4.0/,low,"Mortality is a severe-outcome context proxy. It does not measure pain intensity, duration, prevalence, disability, non-fatal suffering, or total welfare burden."
painmap-human-mortality-context-v1:MDV:air-pollution-mortality:2019,MDV,MDV,Maldives,air-pollution-mortality,SH.STA.AIRP.P5,Mortality attributed to household and ambient air pollution,32,"deaths per 100,000 population",2019,1,latest_common_year,world-bank-who-mortality-context,snapshot.world-bank-who-mortality-context.2026-07-14,World Health Organization estimate via World Bank Indicators API; observation year 2019,2026-07-14T12:47:02Z,cc-by-4.0,https://creativecommons.org/licenses/by/4.0/,low,"Mortality is a severe-outcome context proxy. It does not measure pain intensity, duration, prevalence, disability, non-fatal suffering, or total welfare burden."
painmap-human-mortality-context-v1:MDV:suicide-mortality:2019,MDV,MDV,Maldives,suicide-mortality,SH.STA.SUIC.P5,Suicide mortality,2.51,"deaths per 100,000 population",2019,2,latest_common_year,world-bank-who-mortality-context,snapshot.world-bank-who-mortality-context.2026-07-14,World Health Organization estimate via World Bank Indicators API; observation year 2019,2026-07-14T12:47:02Z,cc-by-4.0,https://creativecommons.org/licenses/by/4.0/,low,"Mortality is a severe-outcome context proxy. It does not measure pain intensity, duration, prevalence, disability, non-fatal suffering, or total welfare burden."
painmap-human-mortality-context-v1:MDV:unsafe-wash-mortality:2019,MDV,MDV,Maldives,unsafe-wash-mortality,SH.STA.WASH.P5,"Mortality attributed to unsafe water, sanitation and hygiene",2.3,"deaths per 100,000 population",2019,3,latest_common_year,world-bank-who-mortality-context,snapshot.world-bank-who-mortality-context.2026-07-14,World Health Organization estimate via World Bank Indicators API; observation year 2019,2026-07-14T12:47:02Z,cc-by-4.0,https://creativecommons.org/licenses/by/4.0/,low,"Mortality is a severe-outcome context proxy. It does not measure pain intensity, duration, prevalence, disability, non-fatal suffering, or total welfare burden."
painmap-human-mortality-context-v1:MDV:road-traffic-mortality:2019,MDV,MDV,Maldives,road-traffic-mortality,SH.STA.TRAF.P5,Road traffic mortality,1.6,"deaths per 100,000 population",2019,4,latest_common_year,world-bank-who-mortality-context,snapshot.world-bank-who-mortality-context.2026-07-14,World Health Organization estimate via World Bank Indicators API; observation year 2019,2026-07-14T12:47:02Z,cc-by-4.0,https://creativecommons.org/licenses/by/4.0/,low,"Mortality is a severe-outcome context proxy. It does not measure pain intensity, duration, prevalence, disability, non-fatal suffering, or total welfare burden."
painmap-human-mortality-context-v1:MLI:air-pollution-mortality:2019,MLI,MLI,Mali,air-pollution-mortality,SH.STA.AIRP.P5,Mortality attributed to household and ambient air pollution,167.1,"deaths per 100,000 population",2019,1,latest_common_year,world-bank-who-mortality-context,snapshot.world-bank-who-mortality-context.2026-07-14,World Health Organization estimate via World Bank Indicators API; observation year 2019,2026-07-14T12:47:02Z,cc-by-4.0,https://creativecommons.org/licenses/by/4.0/,low,"Mortality is a severe-outcome context proxy. It does not measure pain intensity, duration, prevalence, disability, non-fatal suffering, or total welfare burden."
painmap-human-mortality-context-v1:MLI:unsafe-wash-mortality:2019,MLI,MLI,Mali,unsafe-wash-mortality,SH.STA.WASH.P5,"Mortality attributed to unsafe water, sanitation and hygiene",66.1,"deaths per 100,000 population",2019,2,latest_common_year,world-bank-who-mortality-context,snapshot.world-bank-who-mortality-context.2026-07-14,World Health Organization estimate via World Bank Indicators API; observation year 2019,2026-07-14T12:47:02Z,cc-by-4.0,https://creativecommons.org/licenses/by/4.0/,low,"Mortality is a severe-outcome context proxy. It does not measure pain intensity, duration, prevalence, disability, non-fatal suffering, or total welfare burden."
painmap-human-mortality-context-v1:MLI:road-traffic-mortality:2019,MLI,MLI,Mali,road-traffic-mortality,SH.STA.TRAF.P5,Road traffic mortality,22.7,"deaths per 100,000 population",2019,3,latest_common_year,world-bank-who-mortality-context,snapshot.world-bank-who-mortality-context.2026-07-14,World Health Organization estimate via World Bank Indicators API; observation year 2019,2026-07-14T12:47:02Z,cc-by-4.0,https://creativecommons.org/licenses/by/4.0/,low,"Mortality is a severe-outcome context proxy. It does not measure pain intensity, duration, prevalence, disability, non-fatal suffering, or total welfare burden."
painmap-human-mortality-context-v1:MLI:suicide-mortality:2019,MLI,MLI,Mali,suicide-mortality,SH.STA.SUIC.P5,Suicide mortality,4.03,"deaths per 100,000 population",2019,4,latest_common_year,world-bank-who-mortality-context,snapshot.world-bank-who-mortality-context.2026-07-14,World Health Organization estimate via World Bank Indicators API; observation year 2019,2026-07-14T12:47:02Z,cc-by-4.0,https://creativecommons.org/licenses/by/4.0/,low,"Mortality is a severe-outcome context proxy. It does not measure pain intensity, duration, prevalence, disability, non-fatal suffering, or total welfare burden."
painmap-human-mortality-context-v1:MLT:air-pollution-mortality:2019,MLT,MLT,Malta,air-pollution-mortality,SH.STA.AIRP.P5,Mortality attributed to household and ambient air pollution,20.9,"deaths per 100,000 population",2019,1,latest_common_year,world-bank-who-mortality-context,snapshot.world-bank-who-mortality-context.2026-07-14,World Health Organization estimate via World Bank Indicators API; observation year 2019,2026-07-14T12:47:02Z,cc-by-4.0,https://creativecommons.org/licenses/by/4.0/,low,"Mortality is a severe-outcome context proxy. It does not measure pain intensity, duration, prevalence, disability, non-fatal suffering, or total welfare burden."
painmap-human-mortality-context-v1:MLT:suicide-mortality:2019,MLT,MLT,Malta,suicide-mortality,SH.STA.SUIC.P5,Suicide mortality,5.95,"deaths per 100,000 population",2019,2,latest_common_year,world-bank-who-mortality-context,snapshot.world-bank-who-mortality-context.2026-07-14,World Health Organization estimate via World Bank Indicators API; observation year 2019,2026-07-14T12:47:02Z,cc-by-4.0,https://creativecommons.org/licenses/by/4.0/,low,"Mortality is a severe-outcome context proxy. It does not measure pain intensity, duration, prevalence, disability, non-fatal suffering, or total welfare burden."
painmap-human-mortality-context-v1:MLT:unsafe-wash-mortality:2019,MLT,MLT,Malta,unsafe-wash-mortality,SH.STA.WASH.P5,"Mortality attributed to unsafe water, sanitation and hygiene",4.6,"deaths per 100,000 population",2019,3,latest_common_year,world-bank-who-mortality-context,snapshot.world-bank-who-mortality-context.2026-07-14,World Health Organization estimate via World Bank Indicators API; observation year 2019,2026-07-14T12:47:02Z,cc-by-4.0,https://creativecommons.org/licenses/by/4.0/,low,"Mortality is a severe-outcome context proxy. It does not measure pain intensity, duration, prevalence, disability, non-fatal suffering, or total welfare burden."
painmap-human-mortality-context-v1:MLT:road-traffic-mortality:2019,MLT,MLT,Malta,road-traffic-mortality,SH.STA.TRAF.P5,Road traffic mortality,4.1,"deaths per 100,000 population",2019,4,latest_common_year,world-bank-who-mortality-context,snapshot.world-bank-who-mortality-context.2026-07-14,World Health Organization estimate via World Bank Indicators API; observation year 2019,2026-07-14T12:47:02Z,cc-by-4.0,https://creativecommons.org/licenses/by/4.0/,low,"Mortality is a severe-outcome context proxy. It does not measure pain intensity, duration, prevalence, disability, non-fatal suffering, or total welfare burden."
painmap-human-mortality-context-v1:MHL:road-traffic-mortality:2013,MHL,MHL,Marshall Islands,road-traffic-mortality,SH.STA.TRAF.P5,Road traffic mortality,5.7,"deaths per 100,000 population",2013,1,latest_available_mixed_years,world-bank-who-mortality-context,snapshot.world-bank-who-mortality-context.2026-07-14,World Health Organization estimate via World Bank Indicators API; observation year 2013,2026-07-14T12:47:02Z,cc-by-4.0,https://creativecommons.org/licenses/by/4.0/,low,"Mortality is a severe-outcome context proxy. It does not measure pain intensity, duration, prevalence, disability, non-fatal suffering, or total welfare burden."
painmap-human-mortality-context-v1:MRT:air-pollution-mortality:2019,MRT,MRT,Mauritania,air-pollution-mortality,SH.STA.AIRP.P5,Mortality attributed to household and ambient air pollution,128.4,"deaths per 100,000 population",2019,1,latest_common_year,world-bank-who-mortality-context,snapshot.world-bank-who-mortality-context.2026-07-14,World Health Organization estimate via World Bank Indicators API; observation year 2019,2026-07-14T12:47:02Z,cc-by-4.0,https://creativecommons.org/licenses/by/4.0/,low,"Mortality is a severe-outcome context proxy. It does not measure pain intensity, duration, prevalence, disability, non-fatal suffering, or total welfare burden."
painmap-human-mortality-context-v1:MRT:unsafe-wash-mortality:2019,MRT,MRT,Mauritania,unsafe-wash-mortality,SH.STA.WASH.P5,"Mortality attributed to unsafe water, sanitation and hygiene",37.8,"deaths per 100,000 population",2019,2,latest_common_year,world-bank-who-mortality-context,snapshot.world-bank-who-mortality-context.2026-07-14,World Health Organization estimate via World Bank Indicators API; observation year 2019,2026-07-14T12:47:02Z,cc-by-4.0,https://creativecommons.org/licenses/by/4.0/,low,"Mortality is a severe-outcome context proxy. It does not measure pain intensity, duration, prevalence, disability, non-fatal suffering, or total welfare burden."
painmap-human-mortality-context-v1:MRT:road-traffic-mortality:2019,MRT,MRT,Mauritania,road-traffic-mortality,SH.STA.TRAF.P5,Road traffic mortality,25.6,"deaths per 100,000 population",2019,3,latest_common_year,world-bank-who-mortality-context,snapshot.world-bank-who-mortality-context.2026-07-14,World Health Organization estimate via World Bank Indicators API; observation year 2019,2026-07-14T12:47:02Z,cc-by-4.0,https://creativecommons.org/licenses/by/4.0/,low,"Mortality is a severe-outcome context proxy. It does not measure pain intensity, duration, prevalence, disability, non-fatal suffering, or total welfare burden."
painmap-human-mortality-context-v1:MRT:suicide-mortality:2019,MRT,MRT,Mauritania,suicide-mortality,SH.STA.SUIC.P5,Suicide mortality,2.75,"deaths per 100,000 population",2019,4,latest_common_year,world-bank-who-mortality-context,snapshot.world-bank-who-mortality-context.2026-07-14,World Health Organization estimate via World Bank Indicators API; observation year 2019,2026-07-14T12:47:02Z,cc-by-4.0,https://creativecommons.org/licenses/by/4.0/,low,"Mortality is a severe-outcome context proxy. It does not measure pain intensity, duration, prevalence, disability, non-fatal suffering, or total welfare burden."
painmap-human-mortality-context-v1:MUS:air-pollution-mortality:2019,MUS,MUS,Mauritius,air-pollution-mortality,SH.STA.AIRP.P5,Mortality attributed to household and ambient air pollution,34.7,"deaths per 100,000 population",2019,1,latest_common_year,world-bank-who-mortality-context,snapshot.world-bank-who-mortality-context.2026-07-14,World Health Organization estimate via World Bank Indicators API; observation year 2019,2026-07-14T12:47:02Z,cc-by-4.0,https://creativecommons.org/licenses/by/4.0/,low,"Mortality is a severe-outcome context proxy. It does not measure pain intensity, duration, prevalence, disability, non-fatal suffering, or total welfare burden."
painmap-human-mortality-context-v1:MUS:road-traffic-mortality:2019,MUS,MUS,Mauritius,road-traffic-mortality,SH.STA.TRAF.P5,Road traffic mortality,12.2,"deaths per 100,000 population",2019,2,latest_common_year,world-bank-who-mortality-context,snapshot.world-bank-who-mortality-context.2026-07-14,World Health Organization estimate via World Bank Indicators API; observation year 2019,2026-07-14T12:47:02Z,cc-by-4.0,https://creativecommons.org/licenses/by/4.0/,low,"Mortality is a severe-outcome context proxy. It does not measure pain intensity, duration, prevalence, disability, non-fatal suffering, or total welfare burden."
painmap-human-mortality-context-v1:MUS:suicide-mortality:2019,MUS,MUS,Mauritius,suicide-mortality,SH.STA.SUIC.P5,Suicide mortality,9.76,"deaths per 100,000 population",2019,3,latest_common_year,world-bank-who-mortality-context,snapshot.world-bank-who-mortality-context.2026-07-14,World Health Organization estimate via World Bank Indicators API; observation year 2019,2026-07-14T12:47:02Z,cc-by-4.0,https://creativecommons.org/licenses/by/4.0/,low,"Mortality is a severe-outcome context proxy. It does not measure pain intensity, duration, prevalence, disability, non-fatal suffering, or total welfare burden."
painmap-human-mortality-context-v1:MUS:unsafe-wash-mortality:2019,MUS,MUS,Mauritius,unsafe-wash-mortality,SH.STA.WASH.P5,"Mortality attributed to unsafe water, sanitation and hygiene",5.5,"deaths per 100,000 population",2019,4,latest_common_year,world-bank-who-mortality-context,snapshot.world-bank-who-mortality-context.2026-07-14,World Health Organization estimate via World Bank Indicators API; observation year 2019,2026-07-14T12:47:02Z,cc-by-4.0,https://creativecommons.org/licenses/by/4.0/,low,"Mortality is a severe-outcome context proxy. It does not measure pain intensity, duration, prevalence, disability, non-fatal suffering, or total welfare burden."
painmap-human-mortality-context-v1:MEX:air-pollution-mortality:2019,MEX,MEX,Mexico,air-pollution-mortality,SH.STA.AIRP.P5,Mortality attributed to household and ambient air pollution,44.7,"deaths per 100,000 population",2019,1,latest_common_year,world-bank-who-mortality-context,snapshot.world-bank-who-mortality-context.2026-07-14,World Health Organization estimate via World Bank Indicators API; observation year 2019,2026-07-14T12:47:02Z,cc-by-4.0,https://creativecommons.org/licenses/by/4.0/,low,"Mortality is a severe-outcome context proxy. It does not measure pain intensity, duration, prevalence, disability, non-fatal suffering, or total welfare burden."
painmap-human-mortality-context-v1:MEX:road-traffic-mortality:2019,MEX,MEX,Mexico,road-traffic-mortality,SH.STA.TRAF.P5,Road traffic mortality,12.8,"deaths per 100,000 population",2019,2,latest_common_year,world-bank-who-mortality-context,snapshot.world-bank-who-mortality-context.2026-07-14,World Health Organization estimate via World Bank Indicators API; observation year 2019,2026-07-14T12:47:02Z,cc-by-4.0,https://creativecommons.org/licenses/by/4.0/,low,"Mortality is a severe-outcome context proxy. It does not measure pain intensity, duration, prevalence, disability, non-fatal suffering, or total welfare burden."
painmap-human-mortality-context-v1:MEX:suicide-mortality:2019,MEX,MEX,Mexico,suicide-mortality,SH.STA.SUIC.P5,Suicide mortality,6.15,"deaths per 100,000 population",2019,3,latest_common_year,world-bank-who-mortality-context,snapshot.world-bank-who-mortality-context.2026-07-14,World Health Organization estimate via World Bank Indicators API; observation year 2019,2026-07-14T12:47:02Z,cc-by-4.0,https://creativecommons.org/licenses/by/4.0/,low,"Mortality is a severe-outcome context proxy. It does not measure pain intensity, duration, prevalence, disability, non-fatal suffering, or total welfare burden."
painmap-human-mortality-context-v1:MEX:unsafe-wash-mortality:2019,MEX,MEX,Mexico,unsafe-wash-mortality,SH.STA.WASH.P5,"Mortality attributed to unsafe water, sanitation and hygiene",3.5,"deaths per 100,000 population",2019,4,latest_common_year,world-bank-who-mortality-context,snapshot.world-bank-who-mortality-context.2026-07-14,World Health Organization estimate via World Bank Indicators API; observation year 2019,2026-07-14T12:47:02Z,cc-by-4.0,https://creativecommons.org/licenses/by/4.0/,low,"Mortality is a severe-outcome context proxy. It does not measure pain intensity, duration, prevalence, disability, non-fatal suffering, or total welfare burden."
painmap-human-mortality-context-v1:MDA:air-pollution-mortality:2019,MDA,MDA,Moldova,air-pollution-mortality,SH.STA.AIRP.P5,Mortality attributed to household and ambient air pollution,68.9,"deaths per 100,000 population",2019,1,latest_common_year,world-bank-who-mortality-context,snapshot.world-bank-who-mortality-context.2026-07-14,World Health Organization estimate via World Bank Indicators API; observation year 2019,2026-07-14T12:47:02Z,cc-by-4.0,https://creativecommons.org/licenses/by/4.0/,low,"Mortality is a severe-outcome context proxy. It does not measure pain intensity, duration, prevalence, disability, non-fatal suffering, or total welfare burden."
painmap-human-mortality-context-v1:MDA:suicide-mortality:2019,MDA,MDA,Moldova,suicide-mortality,SH.STA.SUIC.P5,Suicide mortality,12.68,"deaths per 100,000 population",2019,2,latest_common_year,world-bank-who-mortality-context,snapshot.world-bank-who-mortality-context.2026-07-14,World Health Organization estimate via World Bank Indicators API; observation year 2019,2026-07-14T12:47:02Z,cc-by-4.0,https://creativecommons.org/licenses/by/4.0/,low,"Mortality is a severe-outcome context proxy. It does not measure pain intensity, duration, prevalence, disability, non-fatal suffering, or total welfare burden."
painmap-human-mortality-context-v1:MDA:road-traffic-mortality:2019,MDA,MDA,Moldova,road-traffic-mortality,SH.STA.TRAF.P5,Road traffic mortality,7.3,"deaths per 100,000 population",2019,3,latest_common_year,world-bank-who-mortality-context,snapshot.world-bank-who-mortality-context.2026-07-14,World Health Organization estimate via World Bank Indicators API; observation year 2019,2026-07-14T12:47:02Z,cc-by-4.0,https://creativecommons.org/licenses/by/4.0/,low,"Mortality is a severe-outcome context proxy. It does not measure pain intensity, duration, prevalence, disability, non-fatal suffering, or total welfare burden."
painmap-human-mortality-context-v1:MDA:unsafe-wash-mortality:2019,MDA,MDA,Moldova,unsafe-wash-mortality,SH.STA.WASH.P5,"Mortality attributed to unsafe water, sanitation and hygiene",3.6,"deaths per 100,000 population",2019,4,latest_common_year,world-bank-who-mortality-context,snapshot.world-bank-who-mortality-context.2026-07-14,World Health Organization estimate via World Bank Indicators API; observation year 2019,2026-07-14T12:47:02Z,cc-by-4.0,https://creativecommons.org/licenses/by/4.0/,low,"Mortality is a severe-outcome context proxy. It does not measure pain intensity, duration, prevalence, disability, non-fatal suffering, or total welfare burden."
painmap-human-mortality-context-v1:MCO:road-traffic-mortality:2013,MCO,MCO,Monaco,road-traffic-mortality,SH.STA.TRAF.P5,Road traffic mortality,0,"deaths per 100,000 population",2013,1,latest_available_mixed_years,world-bank-who-mortality-context,snapshot.world-bank-who-mortality-context.2026-07-14,World Health Organization estimate via World Bank Indicators API; observation year 2013,2026-07-14T12:47:02Z,cc-by-4.0,https://creativecommons.org/licenses/by/4.0/,low,"Mortality is a severe-outcome context proxy. It does not measure pain intensity, duration, prevalence, disability, non-fatal suffering, or total welfare burden."
painmap-human-mortality-context-v1:MNG:air-pollution-mortality:2019,MNG,MNG,Mongolia,air-pollution-mortality,SH.STA.AIRP.P5,Mortality attributed to household and ambient air pollution,214.7,"deaths per 100,000 population",2019,1,latest_common_year,world-bank-who-mortality-context,snapshot.world-bank-who-mortality-context.2026-07-14,World Health Organization estimate via World Bank Indicators API; observation year 2019,2026-07-14T12:47:02Z,cc-by-4.0,https://creativecommons.org/licenses/by/4.0/,low,"Mortality is a severe-outcome context proxy. It does not measure pain intensity, duration, prevalence, disability, non-fatal suffering, or total welfare burden."
painmap-human-mortality-context-v1:MNG:road-traffic-mortality:2019,MNG,MNG,Mongolia,road-traffic-mortality,SH.STA.TRAF.P5,Road traffic mortality,21,"deaths per 100,000 population",2019,2,latest_common_year,world-bank-who-mortality-context,snapshot.world-bank-who-mortality-context.2026-07-14,World Health Organization estimate via World Bank Indicators API; observation year 2019,2026-07-14T12:47:02Z,cc-by-4.0,https://creativecommons.org/licenses/by/4.0/,low,"Mortality is a severe-outcome context proxy. It does not measure pain intensity, duration, prevalence, disability, non-fatal suffering, or total welfare burden."
painmap-human-mortality-context-v1:MNG:suicide-mortality:2019,MNG,MNG,Mongolia,suicide-mortality,SH.STA.SUIC.P5,Suicide mortality,17.33,"deaths per 100,000 population",2019,3,latest_common_year,world-bank-who-mortality-context,snapshot.world-bank-who-mortality-context.2026-07-14,World Health Organization estimate via World Bank Indicators API; observation year 2019,2026-07-14T12:47:02Z,cc-by-4.0,https://creativecommons.org/licenses/by/4.0/,low,"Mortality is a severe-outcome context proxy. It does not measure pain intensity, duration, prevalence, disability, non-fatal suffering, or total welfare burden."
painmap-human-mortality-context-v1:MNG:unsafe-wash-mortality:2019,MNG,MNG,Mongolia,unsafe-wash-mortality,SH.STA.WASH.P5,"Mortality attributed to unsafe water, sanitation and hygiene",3.2,"deaths per 100,000 population",2019,4,latest_common_year,world-bank-who-mortality-context,snapshot.world-bank-who-mortality-context.2026-07-14,World Health Organization estimate via World Bank Indicators API; observation year 2019,2026-07-14T12:47:02Z,cc-by-4.0,https://creativecommons.org/licenses/by/4.0/,low,"Mortality is a severe-outcome context proxy. It does not measure pain intensity, duration, prevalence, disability, non-fatal suffering, or total welfare burden."
painmap-human-mortality-context-v1:MNE:air-pollution-mortality:2019,MNE,MNE,Montenegro,air-pollution-mortality,SH.STA.AIRP.P5,Mortality attributed to household and ambient air pollution,115.2,"deaths per 100,000 population",2019,1,latest_common_year,world-bank-who-mortality-context,snapshot.world-bank-who-mortality-context.2026-07-14,World Health Organization estimate via World Bank Indicators API; observation year 2019,2026-07-14T12:47:02Z,cc-by-4.0,https://creativecommons.org/licenses/by/4.0/,low,"Mortality is a severe-outcome context proxy. It does not measure pain intensity, duration, prevalence, disability, non-fatal suffering, or total welfare burden."
painmap-human-mortality-context-v1:MNE:suicide-mortality:2019,MNE,MNE,Montenegro,suicide-mortality,SH.STA.SUIC.P5,Suicide mortality,14.13,"deaths per 100,000 population",2019,2,latest_common_year,world-bank-who-mortality-context,snapshot.world-bank-who-mortality-context.2026-07-14,World Health Organization estimate via World Bank Indicators API; observation year 2019,2026-07-14T12:47:02Z,cc-by-4.0,https://creativecommons.org/licenses/by/4.0/,low,"Mortality is a severe-outcome context proxy. It does not measure pain intensity, duration, prevalence, disability, non-fatal suffering, or total welfare burden."
painmap-human-mortality-context-v1:MNE:road-traffic-mortality:2019,MNE,MNE,Montenegro,road-traffic-mortality,SH.STA.TRAF.P5,Road traffic mortality,7.6,"deaths per 100,000 population",2019,3,latest_common_year,world-bank-who-mortality-context,snapshot.world-bank-who-mortality-context.2026-07-14,World Health Organization estimate via World Bank Indicators API; observation year 2019,2026-07-14T12:47:02Z,cc-by-4.0,https://creativecommons.org/licenses/by/4.0/,low,"Mortality is a severe-outcome context proxy. It does not measure pain intensity, duration, prevalence, disability, non-fatal suffering, or total welfare burden."
painmap-human-mortality-context-v1:MNE:unsafe-wash-mortality:2019,MNE,MNE,Montenegro,unsafe-wash-mortality,SH.STA.WASH.P5,"Mortality attributed to unsafe water, sanitation and hygiene",1.8,"deaths per 100,000 population",2019,4,latest_common_year,world-bank-who-mortality-context,snapshot.world-bank-who-mortality-context.2026-07-14,World Health Organization estimate via World Bank Indicators API; observation year 2019,2026-07-14T12:47:02Z,cc-by-4.0,https://creativecommons.org/licenses/by/4.0/,low,"Mortality is a severe-outcome context proxy. It does not measure pain intensity, duration, prevalence, disability, non-fatal suffering, or total welfare burden."
painmap-human-mortality-context-v1:MAR:air-pollution-mortality:2019,MAR,MAR,Morocco,air-pollution-mortality,SH.STA.AIRP.P5,Mortality attributed to household and ambient air pollution,66.6,"deaths per 100,000 population",2019,1,latest_common_year,world-bank-who-mortality-context,snapshot.world-bank-who-mortality-context.2026-07-14,World Health Organization estimate via World Bank Indicators API; observation year 2019,2026-07-14T12:47:02Z,cc-by-4.0,https://creativecommons.org/licenses/by/4.0/,low,"Mortality is a severe-outcome context proxy. It does not measure pain intensity, duration, prevalence, disability, non-fatal suffering, or total welfare burden."
painmap-human-mortality-context-v1:MAR:road-traffic-mortality:2019,MAR,MAR,Morocco,road-traffic-mortality,SH.STA.TRAF.P5,Road traffic mortality,17,"deaths per 100,000 population",2019,2,latest_common_year,world-bank-who-mortality-context,snapshot.world-bank-who-mortality-context.2026-07-14,World Health Organization estimate via World Bank Indicators API; observation year 2019,2026-07-14T12:47:02Z,cc-by-4.0,https://creativecommons.org/licenses/by/4.0/,low,"Mortality is a severe-outcome context proxy. It does not measure pain intensity, duration, prevalence, disability, non-fatal suffering, or total welfare burden."
painmap-human-mortality-context-v1:MAR:unsafe-wash-mortality:2019,MAR,MAR,Morocco,unsafe-wash-mortality,SH.STA.WASH.P5,"Mortality attributed to unsafe water, sanitation and hygiene",4.6,"deaths per 100,000 population",2019,3,latest_common_year,world-bank-who-mortality-context,snapshot.world-bank-who-mortality-context.2026-07-14,World Health Organization estimate via World Bank Indicators API; observation year 2019,2026-07-14T12:47:02Z,cc-by-4.0,https://creativecommons.org/licenses/by/4.0/,low,"Mortality is a severe-outcome context proxy. It does not measure pain intensity, duration, prevalence, disability, non-fatal suffering, or total welfare burden."
painmap-human-mortality-context-v1:MAR:suicide-mortality:2019,MAR,MAR,Morocco,suicide-mortality,SH.STA.SUIC.P5,Suicide mortality,3.22,"deaths per 100,000 population",2019,4,latest_common_year,world-bank-who-mortality-context,snapshot.world-bank-who-mortality-context.2026-07-14,World Health Organization estimate via World Bank Indicators API; observation year 2019,2026-07-14T12:47:02Z,cc-by-4.0,https://creativecommons.org/licenses/by/4.0/,low,"Mortality is a severe-outcome context proxy. It does not measure pain intensity, duration, prevalence, disability, non-fatal suffering, or total welfare burden."
painmap-human-mortality-context-v1:MOZ:air-pollution-mortality:2019,MOZ,MOZ,Mozambique,air-pollution-mortality,SH.STA.AIRP.P5,Mortality attributed to household and ambient air pollution,228.4,"deaths per 100,000 population",2019,1,latest_common_year,world-bank-who-mortality-context,snapshot.world-bank-who-mortality-context.2026-07-14,World Health Organization estimate via World Bank Indicators API; observation year 2019,2026-07-14T12:47:02Z,cc-by-4.0,https://creativecommons.org/licenses/by/4.0/,low,"Mortality is a severe-outcome context proxy. It does not measure pain intensity, duration, prevalence, disability, non-fatal suffering, or total welfare burden."
painmap-human-mortality-context-v1:MOZ:unsafe-wash-mortality:2019,MOZ,MOZ,Mozambique,unsafe-wash-mortality,SH.STA.WASH.P5,"Mortality attributed to unsafe water, sanitation and hygiene",45.6,"deaths per 100,000 population",2019,2,latest_common_year,world-bank-who-mortality-context,snapshot.world-bank-who-mortality-context.2026-07-14,World Health Organization estimate via World Bank Indicators API; observation year 2019,2026-07-14T12:47:02Z,cc-by-4.0,https://creativecommons.org/licenses/by/4.0/,low,"Mortality is a severe-outcome context proxy. It does not measure pain intensity, duration, prevalence, disability, non-fatal suffering, or total welfare burden."
painmap-human-mortality-context-v1:MOZ:road-traffic-mortality:2019,MOZ,MOZ,Mozambique,road-traffic-mortality,SH.STA.TRAF.P5,Road traffic mortality,30,"deaths per 100,000 population",2019,3,latest_common_year,world-bank-who-mortality-context,snapshot.world-bank-who-mortality-context.2026-07-14,World Health Organization estimate via World Bank Indicators API; observation year 2019,2026-07-14T12:47:02Z,cc-by-4.0,https://creativecommons.org/licenses/by/4.0/,low,"Mortality is a severe-outcome context proxy. It does not measure pain intensity, duration, prevalence, disability, non-fatal suffering, or total welfare burden."
painmap-human-mortality-context-v1:MOZ:suicide-mortality:2019,MOZ,MOZ,Mozambique,suicide-mortality,SH.STA.SUIC.P5,Suicide mortality,11.59,"deaths per 100,000 population",2019,4,latest_common_year,world-bank-who-mortality-context,snapshot.world-bank-who-mortality-context.2026-07-14,World Health Organization estimate via World Bank Indicators API; observation year 2019,2026-07-14T12:47:02Z,cc-by-4.0,https://creativecommons.org/licenses/by/4.0/,low,"Mortality is a severe-outcome context proxy. It does not measure pain intensity, duration, prevalence, disability, non-fatal suffering, or total welfare burden."
painmap-human-mortality-context-v1:MMR:air-pollution-mortality:2019,MMR,MMR,Myanmar,air-pollution-mortality,SH.STA.AIRP.P5,Mortality attributed to household and ambient air pollution,184.1,"deaths per 100,000 population",2019,1,latest_common_year,world-bank-who-mortality-context,snapshot.world-bank-who-mortality-context.2026-07-14,World Health Organization estimate via World Bank Indicators API; observation year 2019,2026-07-14T12:47:02Z,cc-by-4.0,https://creativecommons.org/licenses/by/4.0/,low,"Mortality is a severe-outcome context proxy. It does not measure pain intensity, duration, prevalence, disability, non-fatal suffering, or total welfare burden."
painmap-human-mortality-context-v1:MMR:road-traffic-mortality:2019,MMR,MMR,Myanmar,road-traffic-mortality,SH.STA.TRAF.P5,Road traffic mortality,20.4,"deaths per 100,000 population",2019,2,latest_common_year,world-bank-who-mortality-context,snapshot.world-bank-who-mortality-context.2026-07-14,World Health Organization estimate via World Bank Indicators API; observation year 2019,2026-07-14T12:47:02Z,cc-by-4.0,https://creativecommons.org/licenses/by/4.0/,low,"Mortality is a severe-outcome context proxy. It does not measure pain intensity, duration, prevalence, disability, non-fatal suffering, or total welfare burden."
painmap-human-mortality-context-v1:MMR:unsafe-wash-mortality:2019,MMR,MMR,Myanmar,unsafe-wash-mortality,SH.STA.WASH.P5,"Mortality attributed to unsafe water, sanitation and hygiene",12.9,"deaths per 100,000 population",2019,3,latest_common_year,world-bank-who-mortality-context,snapshot.world-bank-who-mortality-context.2026-07-14,World Health Organization estimate via World Bank Indicators API; observation year 2019,2026-07-14T12:47:02Z,cc-by-4.0,https://creativecommons.org/licenses/by/4.0/,low,"Mortality is a severe-outcome context proxy. It does not measure pain intensity, duration, prevalence, disability, non-fatal suffering, or total welfare burden."
painmap-human-mortality-context-v1:MMR:suicide-mortality:2019,MMR,MMR,Myanmar,suicide-mortality,SH.STA.SUIC.P5,Suicide mortality,3.06,"deaths per 100,000 population",2019,4,latest_common_year,world-bank-who-mortality-context,snapshot.world-bank-who-mortality-context.2026-07-14,World Health Organization estimate via World Bank Indicators API; observation year 2019,2026-07-14T12:47:02Z,cc-by-4.0,https://creativecommons.org/licenses/by/4.0/,low,"Mortality is a severe-outcome context proxy. It does not measure pain intensity, duration, prevalence, disability, non-fatal suffering, or total welfare burden."
painmap-human-mortality-context-v1:NAM:air-pollution-mortality:2019,NAM,NAM,Namibia,air-pollution-mortality,SH.STA.AIRP.P5,Mortality attributed to household and ambient air pollution,142.5,"deaths per 100,000 population",2019,1,latest_common_year,world-bank-who-mortality-context,snapshot.world-bank-who-mortality-context.2026-07-14,World Health Organization estimate via World Bank Indicators API; observation year 2019,2026-07-14T12:47:02Z,cc-by-4.0,https://creativecommons.org/licenses/by/4.0/,low,"Mortality is a severe-outcome context proxy. It does not measure pain intensity, duration, prevalence, disability, non-fatal suffering, or total welfare burden."
painmap-human-mortality-context-v1:NAM:road-traffic-mortality:2019,NAM,NAM,Namibia,road-traffic-mortality,SH.STA.TRAF.P5,Road traffic mortality,34.8,"deaths per 100,000 population",2019,2,latest_common_year,world-bank-who-mortality-context,snapshot.world-bank-who-mortality-context.2026-07-14,World Health Organization estimate via World Bank Indicators API; observation year 2019,2026-07-14T12:47:02Z,cc-by-4.0,https://creativecommons.org/licenses/by/4.0/,low,"Mortality is a severe-outcome context proxy. It does not measure pain intensity, duration, prevalence, disability, non-fatal suffering, or total welfare burden."
painmap-human-mortality-context-v1:NAM:unsafe-wash-mortality:2019,NAM,NAM,Namibia,unsafe-wash-mortality,SH.STA.WASH.P5,"Mortality attributed to unsafe water, sanitation and hygiene",28.8,"deaths per 100,000 population",2019,3,latest_common_year,world-bank-who-mortality-context,snapshot.world-bank-who-mortality-context.2026-07-14,World Health Organization estimate via World Bank Indicators API; observation year 2019,2026-07-14T12:47:02Z,cc-by-4.0,https://creativecommons.org/licenses/by/4.0/,low,"Mortality is a severe-outcome context proxy. It does not measure pain intensity, duration, prevalence, disability, non-fatal suffering, or total welfare burden."
painmap-human-mortality-context-v1:NAM:suicide-mortality:2019,NAM,NAM,Namibia,suicide-mortality,SH.STA.SUIC.P5,Suicide mortality,8.3,"deaths per 100,000 population",2019,4,latest_common_year,world-bank-who-mortality-context,snapshot.world-bank-who-mortality-context.2026-07-14,World Health Organization estimate via World Bank Indicators API; observation year 2019,2026-07-14T12:47:02Z,cc-by-4.0,https://creativecommons.org/licenses/by/4.0/,low,"Mortality is a severe-outcome context proxy. It does not measure pain intensity, duration, prevalence, disability, non-fatal suffering, or total welfare burden."
painmap-human-mortality-context-v1:NPL:air-pollution-mortality:2019,NPL,NPL,Nepal,air-pollution-mortality,SH.STA.AIRP.P5,Mortality attributed to household and ambient air pollution,177.9,"deaths per 100,000 population",2019,1,latest_common_year,world-bank-who-mortality-context,snapshot.world-bank-who-mortality-context.2026-07-14,World Health Organization estimate via World Bank Indicators API; observation year 2019,2026-07-14T12:47:02Z,cc-by-4.0,https://creativecommons.org/licenses/by/4.0/,low,"Mortality is a severe-outcome context proxy. It does not measure pain intensity, duration, prevalence, disability, non-fatal suffering, or total welfare burden."
painmap-human-mortality-context-v1:NPL:unsafe-wash-mortality:2019,NPL,NPL,Nepal,unsafe-wash-mortality,SH.STA.WASH.P5,"Mortality attributed to unsafe water, sanitation and hygiene",17.8,"deaths per 100,000 population",2019,2,latest_common_year,world-bank-who-mortality-context,snapshot.world-bank-who-mortality-context.2026-07-14,World Health Organization estimate via World Bank Indicators API; observation year 2019,2026-07-14T12:47:02Z,cc-by-4.0,https://creativecommons.org/licenses/by/4.0/,low,"Mortality is a severe-outcome context proxy. It does not measure pain intensity, duration, prevalence, disability, non-fatal suffering, or total welfare burden."
painmap-human-mortality-context-v1:NPL:road-traffic-mortality:2019,NPL,NPL,Nepal,road-traffic-mortality,SH.STA.TRAF.P5,Road traffic mortality,16.3,"deaths per 100,000 population",2019,3,latest_common_year,world-bank-who-mortality-context,snapshot.world-bank-who-mortality-context.2026-07-14,World Health Organization estimate via World Bank Indicators API; observation year 2019,2026-07-14T12:47:02Z,cc-by-4.0,https://creativecommons.org/licenses/by/4.0/,low,"Mortality is a severe-outcome context proxy. It does not measure pain intensity, duration, prevalence, disability, non-fatal suffering, or total welfare burden."
painmap-human-mortality-context-v1:NPL:suicide-mortality:2019,NPL,NPL,Nepal,suicide-mortality,SH.STA.SUIC.P5,Suicide mortality,10.56,"deaths per 100,000 population",2019,4,latest_common_year,world-bank-who-mortality-context,snapshot.world-bank-who-mortality-context.2026-07-14,World Health Organization estimate via World Bank Indicators API; observation year 2019,2026-07-14T12:47:02Z,cc-by-4.0,https://creativecommons.org/licenses/by/4.0/,low,"Mortality is a severe-outcome context proxy. It does not measure pain intensity, duration, prevalence, disability, non-fatal suffering, or total welfare burden."
painmap-human-mortality-context-v1:NLD:air-pollution-mortality:2019,NLD,NLD,Netherlands,air-pollution-mortality,SH.STA.AIRP.P5,Mortality attributed to household and ambient air pollution,13.1,"deaths per 100,000 population",2019,1,latest_common_year,world-bank-who-mortality-context,snapshot.world-bank-who-mortality-context.2026-07-14,World Health Organization estimate via World Bank Indicators API; observation year 2019,2026-07-14T12:47:02Z,cc-by-4.0,https://creativecommons.org/licenses/by/4.0/,low,"Mortality is a severe-outcome context proxy. It does not measure pain intensity, duration, prevalence, disability, non-fatal suffering, or total welfare burden."
painmap-human-mortality-context-v1:NLD:suicide-mortality:2019,NLD,NLD,Netherlands,suicide-mortality,SH.STA.SUIC.P5,Suicide mortality,11.05,"deaths per 100,000 population",2019,2,latest_common_year,world-bank-who-mortality-context,snapshot.world-bank-who-mortality-context.2026-07-14,World Health Organization estimate via World Bank Indicators API; observation year 2019,2026-07-14T12:47:02Z,cc-by-4.0,https://creativecommons.org/licenses/by/4.0/,low,"Mortality is a severe-outcome context proxy. It does not measure pain intensity, duration, prevalence, disability, non-fatal suffering, or total welfare burden."
painmap-human-mortality-context-v1:NLD:road-traffic-mortality:2019,NLD,NLD,Netherlands,road-traffic-mortality,SH.STA.TRAF.P5,Road traffic mortality,4,"deaths per 100,000 population",2019,3,latest_common_year,world-bank-who-mortality-context,snapshot.world-bank-who-mortality-context.2026-07-14,World Health Organization estimate via World Bank Indicators API; observation year 2019,2026-07-14T12:47:02Z,cc-by-4.0,https://creativecommons.org/licenses/by/4.0/,low,"Mortality is a severe-outcome context proxy. It does not measure pain intensity, duration, prevalence, disability, non-fatal suffering, or total welfare burden."
painmap-human-mortality-context-v1:NLD:unsafe-wash-mortality:2019,NLD,NLD,Netherlands,unsafe-wash-mortality,SH.STA.WASH.P5,"Mortality attributed to unsafe water, sanitation and hygiene",3.4,"deaths per 100,000 population",2019,4,latest_common_year,world-bank-who-mortality-context,snapshot.world-bank-who-mortality-context.2026-07-14,World Health Organization estimate via World Bank Indicators API; observation year 2019,2026-07-14T12:47:02Z,cc-by-4.0,https://creativecommons.org/licenses/by/4.0/,low,"Mortality is a severe-outcome context proxy. It does not measure pain intensity, duration, prevalence, disability, non-fatal suffering, or total welfare burden."
painmap-human-mortality-context-v1:NZL:air-pollution-mortality:2019,NZL,NZL,New Zealand,air-pollution-mortality,SH.STA.AIRP.P5,Mortality attributed to household and ambient air pollution,12.2,"deaths per 100,000 population",2019,1,latest_common_year,world-bank-who-mortality-context,snapshot.world-bank-who-mortality-context.2026-07-14,World Health Organization estimate via World Bank Indicators API; observation year 2019,2026-07-14T12:47:02Z,cc-by-4.0,https://creativecommons.org/licenses/by/4.0/,low,"Mortality is a severe-outcome context proxy. It does not measure pain intensity, duration, prevalence, disability, non-fatal suffering, or total welfare burden."
painmap-human-mortality-context-v1:NZL:suicide-mortality:2019,NZL,NZL,New Zealand,suicide-mortality,SH.STA.SUIC.P5,Suicide mortality,11.81,"deaths per 100,000 population",2019,2,latest_common_year,world-bank-who-mortality-context,snapshot.world-bank-who-mortality-context.2026-07-14,World Health Organization estimate via World Bank Indicators API; observation year 2019,2026-07-14T12:47:02Z,cc-by-4.0,https://creativecommons.org/licenses/by/4.0/,low,"Mortality is a severe-outcome context proxy. It does not measure pain intensity, duration, prevalence, disability, non-fatal suffering, or total welfare burden."
painmap-human-mortality-context-v1:NZL:road-traffic-mortality:2019,NZL,NZL,New Zealand,road-traffic-mortality,SH.STA.TRAF.P5,Road traffic mortality,9.6,"deaths per 100,000 population",2019,3,latest_common_year,world-bank-who-mortality-context,snapshot.world-bank-who-mortality-context.2026-07-14,World Health Organization estimate via World Bank Indicators API; observation year 2019,2026-07-14T12:47:02Z,cc-by-4.0,https://creativecommons.org/licenses/by/4.0/,low,"Mortality is a severe-outcome context proxy. It does not measure pain intensity, duration, prevalence, disability, non-fatal suffering, or total welfare burden."
painmap-human-mortality-context-v1:NZL:unsafe-wash-mortality:2019,NZL,NZL,New Zealand,unsafe-wash-mortality,SH.STA.WASH.P5,"Mortality attributed to unsafe water, sanitation and hygiene",2.1,"deaths per 100,000 population",2019,4,latest_common_year,world-bank-who-mortality-context,snapshot.world-bank-who-mortality-context.2026-07-14,World Health Organization estimate via World Bank Indicators API; observation year 2019,2026-07-14T12:47:02Z,cc-by-4.0,https://creativecommons.org/licenses/by/4.0/,low,"Mortality is a severe-outcome context proxy. It does not measure pain intensity, duration, prevalence, disability, non-fatal suffering, or total welfare burden."
painmap-human-mortality-context-v1:NIC:air-pollution-mortality:2019,NIC,NIC,Nicaragua,air-pollution-mortality,SH.STA.AIRP.P5,Mortality attributed to household and ambient air pollution,84.4,"deaths per 100,000 population",2019,1,latest_common_year,world-bank-who-mortality-context,snapshot.world-bank-who-mortality-context.2026-07-14,World Health Organization estimate via World Bank Indicators API; observation year 2019,2026-07-14T12:47:02Z,cc-by-4.0,https://creativecommons.org/licenses/by/4.0/,low,"Mortality is a severe-outcome context proxy. It does not measure pain intensity, duration, prevalence, disability, non-fatal suffering, or total welfare burden."
painmap-human-mortality-context-v1:NIC:road-traffic-mortality:2019,NIC,NIC,Nicaragua,road-traffic-mortality,SH.STA.TRAF.P5,Road traffic mortality,16.9,"deaths per 100,000 population",2019,2,latest_common_year,world-bank-who-mortality-context,snapshot.world-bank-who-mortality-context.2026-07-14,World Health Organization estimate via World Bank Indicators API; observation year 2019,2026-07-14T12:47:02Z,cc-by-4.0,https://creativecommons.org/licenses/by/4.0/,low,"Mortality is a severe-outcome context proxy. It does not measure pain intensity, duration, prevalence, disability, non-fatal suffering, or total welfare burden."
painmap-human-mortality-context-v1:NIC:suicide-mortality:2019,NIC,NIC,Nicaragua,suicide-mortality,SH.STA.SUIC.P5,Suicide mortality,4.65,"deaths per 100,000 population",2019,3,latest_common_year,world-bank-who-mortality-context,snapshot.world-bank-who-mortality-context.2026-07-14,World Health Organization estimate via World Bank Indicators API; observation year 2019,2026-07-14T12:47:02Z,cc-by-4.0,https://creativecommons.org/licenses/by/4.0/,low,"Mortality is a severe-outcome context proxy. It does not measure pain intensity, duration, prevalence, disability, non-fatal suffering, or total welfare burden."
painmap-human-mortality-context-v1:NIC:unsafe-wash-mortality:2019,NIC,NIC,Nicaragua,unsafe-wash-mortality,SH.STA.WASH.P5,"Mortality attributed to unsafe water, sanitation and hygiene",3.5,"deaths per 100,000 population",2019,4,latest_common_year,world-bank-who-mortality-context,snapshot.world-bank-who-mortality-context.2026-07-14,World Health Organization estimate via World Bank Indicators API; observation year 2019,2026-07-14T12:47:02Z,cc-by-4.0,https://creativecommons.org/licenses/by/4.0/,low,"Mortality is a severe-outcome context proxy. It does not measure pain intensity, duration, prevalence, disability, non-fatal suffering, or total welfare burden."
painmap-human-mortality-context-v1:NER:air-pollution-mortality:2019,NER,NER,Niger,air-pollution-mortality,SH.STA.AIRP.P5,Mortality attributed to household and ambient air pollution,213.3,"deaths per 100,000 population",2019,1,latest_common_year,world-bank-who-mortality-context,snapshot.world-bank-who-mortality-context.2026-07-14,World Health Organization estimate via World Bank Indicators API; observation year 2019,2026-07-14T12:47:02Z,cc-by-4.0,https://creativecommons.org/licenses/by/4.0/,low,"Mortality is a severe-outcome context proxy. It does not measure pain intensity, duration, prevalence, disability, non-fatal suffering, or total welfare burden."
painmap-human-mortality-context-v1:NER:unsafe-wash-mortality:2019,NER,NER,Niger,unsafe-wash-mortality,SH.STA.WASH.P5,"Mortality attributed to unsafe water, sanitation and hygiene",70.3,"deaths per 100,000 population",2019,2,latest_common_year,world-bank-who-mortality-context,snapshot.world-bank-who-mortality-context.2026-07-14,World Health Organization estimate via World Bank Indicators API; observation year 2019,2026-07-14T12:47:02Z,cc-by-4.0,https://creativecommons.org/licenses/by/4.0/,low,"Mortality is a severe-outcome context proxy. It does not measure pain intensity, duration, prevalence, disability, non-fatal suffering, or total welfare burden."
painmap-human-mortality-context-v1:NER:road-traffic-mortality:2019,NER,NER,Niger,road-traffic-mortality,SH.STA.TRAF.P5,Road traffic mortality,25.5,"deaths per 100,000 population",2019,3,latest_common_year,world-bank-who-mortality-context,snapshot.world-bank-who-mortality-context.2026-07-14,World Health Organization estimate via World Bank Indicators API; observation year 2019,2026-07-14T12:47:02Z,cc-by-4.0,https://creativecommons.org/licenses/by/4.0/,low,"Mortality is a severe-outcome context proxy. It does not measure pain intensity, duration, prevalence, disability, non-fatal suffering, or total welfare burden."
painmap-human-mortality-context-v1:NER:suicide-mortality:2019,NER,NER,Niger,suicide-mortality,SH.STA.SUIC.P5,Suicide mortality,4.54,"deaths per 100,000 population",2019,4,latest_common_year,world-bank-who-mortality-context,snapshot.world-bank-who-mortality-context.2026-07-14,World Health Organization estimate via World Bank Indicators API; observation year 2019,2026-07-14T12:47:02Z,cc-by-4.0,https://creativecommons.org/licenses/by/4.0/,low,"Mortality is a severe-outcome context proxy. It does not measure pain intensity, duration, prevalence, disability, non-fatal suffering, or total welfare burden."
painmap-human-mortality-context-v1:NGA:air-pollution-mortality:2019,NGA,NGA,Nigeria,air-pollution-mortality,SH.STA.AIRP.P5,Mortality attributed to household and ambient air pollution,165.2,"deaths per 100,000 population",2019,1,latest_common_year,world-bank-who-mortality-context,snapshot.world-bank-who-mortality-context.2026-07-14,World Health Organization estimate via World Bank Indicators API; observation year 2019,2026-07-14T12:47:02Z,cc-by-4.0,https://creativecommons.org/licenses/by/4.0/,low,"Mortality is a severe-outcome context proxy. It does not measure pain intensity, duration, prevalence, disability, non-fatal suffering, or total welfare burden."
painmap-human-mortality-context-v1:NGA:unsafe-wash-mortality:2019,NGA,NGA,Nigeria,unsafe-wash-mortality,SH.STA.WASH.P5,"Mortality attributed to unsafe water, sanitation and hygiene",71.7,"deaths per 100,000 population",2019,2,latest_common_year,world-bank-who-mortality-context,snapshot.world-bank-who-mortality-context.2026-07-14,World Health Organization estimate via World Bank Indicators API; observation year 2019,2026-07-14T12:47:02Z,cc-by-4.0,https://creativecommons.org/licenses/by/4.0/,low,"Mortality is a severe-outcome context proxy. It does not measure pain intensity, duration, prevalence, disability, non-fatal suffering, or total welfare burden."
painmap-human-mortality-context-v1:NGA:road-traffic-mortality:2019,NGA,NGA,Nigeria,road-traffic-mortality,SH.STA.TRAF.P5,Road traffic mortality,20.7,"deaths per 100,000 population",2019,3,latest_common_year,world-bank-who-mortality-context,snapshot.world-bank-who-mortality-context.2026-07-14,World Health Organization estimate via World Bank Indicators API; observation year 2019,2026-07-14T12:47:02Z,cc-by-4.0,https://creativecommons.org/licenses/by/4.0/,low,"Mortality is a severe-outcome context proxy. It does not measure pain intensity, duration, prevalence, disability, non-fatal suffering, or total welfare burden."
painmap-human-mortality-context-v1:NGA:suicide-mortality:2019,NGA,NGA,Nigeria,suicide-mortality,SH.STA.SUIC.P5,Suicide mortality,4.41,"deaths per 100,000 population",2019,4,latest_common_year,world-bank-who-mortality-context,snapshot.world-bank-who-mortality-context.2026-07-14,World Health Organization estimate via World Bank Indicators API; observation year 2019,2026-07-14T12:47:02Z,cc-by-4.0,https://creativecommons.org/licenses/by/4.0/,low,"Mortality is a severe-outcome context proxy. It does not measure pain intensity, duration, prevalence, disability, non-fatal suffering, or total welfare burden."
painmap-human-mortality-context-v1:PRK:air-pollution-mortality:2019,PRK,PRK,North Korea,air-pollution-mortality,SH.STA.AIRP.P5,Mortality attributed to household and ambient air pollution,212.8,"deaths per 100,000 population",2019,1,latest_common_year,world-bank-who-mortality-context,snapshot.world-bank-who-mortality-context.2026-07-14,World Health Organization estimate via World Bank Indicators API; observation year 2019,2026-07-14T12:47:02Z,cc-by-4.0,https://creativecommons.org/licenses/by/4.0/,low,"Mortality is a severe-outcome context proxy. It does not measure pain intensity, duration, prevalence, disability, non-fatal suffering, or total welfare burden."
painmap-human-mortality-context-v1:PRK:road-traffic-mortality:2019,PRK,PRK,North Korea,road-traffic-mortality,SH.STA.TRAF.P5,Road traffic mortality,24.2,"deaths per 100,000 population",2019,2,latest_common_year,world-bank-who-mortality-context,snapshot.world-bank-who-mortality-context.2026-07-14,World Health Organization estimate via World Bank Indicators API; observation year 2019,2026-07-14T12:47:02Z,cc-by-4.0,https://creativecommons.org/licenses/by/4.0/,low,"Mortality is a severe-outcome context proxy. It does not measure pain intensity, duration, prevalence, disability, non-fatal suffering, or total welfare burden."
painmap-human-mortality-context-v1:PRK:suicide-mortality:2019,PRK,PRK,North Korea,suicide-mortality,SH.STA.SUIC.P5,Suicide mortality,10.05,"deaths per 100,000 population",2019,3,latest_common_year,world-bank-who-mortality-context,snapshot.world-bank-who-mortality-context.2026-07-14,World Health Organization estimate via World Bank Indicators API; observation year 2019,2026-07-14T12:47:02Z,cc-by-4.0,https://creativecommons.org/licenses/by/4.0/,low,"Mortality is a severe-outcome context proxy. It does not measure pain intensity, duration, prevalence, disability, non-fatal suffering, or total welfare burden."
painmap-human-mortality-context-v1:PRK:unsafe-wash-mortality:2019,PRK,PRK,North Korea,unsafe-wash-mortality,SH.STA.WASH.P5,"Mortality attributed to unsafe water, sanitation and hygiene",4.1,"deaths per 100,000 population",2019,4,latest_common_year,world-bank-who-mortality-context,snapshot.world-bank-who-mortality-context.2026-07-14,World Health Organization estimate via World Bank Indicators API; observation year 2019,2026-07-14T12:47:02Z,cc-by-4.0,https://creativecommons.org/licenses/by/4.0/,low,"Mortality is a severe-outcome context proxy. It does not measure pain intensity, duration, prevalence, disability, non-fatal suffering, or total welfare burden."
painmap-human-mortality-context-v1:MKD:air-pollution-mortality:2019,MKD,MKD,North Macedonia,air-pollution-mortality,SH.STA.AIRP.P5,Mortality attributed to household and ambient air pollution,95.6,"deaths per 100,000 population",2019,1,latest_common_year,world-bank-who-mortality-context,snapshot.world-bank-who-mortality-context.2026-07-14,World Health Organization estimate via World Bank Indicators API; observation year 2019,2026-07-14T12:47:02Z,cc-by-4.0,https://creativecommons.org/licenses/by/4.0/,low,"Mortality is a severe-outcome context proxy. It does not measure pain intensity, duration, prevalence, disability, non-fatal suffering, or total welfare burden."
painmap-human-mortality-context-v1:MKD:road-traffic-mortality:2019,MKD,MKD,North Macedonia,road-traffic-mortality,SH.STA.TRAF.P5,Road traffic mortality,5.1,"deaths per 100,000 population",2019,2,latest_common_year,world-bank-who-mortality-context,snapshot.world-bank-who-mortality-context.2026-07-14,World Health Organization estimate via World Bank Indicators API; observation year 2019,2026-07-14T12:47:02Z,cc-by-4.0,https://creativecommons.org/licenses/by/4.0/,low,"Mortality is a severe-outcome context proxy. It does not measure pain intensity, duration, prevalence, disability, non-fatal suffering, or total welfare burden."
painmap-human-mortality-context-v1:MKD:suicide-mortality:2019,MKD,MKD,North Macedonia,suicide-mortality,SH.STA.SUIC.P5,Suicide mortality,5.02,"deaths per 100,000 population",2019,3,latest_common_year,world-bank-who-mortality-context,snapshot.world-bank-who-mortality-context.2026-07-14,World Health Organization estimate via World Bank Indicators API; observation year 2019,2026-07-14T12:47:02Z,cc-by-4.0,https://creativecommons.org/licenses/by/4.0/,low,"Mortality is a severe-outcome context proxy. It does not measure pain intensity, duration, prevalence, disability, non-fatal suffering, or total welfare burden."
painmap-human-mortality-context-v1:MKD:unsafe-wash-mortality:2019,MKD,MKD,North Macedonia,unsafe-wash-mortality,SH.STA.WASH.P5,"Mortality attributed to unsafe water, sanitation and hygiene",1,"deaths per 100,000 population",2019,4,latest_common_year,world-bank-who-mortality-context,snapshot.world-bank-who-mortality-context.2026-07-14,World Health Organization estimate via World Bank Indicators API; observation year 2019,2026-07-14T12:47:02Z,cc-by-4.0,https://creativecommons.org/licenses/by/4.0/,low,"Mortality is a severe-outcome context proxy. It does not measure pain intensity, duration, prevalence, disability, non-fatal suffering, or total welfare burden."
painmap-human-mortality-context-v1:NOR:suicide-mortality:2019,NOR,NOR,Norway,suicide-mortality,SH.STA.SUIC.P5,Suicide mortality,12.57,"deaths per 100,000 population",2019,1,latest_common_year,world-bank-who-mortality-context,snapshot.world-bank-who-mortality-context.2026-07-14,World Health Organization estimate via World Bank Indicators API; observation year 2019,2026-07-14T12:47:02Z,cc-by-4.0,https://creativecommons.org/licenses/by/4.0/,low,"Mortality is a severe-outcome context proxy. It does not measure pain intensity, duration, prevalence, disability, non-fatal suffering, or total welfare burden."
painmap-human-mortality-context-v1:NOR:air-pollution-mortality:2019,NOR,NOR,Norway,air-pollution-mortality,SH.STA.AIRP.P5,Mortality attributed to household and ambient air pollution,7.9,"deaths per 100,000 population",2019,2,latest_common_year,world-bank-who-mortality-context,snapshot.world-bank-who-mortality-context.2026-07-14,World Health Organization estimate via World Bank Indicators API; observation year 2019,2026-07-14T12:47:02Z,cc-by-4.0,https://creativecommons.org/licenses/by/4.0/,low,"Mortality is a severe-outcome context proxy. It does not measure pain intensity, duration, prevalence, disability, non-fatal suffering, or total welfare burden."
painmap-human-mortality-context-v1:NOR:unsafe-wash-mortality:2019,NOR,NOR,Norway,unsafe-wash-mortality,SH.STA.WASH.P5,"Mortality attributed to unsafe water, sanitation and hygiene",3.6,"deaths per 100,000 population",2019,3,latest_common_year,world-bank-who-mortality-context,snapshot.world-bank-who-mortality-context.2026-07-14,World Health Organization estimate via World Bank Indicators API; observation year 2019,2026-07-14T12:47:02Z,cc-by-4.0,https://creativecommons.org/licenses/by/4.0/,low,"Mortality is a severe-outcome context proxy. It does not measure pain intensity, duration, prevalence, disability, non-fatal suffering, or total welfare burden."
painmap-human-mortality-context-v1:NOR:road-traffic-mortality:2019,NOR,NOR,Norway,road-traffic-mortality,SH.STA.TRAF.P5,Road traffic mortality,2.1,"deaths per 100,000 population",2019,4,latest_common_year,world-bank-who-mortality-context,snapshot.world-bank-who-mortality-context.2026-07-14,World Health Organization estimate via World Bank Indicators API; observation year 2019,2026-07-14T12:47:02Z,cc-by-4.0,https://creativecommons.org/licenses/by/4.0/,low,"Mortality is a severe-outcome context proxy. It does not measure pain intensity, duration, prevalence, disability, non-fatal suffering, or total welfare burden."
painmap-human-mortality-context-v1:OMN:air-pollution-mortality:2019,OMN,OMN,Oman,air-pollution-mortality,SH.STA.AIRP.P5,Mortality attributed to household and ambient air pollution,104,"deaths per 100,000 population",2019,1,latest_common_year,world-bank-who-mortality-context,snapshot.world-bank-who-mortality-context.2026-07-14,World Health Organization estimate via World Bank Indicators API; observation year 2019,2026-07-14T12:47:02Z,cc-by-4.0,https://creativecommons.org/licenses/by/4.0/,low,"Mortality is a severe-outcome context proxy. It does not measure pain intensity, duration, prevalence, disability, non-fatal suffering, or total welfare burden."
painmap-human-mortality-context-v1:OMN:road-traffic-mortality:2019,OMN,OMN,Oman,road-traffic-mortality,SH.STA.TRAF.P5,Road traffic mortality,10.6,"deaths per 100,000 population",2019,2,latest_common_year,world-bank-who-mortality-context,snapshot.world-bank-who-mortality-context.2026-07-14,World Health Organization estimate via World Bank Indicators API; observation year 2019,2026-07-14T12:47:02Z,cc-by-4.0,https://creativecommons.org/licenses/by/4.0/,low,"Mortality is a severe-outcome context proxy. It does not measure pain intensity, duration, prevalence, disability, non-fatal suffering, or total welfare burden."
painmap-human-mortality-context-v1:OMN:suicide-mortality:2019,OMN,OMN,Oman,suicide-mortality,SH.STA.SUIC.P5,Suicide mortality,2,"deaths per 100,000 population",2019,3,latest_common_year,world-bank-who-mortality-context,snapshot.world-bank-who-mortality-context.2026-07-14,World Health Organization estimate via World Bank Indicators API; observation year 2019,2026-07-14T12:47:02Z,cc-by-4.0,https://creativecommons.org/licenses/by/4.0/,low,"Mortality is a severe-outcome context proxy. It does not measure pain intensity, duration, prevalence, disability, non-fatal suffering, or total welfare burden."
painmap-human-mortality-context-v1:OMN:unsafe-wash-mortality:2019,OMN,OMN,Oman,unsafe-wash-mortality,SH.STA.WASH.P5,"Mortality attributed to unsafe water, sanitation and hygiene",1.6,"deaths per 100,000 population",2019,4,latest_common_year,world-bank-who-mortality-context,snapshot.world-bank-who-mortality-context.2026-07-14,World Health Organization estimate via World Bank Indicators API; observation year 2019,2026-07-14T12:47:02Z,cc-by-4.0,https://creativecommons.org/licenses/by/4.0/,low,"Mortality is a severe-outcome context proxy. It does not measure pain intensity, duration, prevalence, disability, non-fatal suffering, or total welfare burden."
painmap-human-mortality-context-v1:PAK:air-pollution-mortality:2019,PAK,PAK,Pakistan,air-pollution-mortality,SH.STA.AIRP.P5,Mortality attributed to household and ambient air pollution,192.1,"deaths per 100,000 population",2019,1,latest_common_year,world-bank-who-mortality-context,snapshot.world-bank-who-mortality-context.2026-07-14,World Health Organization estimate via World Bank Indicators API; observation year 2019,2026-07-14T12:47:02Z,cc-by-4.0,https://creativecommons.org/licenses/by/4.0/,low,"Mortality is a severe-outcome context proxy. It does not measure pain intensity, duration, prevalence, disability, non-fatal suffering, or total welfare burden."
painmap-human-mortality-context-v1:PAK:unsafe-wash-mortality:2019,PAK,PAK,Pakistan,unsafe-wash-mortality,SH.STA.WASH.P5,"Mortality attributed to unsafe water, sanitation and hygiene",38.8,"deaths per 100,000 population",2019,2,latest_common_year,world-bank-who-mortality-context,snapshot.world-bank-who-mortality-context.2026-07-14,World Health Organization estimate via World Bank Indicators API; observation year 2019,2026-07-14T12:47:02Z,cc-by-4.0,https://creativecommons.org/licenses/by/4.0/,low,"Mortality is a severe-outcome context proxy. It does not measure pain intensity, duration, prevalence, disability, non-fatal suffering, or total welfare burden."
painmap-human-mortality-context-v1:PAK:road-traffic-mortality:2019,PAK,PAK,Pakistan,road-traffic-mortality,SH.STA.TRAF.P5,Road traffic mortality,13,"deaths per 100,000 population",2019,3,latest_common_year,world-bank-who-mortality-context,snapshot.world-bank-who-mortality-context.2026-07-14,World Health Organization estimate via World Bank Indicators API; observation year 2019,2026-07-14T12:47:02Z,cc-by-4.0,https://creativecommons.org/licenses/by/4.0/,low,"Mortality is a severe-outcome context proxy. It does not measure pain intensity, duration, prevalence, disability, non-fatal suffering, or total welfare burden."
painmap-human-mortality-context-v1:PAK:suicide-mortality:2019,PAK,PAK,Pakistan,suicide-mortality,SH.STA.SUIC.P5,Suicide mortality,6.09,"deaths per 100,000 population",2019,4,latest_common_year,world-bank-who-mortality-context,snapshot.world-bank-who-mortality-context.2026-07-14,World Health Organization estimate via World Bank Indicators API; observation year 2019,2026-07-14T12:47:02Z,cc-by-4.0,https://creativecommons.org/licenses/by/4.0/,low,"Mortality is a severe-outcome context proxy. It does not measure pain intensity, duration, prevalence, disability, non-fatal suffering, or total welfare burden."
painmap-human-mortality-context-v1:PLW:road-traffic-mortality:2013,PLW,PLW,Palau,road-traffic-mortality,SH.STA.TRAF.P5,Road traffic mortality,4.78,"deaths per 100,000 population",2013,1,latest_available_mixed_years,world-bank-who-mortality-context,snapshot.world-bank-who-mortality-context.2026-07-14,World Health Organization estimate via World Bank Indicators API; observation year 2013,2026-07-14T12:47:02Z,cc-by-4.0,https://creativecommons.org/licenses/by/4.0/,low,"Mortality is a severe-outcome context proxy. It does not measure pain intensity, duration, prevalence, disability, non-fatal suffering, or total welfare burden."
painmap-human-mortality-context-v1:PSE:road-traffic-mortality:2016,PSE,PSE,Palestine,road-traffic-mortality,SH.STA.TRAF.P5,Road traffic mortality,5.3,"deaths per 100,000 population",2016,1,latest_available_mixed_years,world-bank-who-mortality-context,snapshot.world-bank-who-mortality-context.2026-07-14,World Health Organization estimate via World Bank Indicators API; observation year 2016,2026-07-14T12:47:02Z,cc-by-4.0,https://creativecommons.org/licenses/by/4.0/,low,"Mortality is a severe-outcome context proxy. It does not measure pain intensity, duration, prevalence, disability, non-fatal suffering, or total welfare burden."
painmap-human-mortality-context-v1:PSE:suicide-mortality:2021,PSE,PSE,Palestine,suicide-mortality,SH.STA.SUIC.P5,Suicide mortality,0.65,"deaths per 100,000 population",2021,2,latest_available_mixed_years,world-bank-who-mortality-context,snapshot.world-bank-who-mortality-context.2026-07-14,World Health Organization estimate via World Bank Indicators API; observation year 2021,2026-07-14T12:47:02Z,cc-by-4.0,https://creativecommons.org/licenses/by/4.0/,low,"Mortality is a severe-outcome context proxy. It does not measure pain intensity, duration, prevalence, disability, non-fatal suffering, or total welfare burden."
painmap-human-mortality-context-v1:PAN:air-pollution-mortality:2019,PAN,PAN,Panama,air-pollution-mortality,SH.STA.AIRP.P5,Mortality attributed to household and ambient air pollution,27.3,"deaths per 100,000 population",2019,1,latest_common_year,world-bank-who-mortality-context,snapshot.world-bank-who-mortality-context.2026-07-14,World Health Organization estimate via World Bank Indicators API; observation year 2019,2026-07-14T12:47:02Z,cc-by-4.0,https://creativecommons.org/licenses/by/4.0/,low,"Mortality is a severe-outcome context proxy. It does not measure pain intensity, duration, prevalence, disability, non-fatal suffering, or total welfare burden."
painmap-human-mortality-context-v1:PAN:road-traffic-mortality:2019,PAN,PAN,Panama,road-traffic-mortality,SH.STA.TRAF.P5,Road traffic mortality,13.9,"deaths per 100,000 population",2019,2,latest_common_year,world-bank-who-mortality-context,snapshot.world-bank-who-mortality-context.2026-07-14,World Health Organization estimate via World Bank Indicators API; observation year 2019,2026-07-14T12:47:02Z,cc-by-4.0,https://creativecommons.org/licenses/by/4.0/,low,"Mortality is a severe-outcome context proxy. It does not measure pain intensity, duration, prevalence, disability, non-fatal suffering, or total welfare burden."
painmap-human-mortality-context-v1:PAN:unsafe-wash-mortality:2019,PAN,PAN,Panama,unsafe-wash-mortality,SH.STA.WASH.P5,"Mortality attributed to unsafe water, sanitation and hygiene",4.2,"deaths per 100,000 population",2019,3,latest_common_year,world-bank-who-mortality-context,snapshot.world-bank-who-mortality-context.2026-07-14,World Health Organization estimate via World Bank Indicators API; observation year 2019,2026-07-14T12:47:02Z,cc-by-4.0,https://creativecommons.org/licenses/by/4.0/,low,"Mortality is a severe-outcome context proxy. It does not measure pain intensity, duration, prevalence, disability, non-fatal suffering, or total welfare burden."
painmap-human-mortality-context-v1:PAN:suicide-mortality:2019,PAN,PAN,Panama,suicide-mortality,SH.STA.SUIC.P5,Suicide mortality,2.55,"deaths per 100,000 population",2019,4,latest_common_year,world-bank-who-mortality-context,snapshot.world-bank-who-mortality-context.2026-07-14,World Health Organization estimate via World Bank Indicators API; observation year 2019,2026-07-14T12:47:02Z,cc-by-4.0,https://creativecommons.org/licenses/by/4.0/,low,"Mortality is a severe-outcome context proxy. It does not measure pain intensity, duration, prevalence, disability, non-fatal suffering, or total welfare burden."
painmap-human-mortality-context-v1:PNG:air-pollution-mortality:2019,PNG,PNG,Papua New Guinea,air-pollution-mortality,SH.STA.AIRP.P5,Mortality attributed to household and ambient air pollution,189.6,"deaths per 100,000 population",2019,1,latest_common_year,world-bank-who-mortality-context,snapshot.world-bank-who-mortality-context.2026-07-14,World Health Organization estimate via World Bank Indicators API; observation year 2019,2026-07-14T12:47:02Z,cc-by-4.0,https://creativecommons.org/licenses/by/4.0/,low,"Mortality is a severe-outcome context proxy. It does not measure pain intensity, duration, prevalence, disability, non-fatal suffering, or total welfare burden."
painmap-human-mortality-context-v1:PNG:unsafe-wash-mortality:2019,PNG,PNG,Papua New Guinea,unsafe-wash-mortality,SH.STA.WASH.P5,"Mortality attributed to unsafe water, sanitation and hygiene",24.9,"deaths per 100,000 population",2019,2,latest_common_year,world-bank-who-mortality-context,snapshot.world-bank-who-mortality-context.2026-07-14,World Health Organization estimate via World Bank Indicators API; observation year 2019,2026-07-14T12:47:02Z,cc-by-4.0,https://creativecommons.org/licenses/by/4.0/,low,"Mortality is a severe-outcome context proxy. It does not measure pain intensity, duration, prevalence, disability, non-fatal suffering, or total welfare burden."
painmap-human-mortality-context-v1:PNG:road-traffic-mortality:2019,PNG,PNG,Papua New Guinea,road-traffic-mortality,SH.STA.TRAF.P5,Road traffic mortality,12.6,"deaths per 100,000 population",2019,3,latest_common_year,world-bank-who-mortality-context,snapshot.world-bank-who-mortality-context.2026-07-14,World Health Organization estimate via World Bank Indicators API; observation year 2019,2026-07-14T12:47:02Z,cc-by-4.0,https://creativecommons.org/licenses/by/4.0/,low,"Mortality is a severe-outcome context proxy. It does not measure pain intensity, duration, prevalence, disability, non-fatal suffering, or total welfare burden."
painmap-human-mortality-context-v1:PNG:suicide-mortality:2019,PNG,PNG,Papua New Guinea,suicide-mortality,SH.STA.SUIC.P5,Suicide mortality,2.07,"deaths per 100,000 population",2019,4,latest_common_year,world-bank-who-mortality-context,snapshot.world-bank-who-mortality-context.2026-07-14,World Health Organization estimate via World Bank Indicators API; observation year 2019,2026-07-14T12:47:02Z,cc-by-4.0,https://creativecommons.org/licenses/by/4.0/,low,"Mortality is a severe-outcome context proxy. It does not measure pain intensity, duration, prevalence, disability, non-fatal suffering, or total welfare burden."
painmap-human-mortality-context-v1:PRY:air-pollution-mortality:2019,PRY,PRY,Paraguay,air-pollution-mortality,SH.STA.AIRP.P5,Mortality attributed to household and ambient air pollution,55.6,"deaths per 100,000 population",2019,1,latest_common_year,world-bank-who-mortality-context,snapshot.world-bank-who-mortality-context.2026-07-14,World Health Organization estimate via World Bank Indicators API; observation year 2019,2026-07-14T12:47:02Z,cc-by-4.0,https://creativecommons.org/licenses/by/4.0/,low,"Mortality is a severe-outcome context proxy. It does not measure pain intensity, duration, prevalence, disability, non-fatal suffering, or total welfare burden."
painmap-human-mortality-context-v1:PRY:road-traffic-mortality:2019,PRY,PRY,Paraguay,road-traffic-mortality,SH.STA.TRAF.P5,Road traffic mortality,22,"deaths per 100,000 population",2019,2,latest_common_year,world-bank-who-mortality-context,snapshot.world-bank-who-mortality-context.2026-07-14,World Health Organization estimate via World Bank Indicators API; observation year 2019,2026-07-14T12:47:02Z,cc-by-4.0,https://creativecommons.org/licenses/by/4.0/,low,"Mortality is a severe-outcome context proxy. It does not measure pain intensity, duration, prevalence, disability, non-fatal suffering, or total welfare burden."
painmap-human-mortality-context-v1:PRY:suicide-mortality:2019,PRY,PRY,Paraguay,suicide-mortality,SH.STA.SUIC.P5,Suicide mortality,7.93,"deaths per 100,000 population",2019,3,latest_common_year,world-bank-who-mortality-context,snapshot.world-bank-who-mortality-context.2026-07-14,World Health Organization estimate via World Bank Indicators API; observation year 2019,2026-07-14T12:47:02Z,cc-by-4.0,https://creativecommons.org/licenses/by/4.0/,low,"Mortality is a severe-outcome context proxy. It does not measure pain intensity, duration, prevalence, disability, non-fatal suffering, or total welfare burden."
painmap-human-mortality-context-v1:PRY:unsafe-wash-mortality:2019,PRY,PRY,Paraguay,unsafe-wash-mortality,SH.STA.WASH.P5,"Mortality attributed to unsafe water, sanitation and hygiene",4.6,"deaths per 100,000 population",2019,4,latest_common_year,world-bank-who-mortality-context,snapshot.world-bank-who-mortality-context.2026-07-14,World Health Organization estimate via World Bank Indicators API; observation year 2019,2026-07-14T12:47:02Z,cc-by-4.0,https://creativecommons.org/licenses/by/4.0/,low,"Mortality is a severe-outcome context proxy. It does not measure pain intensity, duration, prevalence, disability, non-fatal suffering, or total welfare burden."
painmap-human-mortality-context-v1:CHN:air-pollution-mortality:2019,CHN,CHN,People's Republic of China,air-pollution-mortality,SH.STA.AIRP.P5,Mortality attributed to household and ambient air pollution,95.3,"deaths per 100,000 population",2019,1,latest_common_year,world-bank-who-mortality-context,snapshot.world-bank-who-mortality-context.2026-07-14,World Health Organization estimate via World Bank Indicators API; observation year 2019,2026-07-14T12:47:02Z,cc-by-4.0,https://creativecommons.org/licenses/by/4.0/,low,"Mortality is a severe-outcome context proxy. It does not measure pain intensity, duration, prevalence, disability, non-fatal suffering, or total welfare burden."
painmap-human-mortality-context-v1:CHN:road-traffic-mortality:2019,CHN,CHN,People's Republic of China,road-traffic-mortality,SH.STA.TRAF.P5,Road traffic mortality,17.4,"deaths per 100,000 population",2019,2,latest_common_year,world-bank-who-mortality-context,snapshot.world-bank-who-mortality-context.2026-07-14,World Health Organization estimate via World Bank Indicators API; observation year 2019,2026-07-14T12:47:02Z,cc-by-4.0,https://creativecommons.org/licenses/by/4.0/,low,"Mortality is a severe-outcome context proxy. It does not measure pain intensity, duration, prevalence, disability, non-fatal suffering, or total welfare burden."
painmap-human-mortality-context-v1:CHN:suicide-mortality:2019,CHN,CHN,People's Republic of China,suicide-mortality,SH.STA.SUIC.P5,Suicide mortality,8.75,"deaths per 100,000 population",2019,3,latest_common_year,world-bank-who-mortality-context,snapshot.world-bank-who-mortality-context.2026-07-14,World Health Organization estimate via World Bank Indicators API; observation year 2019,2026-07-14T12:47:02Z,cc-by-4.0,https://creativecommons.org/licenses/by/4.0/,low,"Mortality is a severe-outcome context proxy. It does not measure pain intensity, duration, prevalence, disability, non-fatal suffering, or total welfare burden."
painmap-human-mortality-context-v1:CHN:unsafe-wash-mortality:2019,CHN,CHN,People's Republic of China,unsafe-wash-mortality,SH.STA.WASH.P5,"Mortality attributed to unsafe water, sanitation and hygiene",2.2,"deaths per 100,000 population",2019,4,latest_common_year,world-bank-who-mortality-context,snapshot.world-bank-who-mortality-context.2026-07-14,World Health Organization estimate via World Bank Indicators API; observation year 2019,2026-07-14T12:47:02Z,cc-by-4.0,https://creativecommons.org/licenses/by/4.0/,low,"Mortality is a severe-outcome context proxy. It does not measure pain intensity, duration, prevalence, disability, non-fatal suffering, or total welfare burden."
painmap-human-mortality-context-v1:PER:air-pollution-mortality:2019,PER,PER,Peru,air-pollution-mortality,SH.STA.AIRP.P5,Mortality attributed to household and ambient air pollution,37.9,"deaths per 100,000 population",2019,1,latest_common_year,world-bank-who-mortality-context,snapshot.world-bank-who-mortality-context.2026-07-14,World Health Organization estimate via World Bank Indicators API; observation year 2019,2026-07-14T12:47:02Z,cc-by-4.0,https://creativecommons.org/licenses/by/4.0/,low,"Mortality is a severe-outcome context proxy. It does not measure pain intensity, duration, prevalence, disability, non-fatal suffering, or total welfare burden."
painmap-human-mortality-context-v1:PER:road-traffic-mortality:2019,PER,PER,Peru,road-traffic-mortality,SH.STA.TRAF.P5,Road traffic mortality,13.6,"deaths per 100,000 population",2019,2,latest_common_year,world-bank-who-mortality-context,snapshot.world-bank-who-mortality-context.2026-07-14,World Health Organization estimate via World Bank Indicators API; observation year 2019,2026-07-14T12:47:02Z,cc-by-4.0,https://creativecommons.org/licenses/by/4.0/,low,"Mortality is a severe-outcome context proxy. It does not measure pain intensity, duration, prevalence, disability, non-fatal suffering, or total welfare burden."
painmap-human-mortality-context-v1:PER:unsafe-wash-mortality:2019,PER,PER,Peru,unsafe-wash-mortality,SH.STA.WASH.P5,"Mortality attributed to unsafe water, sanitation and hygiene",7.6,"deaths per 100,000 population",2019,3,latest_common_year,world-bank-who-mortality-context,snapshot.world-bank-who-mortality-context.2026-07-14,World Health Organization estimate via World Bank Indicators API; observation year 2019,2026-07-14T12:47:02Z,cc-by-4.0,https://creativecommons.org/licenses/by/4.0/,low,"Mortality is a severe-outcome context proxy. It does not measure pain intensity, duration, prevalence, disability, non-fatal suffering, or total welfare burden."
painmap-human-mortality-context-v1:PER:suicide-mortality:2019,PER,PER,Peru,suicide-mortality,SH.STA.SUIC.P5,Suicide mortality,2.19,"deaths per 100,000 population",2019,4,latest_common_year,world-bank-who-mortality-context,snapshot.world-bank-who-mortality-context.2026-07-14,World Health Organization estimate via World Bank Indicators API; observation year 2019,2026-07-14T12:47:02Z,cc-by-4.0,https://creativecommons.org/licenses/by/4.0/,low,"Mortality is a severe-outcome context proxy. It does not measure pain intensity, duration, prevalence, disability, non-fatal suffering, or total welfare burden."
painmap-human-mortality-context-v1:PHL:air-pollution-mortality:2019,PHL,PHL,Philippines,air-pollution-mortality,SH.STA.AIRP.P5,Mortality attributed to household and ambient air pollution,202.8,"deaths per 100,000 population",2019,1,latest_common_year,world-bank-who-mortality-context,snapshot.world-bank-who-mortality-context.2026-07-14,World Health Organization estimate via World Bank Indicators API; observation year 2019,2026-07-14T12:47:02Z,cc-by-4.0,https://creativecommons.org/licenses/by/4.0/,low,"Mortality is a severe-outcome context proxy. It does not measure pain intensity, duration, prevalence, disability, non-fatal suffering, or total welfare burden."
painmap-human-mortality-context-v1:PHL:unsafe-wash-mortality:2019,PHL,PHL,Philippines,unsafe-wash-mortality,SH.STA.WASH.P5,"Mortality attributed to unsafe water, sanitation and hygiene",16.9,"deaths per 100,000 population",2019,2,latest_common_year,world-bank-who-mortality-context,snapshot.world-bank-who-mortality-context.2026-07-14,World Health Organization estimate via World Bank Indicators API; observation year 2019,2026-07-14T12:47:02Z,cc-by-4.0,https://creativecommons.org/licenses/by/4.0/,low,"Mortality is a severe-outcome context proxy. It does not measure pain intensity, duration, prevalence, disability, non-fatal suffering, or total welfare burden."
painmap-human-mortality-context-v1:PHL:road-traffic-mortality:2019,PHL,PHL,Philippines,road-traffic-mortality,SH.STA.TRAF.P5,Road traffic mortality,12,"deaths per 100,000 population",2019,3,latest_common_year,world-bank-who-mortality-context,snapshot.world-bank-who-mortality-context.2026-07-14,World Health Organization estimate via World Bank Indicators API; observation year 2019,2026-07-14T12:47:02Z,cc-by-4.0,https://creativecommons.org/licenses/by/4.0/,low,"Mortality is a severe-outcome context proxy. It does not measure pain intensity, duration, prevalence, disability, non-fatal suffering, or total welfare burden."
painmap-human-mortality-context-v1:PHL:suicide-mortality:2019,PHL,PHL,Philippines,suicide-mortality,SH.STA.SUIC.P5,Suicide mortality,3.04,"deaths per 100,000 population",2019,4,latest_common_year,world-bank-who-mortality-context,snapshot.world-bank-who-mortality-context.2026-07-14,World Health Organization estimate via World Bank Indicators API; observation year 2019,2026-07-14T12:47:02Z,cc-by-4.0,https://creativecommons.org/licenses/by/4.0/,low,"Mortality is a severe-outcome context proxy. It does not measure pain intensity, duration, prevalence, disability, non-fatal suffering, or total welfare burden."
painmap-human-mortality-context-v1:POL:air-pollution-mortality:2019,POL,POL,Poland,air-pollution-mortality,SH.STA.AIRP.P5,Mortality attributed to household and ambient air pollution,40.9,"deaths per 100,000 population",2019,1,latest_common_year,world-bank-who-mortality-context,snapshot.world-bank-who-mortality-context.2026-07-14,World Health Organization estimate via World Bank Indicators API; observation year 2019,2026-07-14T12:47:02Z,cc-by-4.0,https://creativecommons.org/licenses/by/4.0/,low,"Mortality is a severe-outcome context proxy. It does not measure pain intensity, duration, prevalence, disability, non-fatal suffering, or total welfare burden."
painmap-human-mortality-context-v1:POL:suicide-mortality:2019,POL,POL,Poland,suicide-mortality,SH.STA.SUIC.P5,Suicide mortality,13.7,"deaths per 100,000 population",2019,2,latest_common_year,world-bank-who-mortality-context,snapshot.world-bank-who-mortality-context.2026-07-14,World Health Organization estimate via World Bank Indicators API; observation year 2019,2026-07-14T12:47:02Z,cc-by-4.0,https://creativecommons.org/licenses/by/4.0/,low,"Mortality is a severe-outcome context proxy. It does not measure pain intensity, duration, prevalence, disability, non-fatal suffering, or total welfare burden."
painmap-human-mortality-context-v1:POL:road-traffic-mortality:2019,POL,POL,Poland,road-traffic-mortality,SH.STA.TRAF.P5,Road traffic mortality,9.4,"deaths per 100,000 population",2019,3,latest_common_year,world-bank-who-mortality-context,snapshot.world-bank-who-mortality-context.2026-07-14,World Health Organization estimate via World Bank Indicators API; observation year 2019,2026-07-14T12:47:02Z,cc-by-4.0,https://creativecommons.org/licenses/by/4.0/,low,"Mortality is a severe-outcome context proxy. It does not measure pain intensity, duration, prevalence, disability, non-fatal suffering, or total welfare burden."
painmap-human-mortality-context-v1:POL:unsafe-wash-mortality:2019,POL,POL,Poland,unsafe-wash-mortality,SH.STA.WASH.P5,"Mortality attributed to unsafe water, sanitation and hygiene",5.4,"deaths per 100,000 population",2019,4,latest_common_year,world-bank-who-mortality-context,snapshot.world-bank-who-mortality-context.2026-07-14,World Health Organization estimate via World Bank Indicators API; observation year 2019,2026-07-14T12:47:02Z,cc-by-4.0,https://creativecommons.org/licenses/by/4.0/,low,"Mortality is a severe-outcome context proxy. It does not measure pain intensity, duration, prevalence, disability, non-fatal suffering, or total welfare burden."
painmap-human-mortality-context-v1:PRT:suicide-mortality:2019,PRT,PRT,Portugal,suicide-mortality,SH.STA.SUIC.P5,Suicide mortality,12.66,"deaths per 100,000 population",2019,1,latest_common_year,world-bank-who-mortality-context,snapshot.world-bank-who-mortality-context.2026-07-14,World Health Organization estimate via World Bank Indicators API; observation year 2019,2026-07-14T12:47:02Z,cc-by-4.0,https://creativecommons.org/licenses/by/4.0/,low,"Mortality is a severe-outcome context proxy. It does not measure pain intensity, duration, prevalence, disability, non-fatal suffering, or total welfare burden."
painmap-human-mortality-context-v1:PRT:air-pollution-mortality:2019,PRT,PRT,Portugal,air-pollution-mortality,SH.STA.AIRP.P5,Mortality attributed to household and ambient air pollution,10,"deaths per 100,000 population",2019,2,latest_common_year,world-bank-who-mortality-context,snapshot.world-bank-who-mortality-context.2026-07-14,World Health Organization estimate via World Bank Indicators API; observation year 2019,2026-07-14T12:47:02Z,cc-by-4.0,https://creativecommons.org/licenses/by/4.0/,low,"Mortality is a severe-outcome context proxy. It does not measure pain intensity, duration, prevalence, disability, non-fatal suffering, or total welfare burden."
painmap-human-mortality-context-v1:PRT:road-traffic-mortality:2019,PRT,PRT,Portugal,road-traffic-mortality,SH.STA.TRAF.P5,Road traffic mortality,8.2,"deaths per 100,000 population",2019,3,latest_common_year,world-bank-who-mortality-context,snapshot.world-bank-who-mortality-context.2026-07-14,World Health Organization estimate via World Bank Indicators API; observation year 2019,2026-07-14T12:47:02Z,cc-by-4.0,https://creativecommons.org/licenses/by/4.0/,low,"Mortality is a severe-outcome context proxy. It does not measure pain intensity, duration, prevalence, disability, non-fatal suffering, or total welfare burden."
painmap-human-mortality-context-v1:PRT:unsafe-wash-mortality:2019,PRT,PRT,Portugal,unsafe-wash-mortality,SH.STA.WASH.P5,"Mortality attributed to unsafe water, sanitation and hygiene",6.8,"deaths per 100,000 population",2019,4,latest_common_year,world-bank-who-mortality-context,snapshot.world-bank-who-mortality-context.2026-07-14,World Health Organization estimate via World Bank Indicators API; observation year 2019,2026-07-14T12:47:02Z,cc-by-4.0,https://creativecommons.org/licenses/by/4.0/,low,"Mortality is a severe-outcome context proxy. It does not measure pain intensity, duration, prevalence, disability, non-fatal suffering, or total welfare burden."
painmap-human-mortality-context-v1:PRI:suicide-mortality:2021,PRI,PRI,Puerto Rico,suicide-mortality,SH.STA.SUIC.P5,Suicide mortality,5.42,"deaths per 100,000 population",2021,1,latest_available_mixed_years,world-bank-who-mortality-context,snapshot.world-bank-who-mortality-context.2026-07-14,World Health Organization estimate via World Bank Indicators API; observation year 2021,2026-07-14T12:47:02Z,cc-by-4.0,https://creativecommons.org/licenses/by/4.0/,low,"Mortality is a severe-outcome context proxy. It does not measure pain intensity, duration, prevalence, disability, non-fatal suffering, or total welfare burden."
painmap-human-mortality-context-v1:QAT:air-pollution-mortality:2019,QAT,QAT,Qatar,air-pollution-mortality,SH.STA.AIRP.P5,Mortality attributed to household and ambient air pollution,90.8,"deaths per 100,000 population",2019,1,latest_common_year,world-bank-who-mortality-context,snapshot.world-bank-who-mortality-context.2026-07-14,World Health Organization estimate via World Bank Indicators API; observation year 2019,2026-07-14T12:47:02Z,cc-by-4.0,https://creativecommons.org/licenses/by/4.0/,low,"Mortality is a severe-outcome context proxy. It does not measure pain intensity, duration, prevalence, disability, non-fatal suffering, or total welfare burden."
painmap-human-mortality-context-v1:QAT:road-traffic-mortality:2019,QAT,QAT,Qatar,road-traffic-mortality,SH.STA.TRAF.P5,Road traffic mortality,7.3,"deaths per 100,000 population",2019,2,latest_common_year,world-bank-who-mortality-context,snapshot.world-bank-who-mortality-context.2026-07-14,World Health Organization estimate via World Bank Indicators API; observation year 2019,2026-07-14T12:47:02Z,cc-by-4.0,https://creativecommons.org/licenses/by/4.0/,low,"Mortality is a severe-outcome context proxy. It does not measure pain intensity, duration, prevalence, disability, non-fatal suffering, or total welfare burden."
painmap-human-mortality-context-v1:QAT:suicide-mortality:2019,QAT,QAT,Qatar,suicide-mortality,SH.STA.SUIC.P5,Suicide mortality,6.96,"deaths per 100,000 population",2019,3,latest_common_year,world-bank-who-mortality-context,snapshot.world-bank-who-mortality-context.2026-07-14,World Health Organization estimate via World Bank Indicators API; observation year 2019,2026-07-14T12:47:02Z,cc-by-4.0,https://creativecommons.org/licenses/by/4.0/,low,"Mortality is a severe-outcome context proxy. It does not measure pain intensity, duration, prevalence, disability, non-fatal suffering, or total welfare burden."
painmap-human-mortality-context-v1:QAT:unsafe-wash-mortality:2019,QAT,QAT,Qatar,unsafe-wash-mortality,SH.STA.WASH.P5,"Mortality attributed to unsafe water, sanitation and hygiene",0.4,"deaths per 100,000 population",2019,4,latest_common_year,world-bank-who-mortality-context,snapshot.world-bank-who-mortality-context.2026-07-14,World Health Organization estimate via World Bank Indicators API; observation year 2019,2026-07-14T12:47:02Z,cc-by-4.0,https://creativecommons.org/licenses/by/4.0/,low,"Mortality is a severe-outcome context proxy. It does not measure pain intensity, duration, prevalence, disability, non-fatal suffering, or total welfare burden."
painmap-human-mortality-context-v1:COG:air-pollution-mortality:2019,COG,COG,Republic of the Congo,air-pollution-mortality,SH.STA.AIRP.P5,Mortality attributed to household and ambient air pollution,170.4,"deaths per 100,000 population",2019,1,latest_common_year,world-bank-who-mortality-context,snapshot.world-bank-who-mortality-context.2026-07-14,World Health Organization estimate via World Bank Indicators API; observation year 2019,2026-07-14T12:47:02Z,cc-by-4.0,https://creativecommons.org/licenses/by/4.0/,low,"Mortality is a severe-outcome context proxy. It does not measure pain intensity, duration, prevalence, disability, non-fatal suffering, or total welfare burden."
painmap-human-mortality-context-v1:COG:road-traffic-mortality:2019,COG,COG,Republic of the Congo,road-traffic-mortality,SH.STA.TRAF.P5,Road traffic mortality,29.7,"deaths per 100,000 population",2019,2,latest_common_year,world-bank-who-mortality-context,snapshot.world-bank-who-mortality-context.2026-07-14,World Health Organization estimate via World Bank Indicators API; observation year 2019,2026-07-14T12:47:02Z,cc-by-4.0,https://creativecommons.org/licenses/by/4.0/,low,"Mortality is a severe-outcome context proxy. It does not measure pain intensity, duration, prevalence, disability, non-fatal suffering, or total welfare burden."
painmap-human-mortality-context-v1:COG:unsafe-wash-mortality:2019,COG,COG,Republic of the Congo,unsafe-wash-mortality,SH.STA.WASH.P5,"Mortality attributed to unsafe water, sanitation and hygiene",26.4,"deaths per 100,000 population",2019,3,latest_common_year,world-bank-who-mortality-context,snapshot.world-bank-who-mortality-context.2026-07-14,World Health Organization estimate via World Bank Indicators API; observation year 2019,2026-07-14T12:47:02Z,cc-by-4.0,https://creativecommons.org/licenses/by/4.0/,low,"Mortality is a severe-outcome context proxy. It does not measure pain intensity, duration, prevalence, disability, non-fatal suffering, or total welfare burden."
painmap-human-mortality-context-v1:COG:suicide-mortality:2019,COG,COG,Republic of the Congo,suicide-mortality,SH.STA.SUIC.P5,Suicide mortality,7.05,"deaths per 100,000 population",2019,4,latest_common_year,world-bank-who-mortality-context,snapshot.world-bank-who-mortality-context.2026-07-14,World Health Organization estimate via World Bank Indicators API; observation year 2019,2026-07-14T12:47:02Z,cc-by-4.0,https://creativecommons.org/licenses/by/4.0/,low,"Mortality is a severe-outcome context proxy. It does not measure pain intensity, duration, prevalence, disability, non-fatal suffering, or total welfare burden."
painmap-human-mortality-context-v1:ROU:air-pollution-mortality:2019,ROU,ROU,Romania,air-pollution-mortality,SH.STA.AIRP.P5,Mortality attributed to household and ambient air pollution,67.8,"deaths per 100,000 population",2019,1,latest_common_year,world-bank-who-mortality-context,snapshot.world-bank-who-mortality-context.2026-07-14,World Health Organization estimate via World Bank Indicators API; observation year 2019,2026-07-14T12:47:02Z,cc-by-4.0,https://creativecommons.org/licenses/by/4.0/,low,"Mortality is a severe-outcome context proxy. It does not measure pain intensity, duration, prevalence, disability, non-fatal suffering, or total welfare burden."
painmap-human-mortality-context-v1:ROU:road-traffic-mortality:2019,ROU,ROU,Romania,road-traffic-mortality,SH.STA.TRAF.P5,Road traffic mortality,10.3,"deaths per 100,000 population",2019,2,latest_common_year,world-bank-who-mortality-context,snapshot.world-bank-who-mortality-context.2026-07-14,World Health Organization estimate via World Bank Indicators API; observation year 2019,2026-07-14T12:47:02Z,cc-by-4.0,https://creativecommons.org/licenses/by/4.0/,low,"Mortality is a severe-outcome context proxy. It does not measure pain intensity, duration, prevalence, disability, non-fatal suffering, or total welfare burden."
painmap-human-mortality-context-v1:ROU:suicide-mortality:2019,ROU,ROU,Romania,suicide-mortality,SH.STA.SUIC.P5,Suicide mortality,9.17,"deaths per 100,000 population",2019,3,latest_common_year,world-bank-who-mortality-context,snapshot.world-bank-who-mortality-context.2026-07-14,World Health Organization estimate via World Bank Indicators API; observation year 2019,2026-07-14T12:47:02Z,cc-by-4.0,https://creativecommons.org/licenses/by/4.0/,low,"Mortality is a severe-outcome context proxy. It does not measure pain intensity, duration, prevalence, disability, non-fatal suffering, or total welfare burden."
painmap-human-mortality-context-v1:ROU:unsafe-wash-mortality:2019,ROU,ROU,Romania,unsafe-wash-mortality,SH.STA.WASH.P5,"Mortality attributed to unsafe water, sanitation and hygiene",7.2,"deaths per 100,000 population",2019,4,latest_common_year,world-bank-who-mortality-context,snapshot.world-bank-who-mortality-context.2026-07-14,World Health Organization estimate via World Bank Indicators API; observation year 2019,2026-07-14T12:47:02Z,cc-by-4.0,https://creativecommons.org/licenses/by/4.0/,low,"Mortality is a severe-outcome context proxy. It does not measure pain intensity, duration, prevalence, disability, non-fatal suffering, or total welfare burden."
painmap-human-mortality-context-v1:RUS:air-pollution-mortality:2019,RUS,RUS,Russia,air-pollution-mortality,SH.STA.AIRP.P5,Mortality attributed to household and ambient air pollution,67.1,"deaths per 100,000 population",2019,1,latest_common_year,world-bank-who-mortality-context,snapshot.world-bank-who-mortality-context.2026-07-14,World Health Organization estimate via World Bank Indicators API; observation year 2019,2026-07-14T12:47:02Z,cc-by-4.0,https://creativecommons.org/licenses/by/4.0/,low,"Mortality is a severe-outcome context proxy. It does not measure pain intensity, duration, prevalence, disability, non-fatal suffering, or total welfare burden."
painmap-human-mortality-context-v1:RUS:suicide-mortality:2019,RUS,RUS,Russia,suicide-mortality,SH.STA.SUIC.P5,Suicide mortality,24.47,"deaths per 100,000 population",2019,2,latest_common_year,world-bank-who-mortality-context,snapshot.world-bank-who-mortality-context.2026-07-14,World Health Organization estimate via World Bank Indicators API; observation year 2019,2026-07-14T12:47:02Z,cc-by-4.0,https://creativecommons.org/licenses/by/4.0/,low,"Mortality is a severe-outcome context proxy. It does not measure pain intensity, duration, prevalence, disability, non-fatal suffering, or total welfare burden."
painmap-human-mortality-context-v1:RUS:road-traffic-mortality:2019,RUS,RUS,Russia,road-traffic-mortality,SH.STA.TRAF.P5,Road traffic mortality,12,"deaths per 100,000 population",2019,3,latest_common_year,world-bank-who-mortality-context,snapshot.world-bank-who-mortality-context.2026-07-14,World Health Organization estimate via World Bank Indicators API; observation year 2019,2026-07-14T12:47:02Z,cc-by-4.0,https://creativecommons.org/licenses/by/4.0/,low,"Mortality is a severe-outcome context proxy. It does not measure pain intensity, duration, prevalence, disability, non-fatal suffering, or total welfare burden."
painmap-human-mortality-context-v1:RUS:unsafe-wash-mortality:2019,RUS,RUS,Russia,unsafe-wash-mortality,SH.STA.WASH.P5,"Mortality attributed to unsafe water, sanitation and hygiene",3.2,"deaths per 100,000 population",2019,4,latest_common_year,world-bank-who-mortality-context,snapshot.world-bank-who-mortality-context.2026-07-14,World Health Organization estimate via World Bank Indicators API; observation year 2019,2026-07-14T12:47:02Z,cc-by-4.0,https://creativecommons.org/licenses/by/4.0/,low,"Mortality is a severe-outcome context proxy. It does not measure pain intensity, duration, prevalence, disability, non-fatal suffering, or total welfare burden."
painmap-human-mortality-context-v1:RWA:air-pollution-mortality:2019,RWA,RWA,Rwanda,air-pollution-mortality,SH.STA.AIRP.P5,Mortality attributed to household and ambient air pollution,165.8,"deaths per 100,000 population",2019,1,latest_common_year,world-bank-who-mortality-context,snapshot.world-bank-who-mortality-context.2026-07-14,World Health Organization estimate via World Bank Indicators API; observation year 2019,2026-07-14T12:47:02Z,cc-by-4.0,https://creativecommons.org/licenses/by/4.0/,low,"Mortality is a severe-outcome context proxy. It does not measure pain intensity, duration, prevalence, disability, non-fatal suffering, or total welfare burden."
painmap-human-mortality-context-v1:RWA:road-traffic-mortality:2019,RWA,RWA,Rwanda,road-traffic-mortality,SH.STA.TRAF.P5,Road traffic mortality,29.4,"deaths per 100,000 population",2019,2,latest_common_year,world-bank-who-mortality-context,snapshot.world-bank-who-mortality-context.2026-07-14,World Health Organization estimate via World Bank Indicators API; observation year 2019,2026-07-14T12:47:02Z,cc-by-4.0,https://creativecommons.org/licenses/by/4.0/,low,"Mortality is a severe-outcome context proxy. It does not measure pain intensity, duration, prevalence, disability, non-fatal suffering, or total welfare burden."
painmap-human-mortality-context-v1:RWA:unsafe-wash-mortality:2019,RWA,RWA,Rwanda,unsafe-wash-mortality,SH.STA.WASH.P5,"Mortality attributed to unsafe water, sanitation and hygiene",25,"deaths per 100,000 population",2019,3,latest_common_year,world-bank-who-mortality-context,snapshot.world-bank-who-mortality-context.2026-07-14,World Health Organization estimate via World Bank Indicators API; observation year 2019,2026-07-14T12:47:02Z,cc-by-4.0,https://creativecommons.org/licenses/by/4.0/,low,"Mortality is a severe-outcome context proxy. It does not measure pain intensity, duration, prevalence, disability, non-fatal suffering, or total welfare burden."
painmap-human-mortality-context-v1:RWA:suicide-mortality:2019,RWA,RWA,Rwanda,suicide-mortality,SH.STA.SUIC.P5,Suicide mortality,8.29,"deaths per 100,000 population",2019,4,latest_common_year,world-bank-who-mortality-context,snapshot.world-bank-who-mortality-context.2026-07-14,World Health Organization estimate via World Bank Indicators API; observation year 2019,2026-07-14T12:47:02Z,cc-by-4.0,https://creativecommons.org/licenses/by/4.0/,low,"Mortality is a severe-outcome context proxy. It does not measure pain intensity, duration, prevalence, disability, non-fatal suffering, or total welfare burden."
painmap-human-mortality-context-v1:LCA:road-traffic-mortality:2019,LCA,LCA,Saint Lucia,road-traffic-mortality,SH.STA.TRAF.P5,Road traffic mortality,29.8,"deaths per 100,000 population",2019,1,latest_common_year,world-bank-who-mortality-context,snapshot.world-bank-who-mortality-context.2026-07-14,World Health Organization estimate via World Bank Indicators API; observation year 2019,2026-07-14T12:47:02Z,cc-by-4.0,https://creativecommons.org/licenses/by/4.0/,low,"Mortality is a severe-outcome context proxy. It does not measure pain intensity, duration, prevalence, disability, non-fatal suffering, or total welfare burden."
painmap-human-mortality-context-v1:LCA:air-pollution-mortality:2019,LCA,LCA,Saint Lucia,air-pollution-mortality,SH.STA.AIRP.P5,Mortality attributed to household and ambient air pollution,27.7,"deaths per 100,000 population",2019,2,latest_common_year,world-bank-who-mortality-context,snapshot.world-bank-who-mortality-context.2026-07-14,World Health Organization estimate via World Bank Indicators API; observation year 2019,2026-07-14T12:47:02Z,cc-by-4.0,https://creativecommons.org/licenses/by/4.0/,low,"Mortality is a severe-outcome context proxy. It does not measure pain intensity, duration, prevalence, disability, non-fatal suffering, or total welfare burden."
painmap-human-mortality-context-v1:LCA:suicide-mortality:2019,LCA,LCA,Saint Lucia,suicide-mortality,SH.STA.SUIC.P5,Suicide mortality,7.23,"deaths per 100,000 population",2019,3,latest_common_year,world-bank-who-mortality-context,snapshot.world-bank-who-mortality-context.2026-07-14,World Health Organization estimate via World Bank Indicators API; observation year 2019,2026-07-14T12:47:02Z,cc-by-4.0,https://creativecommons.org/licenses/by/4.0/,low,"Mortality is a severe-outcome context proxy. It does not measure pain intensity, duration, prevalence, disability, non-fatal suffering, or total welfare burden."
painmap-human-mortality-context-v1:LCA:unsafe-wash-mortality:2019,LCA,LCA,Saint Lucia,unsafe-wash-mortality,SH.STA.WASH.P5,"Mortality attributed to unsafe water, sanitation and hygiene",5.8,"deaths per 100,000 population",2019,4,latest_common_year,world-bank-who-mortality-context,snapshot.world-bank-who-mortality-context.2026-07-14,World Health Organization estimate via World Bank Indicators API; observation year 2019,2026-07-14T12:47:02Z,cc-by-4.0,https://creativecommons.org/licenses/by/4.0/,low,"Mortality is a severe-outcome context proxy. It does not measure pain intensity, duration, prevalence, disability, non-fatal suffering, or total welfare burden."
painmap-human-mortality-context-v1:VCT:air-pollution-mortality:2019,VCT,VCT,Saint Vincent and the Grenadines,air-pollution-mortality,SH.STA.AIRP.P5,Mortality attributed to household and ambient air pollution,34.4,"deaths per 100,000 population",2019,1,latest_common_year,world-bank-who-mortality-context,snapshot.world-bank-who-mortality-context.2026-07-14,World Health Organization estimate via World Bank Indicators API; observation year 2019,2026-07-14T12:47:02Z,cc-by-4.0,https://creativecommons.org/licenses/by/4.0/,low,"Mortality is a severe-outcome context proxy. It does not measure pain intensity, duration, prevalence, disability, non-fatal suffering, or total welfare burden."
painmap-human-mortality-context-v1:VCT:road-traffic-mortality:2019,VCT,VCT,Saint Vincent and the Grenadines,road-traffic-mortality,SH.STA.TRAF.P5,Road traffic mortality,7.4,"deaths per 100,000 population",2019,2,latest_common_year,world-bank-who-mortality-context,snapshot.world-bank-who-mortality-context.2026-07-14,World Health Organization estimate via World Bank Indicators API; observation year 2019,2026-07-14T12:47:02Z,cc-by-4.0,https://creativecommons.org/licenses/by/4.0/,low,"Mortality is a severe-outcome context proxy. It does not measure pain intensity, duration, prevalence, disability, non-fatal suffering, or total welfare burden."
painmap-human-mortality-context-v1:VCT:unsafe-wash-mortality:2019,VCT,VCT,Saint Vincent and the Grenadines,unsafe-wash-mortality,SH.STA.WASH.P5,"Mortality attributed to unsafe water, sanitation and hygiene",5.3,"deaths per 100,000 population",2019,3,latest_common_year,world-bank-who-mortality-context,snapshot.world-bank-who-mortality-context.2026-07-14,World Health Organization estimate via World Bank Indicators API; observation year 2019,2026-07-14T12:47:02Z,cc-by-4.0,https://creativecommons.org/licenses/by/4.0/,low,"Mortality is a severe-outcome context proxy. It does not measure pain intensity, duration, prevalence, disability, non-fatal suffering, or total welfare burden."
painmap-human-mortality-context-v1:VCT:suicide-mortality:2019,VCT,VCT,Saint Vincent and the Grenadines,suicide-mortality,SH.STA.SUIC.P5,Suicide mortality,0.32,"deaths per 100,000 population",2019,4,latest_common_year,world-bank-who-mortality-context,snapshot.world-bank-who-mortality-context.2026-07-14,World Health Organization estimate via World Bank Indicators API; observation year 2019,2026-07-14T12:47:02Z,cc-by-4.0,https://creativecommons.org/licenses/by/4.0/,low,"Mortality is a severe-outcome context proxy. It does not measure pain intensity, duration, prevalence, disability, non-fatal suffering, or total welfare burden."
painmap-human-mortality-context-v1:WSM:air-pollution-mortality:2019,WSM,WSM,Samoa,air-pollution-mortality,SH.STA.AIRP.P5,Mortality attributed to household and ambient air pollution,145.5,"deaths per 100,000 population",2019,1,latest_common_year,world-bank-who-mortality-context,snapshot.world-bank-who-mortality-context.2026-07-14,World Health Organization estimate via World Bank Indicators API; observation year 2019,2026-07-14T12:47:02Z,cc-by-4.0,https://creativecommons.org/licenses/by/4.0/,low,"Mortality is a severe-outcome context proxy. It does not measure pain intensity, duration, prevalence, disability, non-fatal suffering, or total welfare burden."
painmap-human-mortality-context-v1:WSM:road-traffic-mortality:2019,WSM,WSM,Samoa,road-traffic-mortality,SH.STA.TRAF.P5,Road traffic mortality,13,"deaths per 100,000 population",2019,2,latest_common_year,world-bank-who-mortality-context,snapshot.world-bank-who-mortality-context.2026-07-14,World Health Organization estimate via World Bank Indicators API; observation year 2019,2026-07-14T12:47:02Z,cc-by-4.0,https://creativecommons.org/licenses/by/4.0/,low,"Mortality is a severe-outcome context proxy. It does not measure pain intensity, duration, prevalence, disability, non-fatal suffering, or total welfare burden."
painmap-human-mortality-context-v1:WSM:suicide-mortality:2019,WSM,WSM,Samoa,suicide-mortality,SH.STA.SUIC.P5,Suicide mortality,12.9,"deaths per 100,000 population",2019,3,latest_common_year,world-bank-who-mortality-context,snapshot.world-bank-who-mortality-context.2026-07-14,World Health Organization estimate via World Bank Indicators API; observation year 2019,2026-07-14T12:47:02Z,cc-by-4.0,https://creativecommons.org/licenses/by/4.0/,low,"Mortality is a severe-outcome context proxy. It does not measure pain intensity, duration, prevalence, disability, non-fatal suffering, or total welfare burden."
painmap-human-mortality-context-v1:WSM:unsafe-wash-mortality:2019,WSM,WSM,Samoa,unsafe-wash-mortality,SH.STA.WASH.P5,"Mortality attributed to unsafe water, sanitation and hygiene",8.2,"deaths per 100,000 population",2019,4,latest_common_year,world-bank-who-mortality-context,snapshot.world-bank-who-mortality-context.2026-07-14,World Health Organization estimate via World Bank Indicators API; observation year 2019,2026-07-14T12:47:02Z,cc-by-4.0,https://creativecommons.org/licenses/by/4.0/,low,"Mortality is a severe-outcome context proxy. It does not measure pain intensity, duration, prevalence, disability, non-fatal suffering, or total welfare burden."
painmap-human-mortality-context-v1:SMR:road-traffic-mortality:2016,SMR,SMR,San Marino,road-traffic-mortality,SH.STA.TRAF.P5,Road traffic mortality,0,"deaths per 100,000 population",2016,1,latest_available_mixed_years,world-bank-who-mortality-context,snapshot.world-bank-who-mortality-context.2026-07-14,World Health Organization estimate via World Bank Indicators API; observation year 2016,2026-07-14T12:47:02Z,cc-by-4.0,https://creativecommons.org/licenses/by/4.0/,low,"Mortality is a severe-outcome context proxy. It does not measure pain intensity, duration, prevalence, disability, non-fatal suffering, or total welfare burden."
painmap-human-mortality-context-v1:SAU:air-pollution-mortality:2019,SAU,SAU,Saudi Arabia,air-pollution-mortality,SH.STA.AIRP.P5,Mortality attributed to household and ambient air pollution,91.1,"deaths per 100,000 population",2019,1,latest_common_year,world-bank-who-mortality-context,snapshot.world-bank-who-mortality-context.2026-07-14,World Health Organization estimate via World Bank Indicators API; observation year 2019,2026-07-14T12:47:02Z,cc-by-4.0,https://creativecommons.org/licenses/by/4.0/,low,"Mortality is a severe-outcome context proxy. It does not measure pain intensity, duration, prevalence, disability, non-fatal suffering, or total welfare burden."
painmap-human-mortality-context-v1:SAU:road-traffic-mortality:2019,SAU,SAU,Saudi Arabia,road-traffic-mortality,SH.STA.TRAF.P5,Road traffic mortality,35.9,"deaths per 100,000 population",2019,2,latest_common_year,world-bank-who-mortality-context,snapshot.world-bank-who-mortality-context.2026-07-14,World Health Organization estimate via World Bank Indicators API; observation year 2019,2026-07-14T12:47:02Z,cc-by-4.0,https://creativecommons.org/licenses/by/4.0/,low,"Mortality is a severe-outcome context proxy. It does not measure pain intensity, duration, prevalence, disability, non-fatal suffering, or total welfare burden."
painmap-human-mortality-context-v1:SAU:unsafe-wash-mortality:2019,SAU,SAU,Saudi Arabia,unsafe-wash-mortality,SH.STA.WASH.P5,"Mortality attributed to unsafe water, sanitation and hygiene",1.9,"deaths per 100,000 population",2019,3,latest_common_year,world-bank-who-mortality-context,snapshot.world-bank-who-mortality-context.2026-07-14,World Health Organization estimate via World Bank Indicators API; observation year 2019,2026-07-14T12:47:02Z,cc-by-4.0,https://creativecommons.org/licenses/by/4.0/,low,"Mortality is a severe-outcome context proxy. It does not measure pain intensity, duration, prevalence, disability, non-fatal suffering, or total welfare burden."
painmap-human-mortality-context-v1:SAU:suicide-mortality:2019,SAU,SAU,Saudi Arabia,suicide-mortality,SH.STA.SUIC.P5,Suicide mortality,1.09,"deaths per 100,000 population",2019,4,latest_common_year,world-bank-who-mortality-context,snapshot.world-bank-who-mortality-context.2026-07-14,World Health Organization estimate via World Bank Indicators API; observation year 2019,2026-07-14T12:47:02Z,cc-by-4.0,https://creativecommons.org/licenses/by/4.0/,low,"Mortality is a severe-outcome context proxy. It does not measure pain intensity, duration, prevalence, disability, non-fatal suffering, or total welfare burden."
painmap-human-mortality-context-v1:SEN:air-pollution-mortality:2019,SEN,SEN,Senegal,air-pollution-mortality,SH.STA.AIRP.P5,Mortality attributed to household and ambient air pollution,146.4,"deaths per 100,000 population",2019,1,latest_common_year,world-bank-who-mortality-context,snapshot.world-bank-who-mortality-context.2026-07-14,World Health Organization estimate via World Bank Indicators API; observation year 2019,2026-07-14T12:47:02Z,cc-by-4.0,https://creativecommons.org/licenses/by/4.0/,low,"Mortality is a severe-outcome context proxy. It does not measure pain intensity, duration, prevalence, disability, non-fatal suffering, or total welfare burden."
painmap-human-mortality-context-v1:SEN:unsafe-wash-mortality:2019,SEN,SEN,Senegal,unsafe-wash-mortality,SH.STA.WASH.P5,"Mortality attributed to unsafe water, sanitation and hygiene",31.7,"deaths per 100,000 population",2019,2,latest_common_year,world-bank-who-mortality-context,snapshot.world-bank-who-mortality-context.2026-07-14,World Health Organization estimate via World Bank Indicators API; observation year 2019,2026-07-14T12:47:02Z,cc-by-4.0,https://creativecommons.org/licenses/by/4.0/,low,"Mortality is a severe-outcome context proxy. It does not measure pain intensity, duration, prevalence, disability, non-fatal suffering, or total welfare burden."
painmap-human-mortality-context-v1:SEN:road-traffic-mortality:2019,SEN,SEN,Senegal,road-traffic-mortality,SH.STA.TRAF.P5,Road traffic mortality,23.5,"deaths per 100,000 population",2019,3,latest_common_year,world-bank-who-mortality-context,snapshot.world-bank-who-mortality-context.2026-07-14,World Health Organization estimate via World Bank Indicators API; observation year 2019,2026-07-14T12:47:02Z,cc-by-4.0,https://creativecommons.org/licenses/by/4.0/,low,"Mortality is a severe-outcome context proxy. It does not measure pain intensity, duration, prevalence, disability, non-fatal suffering, or total welfare burden."
painmap-human-mortality-context-v1:SEN:suicide-mortality:2019,SEN,SEN,Senegal,suicide-mortality,SH.STA.SUIC.P5,Suicide mortality,6.98,"deaths per 100,000 population",2019,4,latest_common_year,world-bank-who-mortality-context,snapshot.world-bank-who-mortality-context.2026-07-14,World Health Organization estimate via World Bank Indicators API; observation year 2019,2026-07-14T12:47:02Z,cc-by-4.0,https://creativecommons.org/licenses/by/4.0/,low,"Mortality is a severe-outcome context proxy. It does not measure pain intensity, duration, prevalence, disability, non-fatal suffering, or total welfare burden."
painmap-human-mortality-context-v1:SRB:air-pollution-mortality:2019,SRB,SRB,Serbia,air-pollution-mortality,SH.STA.AIRP.P5,Mortality attributed to household and ambient air pollution,71.5,"deaths per 100,000 population",2019,1,latest_common_year,world-bank-who-mortality-context,snapshot.world-bank-who-mortality-context.2026-07-14,World Health Organization estimate via World Bank Indicators API; observation year 2019,2026-07-14T12:47:02Z,cc-by-4.0,https://creativecommons.org/licenses/by/4.0/,low,"Mortality is a severe-outcome context proxy. It does not measure pain intensity, duration, prevalence, disability, non-fatal suffering, or total welfare burden."
painmap-human-mortality-context-v1:SRB:suicide-mortality:2019,SRB,SRB,Serbia,suicide-mortality,SH.STA.SUIC.P5,Suicide mortality,15.75,"deaths per 100,000 population",2019,2,latest_common_year,world-bank-who-mortality-context,snapshot.world-bank-who-mortality-context.2026-07-14,World Health Organization estimate via World Bank Indicators API; observation year 2019,2026-07-14T12:47:02Z,cc-by-4.0,https://creativecommons.org/licenses/by/4.0/,low,"Mortality is a severe-outcome context proxy. It does not measure pain intensity, duration, prevalence, disability, non-fatal suffering, or total welfare burden."
painmap-human-mortality-context-v1:SRB:road-traffic-mortality:2019,SRB,SRB,Serbia,road-traffic-mortality,SH.STA.TRAF.P5,Road traffic mortality,7.5,"deaths per 100,000 population",2019,3,latest_common_year,world-bank-who-mortality-context,snapshot.world-bank-who-mortality-context.2026-07-14,World Health Organization estimate via World Bank Indicators API; observation year 2019,2026-07-14T12:47:02Z,cc-by-4.0,https://creativecommons.org/licenses/by/4.0/,low,"Mortality is a severe-outcome context proxy. It does not measure pain intensity, duration, prevalence, disability, non-fatal suffering, or total welfare burden."
painmap-human-mortality-context-v1:SRB:unsafe-wash-mortality:2019,SRB,SRB,Serbia,unsafe-wash-mortality,SH.STA.WASH.P5,"Mortality attributed to unsafe water, sanitation and hygiene",3.9,"deaths per 100,000 population",2019,4,latest_common_year,world-bank-who-mortality-context,snapshot.world-bank-who-mortality-context.2026-07-14,World Health Organization estimate via World Bank Indicators API; observation year 2019,2026-07-14T12:47:02Z,cc-by-4.0,https://creativecommons.org/licenses/by/4.0/,low,"Mortality is a severe-outcome context proxy. It does not measure pain intensity, duration, prevalence, disability, non-fatal suffering, or total welfare burden."
painmap-human-mortality-context-v1:SYC:air-pollution-mortality:2019,SYC,SYC,Seychelles,air-pollution-mortality,SH.STA.AIRP.P5,Mortality attributed to household and ambient air pollution,43.1,"deaths per 100,000 population",2019,1,latest_common_year,world-bank-who-mortality-context,snapshot.world-bank-who-mortality-context.2026-07-14,World Health Organization estimate via World Bank Indicators API; observation year 2019,2026-07-14T12:47:02Z,cc-by-4.0,https://creativecommons.org/licenses/by/4.0/,low,"Mortality is a severe-outcome context proxy. It does not measure pain intensity, duration, prevalence, disability, non-fatal suffering, or total welfare burden."
painmap-human-mortality-context-v1:SYC:road-traffic-mortality:2019,SYC,SYC,Seychelles,road-traffic-mortality,SH.STA.TRAF.P5,Road traffic mortality,11.3,"deaths per 100,000 population",2019,2,latest_common_year,world-bank-who-mortality-context,snapshot.world-bank-who-mortality-context.2026-07-14,World Health Organization estimate via World Bank Indicators API; observation year 2019,2026-07-14T12:47:02Z,cc-by-4.0,https://creativecommons.org/licenses/by/4.0/,low,"Mortality is a severe-outcome context proxy. It does not measure pain intensity, duration, prevalence, disability, non-fatal suffering, or total welfare burden."
painmap-human-mortality-context-v1:SYC:unsafe-wash-mortality:2019,SYC,SYC,Seychelles,unsafe-wash-mortality,SH.STA.WASH.P5,"Mortality attributed to unsafe water, sanitation and hygiene",8.4,"deaths per 100,000 population",2019,3,latest_common_year,world-bank-who-mortality-context,snapshot.world-bank-who-mortality-context.2026-07-14,World Health Organization estimate via World Bank Indicators API; observation year 2019,2026-07-14T12:47:02Z,cc-by-4.0,https://creativecommons.org/licenses/by/4.0/,low,"Mortality is a severe-outcome context proxy. It does not measure pain intensity, duration, prevalence, disability, non-fatal suffering, or total welfare burden."
painmap-human-mortality-context-v1:SYC:suicide-mortality:2019,SYC,SYC,Seychelles,suicide-mortality,SH.STA.SUIC.P5,Suicide mortality,7.96,"deaths per 100,000 population",2019,4,latest_common_year,world-bank-who-mortality-context,snapshot.world-bank-who-mortality-context.2026-07-14,World Health Organization estimate via World Bank Indicators API; observation year 2019,2026-07-14T12:47:02Z,cc-by-4.0,https://creativecommons.org/licenses/by/4.0/,low,"Mortality is a severe-outcome context proxy. It does not measure pain intensity, duration, prevalence, disability, non-fatal suffering, or total welfare burden."
painmap-human-mortality-context-v1:SLE:air-pollution-mortality:2019,SLE,SLE,Sierra Leone,air-pollution-mortality,SH.STA.AIRP.P5,Mortality attributed to household and ambient air pollution,239,"deaths per 100,000 population",2019,1,latest_common_year,world-bank-who-mortality-context,snapshot.world-bank-who-mortality-context.2026-07-14,World Health Organization estimate via World Bank Indicators API; observation year 2019,2026-07-14T12:47:02Z,cc-by-4.0,https://creativecommons.org/licenses/by/4.0/,low,"Mortality is a severe-outcome context proxy. It does not measure pain intensity, duration, prevalence, disability, non-fatal suffering, or total welfare burden."
painmap-human-mortality-context-v1:SLE:unsafe-wash-mortality:2019,SLE,SLE,Sierra Leone,unsafe-wash-mortality,SH.STA.WASH.P5,"Mortality attributed to unsafe water, sanitation and hygiene",69.5,"deaths per 100,000 population",2019,2,latest_common_year,world-bank-who-mortality-context,snapshot.world-bank-who-mortality-context.2026-07-14,World Health Organization estimate via World Bank Indicators API; observation year 2019,2026-07-14T12:47:02Z,cc-by-4.0,https://creativecommons.org/licenses/by/4.0/,low,"Mortality is a severe-outcome context proxy. It does not measure pain intensity, duration, prevalence, disability, non-fatal suffering, or total welfare burden."
painmap-human-mortality-context-v1:SLE:road-traffic-mortality:2019,SLE,SLE,Sierra Leone,road-traffic-mortality,SH.STA.TRAF.P5,Road traffic mortality,33,"deaths per 100,000 population",2019,3,latest_common_year,world-bank-who-mortality-context,snapshot.world-bank-who-mortality-context.2026-07-14,World Health Organization estimate via World Bank Indicators API; observation year 2019,2026-07-14T12:47:02Z,cc-by-4.0,https://creativecommons.org/licenses/by/4.0/,low,"Mortality is a severe-outcome context proxy. It does not measure pain intensity, duration, prevalence, disability, non-fatal suffering, or total welfare burden."
painmap-human-mortality-context-v1:SLE:suicide-mortality:2019,SLE,SLE,Sierra Leone,suicide-mortality,SH.STA.SUIC.P5,Suicide mortality,6.14,"deaths per 100,000 population",2019,4,latest_common_year,world-bank-who-mortality-context,snapshot.world-bank-who-mortality-context.2026-07-14,World Health Organization estimate via World Bank Indicators API; observation year 2019,2026-07-14T12:47:02Z,cc-by-4.0,https://creativecommons.org/licenses/by/4.0/,low,"Mortality is a severe-outcome context proxy. It does not measure pain intensity, duration, prevalence, disability, non-fatal suffering, or total welfare burden."
painmap-human-mortality-context-v1:SGP:air-pollution-mortality:2019,SGP,SGP,Singapore,air-pollution-mortality,SH.STA.AIRP.P5,Mortality attributed to household and ambient air pollution,23.4,"deaths per 100,000 population",2019,1,latest_common_year,world-bank-who-mortality-context,snapshot.world-bank-who-mortality-context.2026-07-14,World Health Organization estimate via World Bank Indicators API; observation year 2019,2026-07-14T12:47:02Z,cc-by-4.0,https://creativecommons.org/licenses/by/4.0/,low,"Mortality is a severe-outcome context proxy. It does not measure pain intensity, duration, prevalence, disability, non-fatal suffering, or total welfare burden."
painmap-human-mortality-context-v1:SGP:unsafe-wash-mortality:2019,SGP,SGP,Singapore,unsafe-wash-mortality,SH.STA.WASH.P5,"Mortality attributed to unsafe water, sanitation and hygiene",8.5,"deaths per 100,000 population",2019,2,latest_common_year,world-bank-who-mortality-context,snapshot.world-bank-who-mortality-context.2026-07-14,World Health Organization estimate via World Bank Indicators API; observation year 2019,2026-07-14T12:47:02Z,cc-by-4.0,https://creativecommons.org/licenses/by/4.0/,low,"Mortality is a severe-outcome context proxy. It does not measure pain intensity, duration, prevalence, disability, non-fatal suffering, or total welfare burden."
painmap-human-mortality-context-v1:SGP:suicide-mortality:2019,SGP,SGP,Singapore,suicide-mortality,SH.STA.SUIC.P5,Suicide mortality,8.42,"deaths per 100,000 population",2019,3,latest_common_year,world-bank-who-mortality-context,snapshot.world-bank-who-mortality-context.2026-07-14,World Health Organization estimate via World Bank Indicators API; observation year 2019,2026-07-14T12:47:02Z,cc-by-4.0,https://creativecommons.org/licenses/by/4.0/,low,"Mortality is a severe-outcome context proxy. It does not measure pain intensity, duration, prevalence, disability, non-fatal suffering, or total welfare burden."
painmap-human-mortality-context-v1:SGP:road-traffic-mortality:2019,SGP,SGP,Singapore,road-traffic-mortality,SH.STA.TRAF.P5,Road traffic mortality,2.1,"deaths per 100,000 population",2019,4,latest_common_year,world-bank-who-mortality-context,snapshot.world-bank-who-mortality-context.2026-07-14,World Health Organization estimate via World Bank Indicators API; observation year 2019,2026-07-14T12:47:02Z,cc-by-4.0,https://creativecommons.org/licenses/by/4.0/,low,"Mortality is a severe-outcome context proxy. It does not measure pain intensity, duration, prevalence, disability, non-fatal suffering, or total welfare burden."
painmap-human-mortality-context-v1:SVK:air-pollution-mortality:2019,SVK,SVK,Slovakia,air-pollution-mortality,SH.STA.AIRP.P5,Mortality attributed to household and ambient air pollution,30.3,"deaths per 100,000 population",2019,1,latest_common_year,world-bank-who-mortality-context,snapshot.world-bank-who-mortality-context.2026-07-14,World Health Organization estimate via World Bank Indicators API; observation year 2019,2026-07-14T12:47:02Z,cc-by-4.0,https://creativecommons.org/licenses/by/4.0/,low,"Mortality is a severe-outcome context proxy. It does not measure pain intensity, duration, prevalence, disability, non-fatal suffering, or total welfare burden."
painmap-human-mortality-context-v1:SVK:suicide-mortality:2019,SVK,SVK,Slovakia,suicide-mortality,SH.STA.SUIC.P5,Suicide mortality,9.02,"deaths per 100,000 population",2019,2,latest_common_year,world-bank-who-mortality-context,snapshot.world-bank-who-mortality-context.2026-07-14,World Health Organization estimate via World Bank Indicators API; observation year 2019,2026-07-14T12:47:02Z,cc-by-4.0,https://creativecommons.org/licenses/by/4.0/,low,"Mortality is a severe-outcome context proxy. It does not measure pain intensity, duration, prevalence, disability, non-fatal suffering, or total welfare burden."
painmap-human-mortality-context-v1:SVK:road-traffic-mortality:2019,SVK,SVK,Slovakia,road-traffic-mortality,SH.STA.TRAF.P5,Road traffic mortality,6.1,"deaths per 100,000 population",2019,3,latest_common_year,world-bank-who-mortality-context,snapshot.world-bank-who-mortality-context.2026-07-14,World Health Organization estimate via World Bank Indicators API; observation year 2019,2026-07-14T12:47:02Z,cc-by-4.0,https://creativecommons.org/licenses/by/4.0/,low,"Mortality is a severe-outcome context proxy. It does not measure pain intensity, duration, prevalence, disability, non-fatal suffering, or total welfare burden."
painmap-human-mortality-context-v1:SVK:unsafe-wash-mortality:2019,SVK,SVK,Slovakia,unsafe-wash-mortality,SH.STA.WASH.P5,"Mortality attributed to unsafe water, sanitation and hygiene",3.6,"deaths per 100,000 population",2019,4,latest_common_year,world-bank-who-mortality-context,snapshot.world-bank-who-mortality-context.2026-07-14,World Health Organization estimate via World Bank Indicators API; observation year 2019,2026-07-14T12:47:02Z,cc-by-4.0,https://creativecommons.org/licenses/by/4.0/,low,"Mortality is a severe-outcome context proxy. It does not measure pain intensity, duration, prevalence, disability, non-fatal suffering, or total welfare burden."
painmap-human-mortality-context-v1:SVN:suicide-mortality:2019,SVN,SVN,Slovenia,suicide-mortality,SH.STA.SUIC.P5,Suicide mortality,19.34,"deaths per 100,000 population",2019,1,latest_common_year,world-bank-who-mortality-context,snapshot.world-bank-who-mortality-context.2026-07-14,World Health Organization estimate via World Bank Indicators API; observation year 2019,2026-07-14T12:47:02Z,cc-by-4.0,https://creativecommons.org/licenses/by/4.0/,low,"Mortality is a severe-outcome context proxy. It does not measure pain intensity, duration, prevalence, disability, non-fatal suffering, or total welfare burden."
painmap-human-mortality-context-v1:SVN:air-pollution-mortality:2019,SVN,SVN,Slovenia,air-pollution-mortality,SH.STA.AIRP.P5,Mortality attributed to household and ambient air pollution,18.8,"deaths per 100,000 population",2019,2,latest_common_year,world-bank-who-mortality-context,snapshot.world-bank-who-mortality-context.2026-07-14,World Health Organization estimate via World Bank Indicators API; observation year 2019,2026-07-14T12:47:02Z,cc-by-4.0,https://creativecommons.org/licenses/by/4.0/,low,"Mortality is a severe-outcome context proxy. It does not measure pain intensity, duration, prevalence, disability, non-fatal suffering, or total welfare burden."
painmap-human-mortality-context-v1:SVN:road-traffic-mortality:2019,SVN,SVN,Slovenia,road-traffic-mortality,SH.STA.TRAF.P5,Road traffic mortality,5.1,"deaths per 100,000 population",2019,3,latest_common_year,world-bank-who-mortality-context,snapshot.world-bank-who-mortality-context.2026-07-14,World Health Organization estimate via World Bank Indicators API; observation year 2019,2026-07-14T12:47:02Z,cc-by-4.0,https://creativecommons.org/licenses/by/4.0/,low,"Mortality is a severe-outcome context proxy. It does not measure pain intensity, duration, prevalence, disability, non-fatal suffering, or total welfare burden."
painmap-human-mortality-context-v1:SVN:unsafe-wash-mortality:2019,SVN,SVN,Slovenia,unsafe-wash-mortality,SH.STA.WASH.P5,"Mortality attributed to unsafe water, sanitation and hygiene",1.9,"deaths per 100,000 population",2019,4,latest_common_year,world-bank-who-mortality-context,snapshot.world-bank-who-mortality-context.2026-07-14,World Health Organization estimate via World Bank Indicators API; observation year 2019,2026-07-14T12:47:02Z,cc-by-4.0,https://creativecommons.org/licenses/by/4.0/,low,"Mortality is a severe-outcome context proxy. It does not measure pain intensity, duration, prevalence, disability, non-fatal suffering, or total welfare burden."
painmap-human-mortality-context-v1:SLB:air-pollution-mortality:2019,SLB,SLB,Solomon Islands,air-pollution-mortality,SH.STA.AIRP.P5,Mortality attributed to household and ambient air pollution,281.2,"deaths per 100,000 population",2019,1,latest_common_year,world-bank-who-mortality-context,snapshot.world-bank-who-mortality-context.2026-07-14,World Health Organization estimate via World Bank Indicators API; observation year 2019,2026-07-14T12:47:02Z,cc-by-4.0,https://creativecommons.org/licenses/by/4.0/,low,"Mortality is a severe-outcome context proxy. It does not measure pain intensity, duration, prevalence, disability, non-fatal suffering, or total welfare burden."
painmap-human-mortality-context-v1:SLB:unsafe-wash-mortality:2019,SLB,SLB,Solomon Islands,unsafe-wash-mortality,SH.STA.WASH.P5,"Mortality attributed to unsafe water, sanitation and hygiene",32.7,"deaths per 100,000 population",2019,2,latest_common_year,world-bank-who-mortality-context,snapshot.world-bank-who-mortality-context.2026-07-14,World Health Organization estimate via World Bank Indicators API; observation year 2019,2026-07-14T12:47:02Z,cc-by-4.0,https://creativecommons.org/licenses/by/4.0/,low,"Mortality is a severe-outcome context proxy. It does not measure pain intensity, duration, prevalence, disability, non-fatal suffering, or total welfare burden."
painmap-human-mortality-context-v1:SLB:suicide-mortality:2019,SLB,SLB,Solomon Islands,suicide-mortality,SH.STA.SUIC.P5,Suicide mortality,20.43,"deaths per 100,000 population",2019,3,latest_common_year,world-bank-who-mortality-context,snapshot.world-bank-who-mortality-context.2026-07-14,World Health Organization estimate via World Bank Indicators API; observation year 2019,2026-07-14T12:47:02Z,cc-by-4.0,https://creativecommons.org/licenses/by/4.0/,low,"Mortality is a severe-outcome context proxy. It does not measure pain intensity, duration, prevalence, disability, non-fatal suffering, or total welfare burden."
painmap-human-mortality-context-v1:SLB:road-traffic-mortality:2019,SLB,SLB,Solomon Islands,road-traffic-mortality,SH.STA.TRAF.P5,Road traffic mortality,16.5,"deaths per 100,000 population",2019,4,latest_common_year,world-bank-who-mortality-context,snapshot.world-bank-who-mortality-context.2026-07-14,World Health Organization estimate via World Bank Indicators API; observation year 2019,2026-07-14T12:47:02Z,cc-by-4.0,https://creativecommons.org/licenses/by/4.0/,low,"Mortality is a severe-outcome context proxy. It does not measure pain intensity, duration, prevalence, disability, non-fatal suffering, or total welfare burden."
painmap-human-mortality-context-v1:SOM:air-pollution-mortality:2019,SOM,SOM,Somalia,air-pollution-mortality,SH.STA.AIRP.P5,Mortality attributed to household and ambient air pollution,237.9,"deaths per 100,000 population",2019,1,latest_common_year,world-bank-who-mortality-context,snapshot.world-bank-who-mortality-context.2026-07-14,World Health Organization estimate via World Bank Indicators API; observation year 2019,2026-07-14T12:47:02Z,cc-by-4.0,https://creativecommons.org/licenses/by/4.0/,low,"Mortality is a severe-outcome context proxy. It does not measure pain intensity, duration, prevalence, disability, non-fatal suffering, or total welfare burden."
painmap-human-mortality-context-v1:SOM:unsafe-wash-mortality:2019,SOM,SOM,Somalia,unsafe-wash-mortality,SH.STA.WASH.P5,"Mortality attributed to unsafe water, sanitation and hygiene",99.2,"deaths per 100,000 population",2019,2,latest_common_year,world-bank-who-mortality-context,snapshot.world-bank-who-mortality-context.2026-07-14,World Health Organization estimate via World Bank Indicators API; observation year 2019,2026-07-14T12:47:02Z,cc-by-4.0,https://creativecommons.org/licenses/by/4.0/,low,"Mortality is a severe-outcome context proxy. It does not measure pain intensity, duration, prevalence, disability, non-fatal suffering, or total welfare burden."
painmap-human-mortality-context-v1:SOM:road-traffic-mortality:2019,SOM,SOM,Somalia,road-traffic-mortality,SH.STA.TRAF.P5,Road traffic mortality,27.4,"deaths per 100,000 population",2019,3,latest_common_year,world-bank-who-mortality-context,snapshot.world-bank-who-mortality-context.2026-07-14,World Health Organization estimate via World Bank Indicators API; observation year 2019,2026-07-14T12:47:02Z,cc-by-4.0,https://creativecommons.org/licenses/by/4.0/,low,"Mortality is a severe-outcome context proxy. It does not measure pain intensity, duration, prevalence, disability, non-fatal suffering, or total welfare burden."
painmap-human-mortality-context-v1:SOM:suicide-mortality:2019,SOM,SOM,Somalia,suicide-mortality,SH.STA.SUIC.P5,Suicide mortality,7.92,"deaths per 100,000 population",2019,4,latest_common_year,world-bank-who-mortality-context,snapshot.world-bank-who-mortality-context.2026-07-14,World Health Organization estimate via World Bank Indicators API; observation year 2019,2026-07-14T12:47:02Z,cc-by-4.0,https://creativecommons.org/licenses/by/4.0/,low,"Mortality is a severe-outcome context proxy. It does not measure pain intensity, duration, prevalence, disability, non-fatal suffering, or total welfare burden."
painmap-human-mortality-context-v1:ZAF:air-pollution-mortality:2019,ZAF,ZAF,South Africa,air-pollution-mortality,SH.STA.AIRP.P5,Mortality attributed to household and ambient air pollution,74.9,"deaths per 100,000 population",2019,1,latest_common_year,world-bank-who-mortality-context,snapshot.world-bank-who-mortality-context.2026-07-14,World Health Organization estimate via World Bank Indicators API; observation year 2019,2026-07-14T12:47:02Z,cc-by-4.0,https://creativecommons.org/licenses/by/4.0/,low,"Mortality is a severe-outcome context proxy. It does not measure pain intensity, duration, prevalence, disability, non-fatal suffering, or total welfare burden."
painmap-human-mortality-context-v1:ZAF:unsafe-wash-mortality:2019,ZAF,ZAF,South Africa,unsafe-wash-mortality,SH.STA.WASH.P5,"Mortality attributed to unsafe water, sanitation and hygiene",27.6,"deaths per 100,000 population",2019,2,latest_common_year,world-bank-who-mortality-context,snapshot.world-bank-who-mortality-context.2026-07-14,World Health Organization estimate via World Bank Indicators API; observation year 2019,2026-07-14T12:47:02Z,cc-by-4.0,https://creativecommons.org/licenses/by/4.0/,low,"Mortality is a severe-outcome context proxy. It does not measure pain intensity, duration, prevalence, disability, non-fatal suffering, or total welfare burden."
painmap-human-mortality-context-v1:ZAF:road-traffic-mortality:2019,ZAF,ZAF,South Africa,road-traffic-mortality,SH.STA.TRAF.P5,Road traffic mortality,22.2,"deaths per 100,000 population",2019,3,latest_common_year,world-bank-who-mortality-context,snapshot.world-bank-who-mortality-context.2026-07-14,World Health Organization estimate via World Bank Indicators API; observation year 2019,2026-07-14T12:47:02Z,cc-by-4.0,https://creativecommons.org/licenses/by/4.0/,low,"Mortality is a severe-outcome context proxy. It does not measure pain intensity, duration, prevalence, disability, non-fatal suffering, or total welfare burden."
painmap-human-mortality-context-v1:ZAF:suicide-mortality:2019,ZAF,ZAF,South Africa,suicide-mortality,SH.STA.SUIC.P5,Suicide mortality,20.14,"deaths per 100,000 population",2019,4,latest_common_year,world-bank-who-mortality-context,snapshot.world-bank-who-mortality-context.2026-07-14,World Health Organization estimate via World Bank Indicators API; observation year 2019,2026-07-14T12:47:02Z,cc-by-4.0,https://creativecommons.org/licenses/by/4.0/,low,"Mortality is a severe-outcome context proxy. It does not measure pain intensity, duration, prevalence, disability, non-fatal suffering, or total welfare burden."
painmap-human-mortality-context-v1:KOR:suicide-mortality:2019,KOR,KOR,South Korea,suicide-mortality,SH.STA.SUIC.P5,Suicide mortality,28.44,"deaths per 100,000 population",2019,1,latest_common_year,world-bank-who-mortality-context,snapshot.world-bank-who-mortality-context.2026-07-14,World Health Organization estimate via World Bank Indicators API; observation year 2019,2026-07-14T12:47:02Z,cc-by-4.0,https://creativecommons.org/licenses/by/4.0/,low,"Mortality is a severe-outcome context proxy. It does not measure pain intensity, duration, prevalence, disability, non-fatal suffering, or total welfare burden."
painmap-human-mortality-context-v1:KOR:air-pollution-mortality:2019,KOR,KOR,South Korea,air-pollution-mortality,SH.STA.AIRP.P5,Mortality attributed to household and ambient air pollution,18.9,"deaths per 100,000 population",2019,2,latest_common_year,world-bank-who-mortality-context,snapshot.world-bank-who-mortality-context.2026-07-14,World Health Organization estimate via World Bank Indicators API; observation year 2019,2026-07-14T12:47:02Z,cc-by-4.0,https://creativecommons.org/licenses/by/4.0/,low,"Mortality is a severe-outcome context proxy. It does not measure pain intensity, duration, prevalence, disability, non-fatal suffering, or total welfare burden."
painmap-human-mortality-context-v1:KOR:road-traffic-mortality:2019,KOR,KOR,South Korea,road-traffic-mortality,SH.STA.TRAF.P5,Road traffic mortality,8.6,"deaths per 100,000 population",2019,3,latest_common_year,world-bank-who-mortality-context,snapshot.world-bank-who-mortality-context.2026-07-14,World Health Organization estimate via World Bank Indicators API; observation year 2019,2026-07-14T12:47:02Z,cc-by-4.0,https://creativecommons.org/licenses/by/4.0/,low,"Mortality is a severe-outcome context proxy. It does not measure pain intensity, duration, prevalence, disability, non-fatal suffering, or total welfare burden."
painmap-human-mortality-context-v1:KOR:unsafe-wash-mortality:2019,KOR,KOR,South Korea,unsafe-wash-mortality,SH.STA.WASH.P5,"Mortality attributed to unsafe water, sanitation and hygiene",5.2,"deaths per 100,000 population",2019,4,latest_common_year,world-bank-who-mortality-context,snapshot.world-bank-who-mortality-context.2026-07-14,World Health Organization estimate via World Bank Indicators API; observation year 2019,2026-07-14T12:47:02Z,cc-by-4.0,https://creativecommons.org/licenses/by/4.0/,low,"Mortality is a severe-outcome context proxy. It does not measure pain intensity, duration, prevalence, disability, non-fatal suffering, or total welfare burden."
painmap-human-mortality-context-v1:SSD:air-pollution-mortality:2019,SSD,SSD,South Sudan,air-pollution-mortality,SH.STA.AIRP.P5,Mortality attributed to household and ambient air pollution,134.5,"deaths per 100,000 population",2019,1,latest_common_year,world-bank-who-mortality-context,snapshot.world-bank-who-mortality-context.2026-07-14,World Health Organization estimate via World Bank Indicators API; observation year 2019,2026-07-14T12:47:02Z,cc-by-4.0,https://creativecommons.org/licenses/by/4.0/,low,"Mortality is a severe-outcome context proxy. It does not measure pain intensity, duration, prevalence, disability, non-fatal suffering, or total welfare burden."
painmap-human-mortality-context-v1:SSD:unsafe-wash-mortality:2019,SSD,SSD,South Sudan,unsafe-wash-mortality,SH.STA.WASH.P5,"Mortality attributed to unsafe water, sanitation and hygiene",68.1,"deaths per 100,000 population",2019,2,latest_common_year,world-bank-who-mortality-context,snapshot.world-bank-who-mortality-context.2026-07-14,World Health Organization estimate via World Bank Indicators API; observation year 2019,2026-07-14T12:47:02Z,cc-by-4.0,https://creativecommons.org/licenses/by/4.0/,low,"Mortality is a severe-outcome context proxy. It does not measure pain intensity, duration, prevalence, disability, non-fatal suffering, or total welfare burden."
painmap-human-mortality-context-v1:SSD:road-traffic-mortality:2019,SSD,SSD,South Sudan,road-traffic-mortality,SH.STA.TRAF.P5,Road traffic mortality,36.7,"deaths per 100,000 population",2019,3,latest_common_year,world-bank-who-mortality-context,snapshot.world-bank-who-mortality-context.2026-07-14,World Health Organization estimate via World Bank Indicators API; observation year 2019,2026-07-14T12:47:02Z,cc-by-4.0,https://creativecommons.org/licenses/by/4.0/,low,"Mortality is a severe-outcome context proxy. It does not measure pain intensity, duration, prevalence, disability, non-fatal suffering, or total welfare burden."
painmap-human-mortality-context-v1:SSD:suicide-mortality:2019,SSD,SSD,South Sudan,suicide-mortality,SH.STA.SUIC.P5,Suicide mortality,7.25,"deaths per 100,000 population",2019,4,latest_common_year,world-bank-who-mortality-context,snapshot.world-bank-who-mortality-context.2026-07-14,World Health Organization estimate via World Bank Indicators API; observation year 2019,2026-07-14T12:47:02Z,cc-by-4.0,https://creativecommons.org/licenses/by/4.0/,low,"Mortality is a severe-outcome context proxy. It does not measure pain intensity, duration, prevalence, disability, non-fatal suffering, or total welfare burden."
painmap-human-mortality-context-v1:ESP:air-pollution-mortality:2019,ESP,ESP,Spain,air-pollution-mortality,SH.STA.AIRP.P5,Mortality attributed to household and ambient air pollution,10.1,"deaths per 100,000 population",2019,1,latest_common_year,world-bank-who-mortality-context,snapshot.world-bank-who-mortality-context.2026-07-14,World Health Organization estimate via World Bank Indicators API; observation year 2019,2026-07-14T12:47:02Z,cc-by-4.0,https://creativecommons.org/licenses/by/4.0/,low,"Mortality is a severe-outcome context proxy. It does not measure pain intensity, duration, prevalence, disability, non-fatal suffering, or total welfare burden."
painmap-human-mortality-context-v1:ESP:suicide-mortality:2019,ESP,ESP,Spain,suicide-mortality,SH.STA.SUIC.P5,Suicide mortality,8.1,"deaths per 100,000 population",2019,2,latest_common_year,world-bank-who-mortality-context,snapshot.world-bank-who-mortality-context.2026-07-14,World Health Organization estimate via World Bank Indicators API; observation year 2019,2026-07-14T12:47:02Z,cc-by-4.0,https://creativecommons.org/licenses/by/4.0/,low,"Mortality is a severe-outcome context proxy. It does not measure pain intensity, duration, prevalence, disability, non-fatal suffering, or total welfare burden."
painmap-human-mortality-context-v1:ESP:road-traffic-mortality:2019,ESP,ESP,Spain,road-traffic-mortality,SH.STA.TRAF.P5,Road traffic mortality,3.9,"deaths per 100,000 population",2019,3,latest_common_year,world-bank-who-mortality-context,snapshot.world-bank-who-mortality-context.2026-07-14,World Health Organization estimate via World Bank Indicators API; observation year 2019,2026-07-14T12:47:02Z,cc-by-4.0,https://creativecommons.org/licenses/by/4.0/,low,"Mortality is a severe-outcome context proxy. It does not measure pain intensity, duration, prevalence, disability, non-fatal suffering, or total welfare burden."
painmap-human-mortality-context-v1:ESP:unsafe-wash-mortality:2019,ESP,ESP,Spain,unsafe-wash-mortality,SH.STA.WASH.P5,"Mortality attributed to unsafe water, sanitation and hygiene",3.2,"deaths per 100,000 population",2019,4,latest_common_year,world-bank-who-mortality-context,snapshot.world-bank-who-mortality-context.2026-07-14,World Health Organization estimate via World Bank Indicators API; observation year 2019,2026-07-14T12:47:02Z,cc-by-4.0,https://creativecommons.org/licenses/by/4.0/,low,"Mortality is a severe-outcome context proxy. It does not measure pain intensity, duration, prevalence, disability, non-fatal suffering, or total welfare burden."
painmap-human-mortality-context-v1:LKA:air-pollution-mortality:2019,LKA,LKA,Sri Lanka,air-pollution-mortality,SH.STA.AIRP.P5,Mortality attributed to household and ambient air pollution,91.6,"deaths per 100,000 population",2019,1,latest_common_year,world-bank-who-mortality-context,snapshot.world-bank-who-mortality-context.2026-07-14,World Health Organization estimate via World Bank Indicators API; observation year 2019,2026-07-14T12:47:02Z,cc-by-4.0,https://creativecommons.org/licenses/by/4.0/,low,"Mortality is a severe-outcome context proxy. It does not measure pain intensity, duration, prevalence, disability, non-fatal suffering, or total welfare burden."
painmap-human-mortality-context-v1:LKA:road-traffic-mortality:2019,LKA,LKA,Sri Lanka,road-traffic-mortality,SH.STA.TRAF.P5,Road traffic mortality,19.7,"deaths per 100,000 population",2019,2,latest_common_year,world-bank-who-mortality-context,snapshot.world-bank-who-mortality-context.2026-07-14,World Health Organization estimate via World Bank Indicators API; observation year 2019,2026-07-14T12:47:02Z,cc-by-4.0,https://creativecommons.org/licenses/by/4.0/,low,"Mortality is a severe-outcome context proxy. It does not measure pain intensity, duration, prevalence, disability, non-fatal suffering, or total welfare burden."
painmap-human-mortality-context-v1:LKA:suicide-mortality:2019,LKA,LKA,Sri Lanka,suicide-mortality,SH.STA.SUIC.P5,Suicide mortality,15.94,"deaths per 100,000 population",2019,3,latest_common_year,world-bank-who-mortality-context,snapshot.world-bank-who-mortality-context.2026-07-14,World Health Organization estimate via World Bank Indicators API; observation year 2019,2026-07-14T12:47:02Z,cc-by-4.0,https://creativecommons.org/licenses/by/4.0/,low,"Mortality is a severe-outcome context proxy. It does not measure pain intensity, duration, prevalence, disability, non-fatal suffering, or total welfare burden."
painmap-human-mortality-context-v1:LKA:unsafe-wash-mortality:2019,LKA,LKA,Sri Lanka,unsafe-wash-mortality,SH.STA.WASH.P5,"Mortality attributed to unsafe water, sanitation and hygiene",4.8,"deaths per 100,000 population",2019,4,latest_common_year,world-bank-who-mortality-context,snapshot.world-bank-who-mortality-context.2026-07-14,World Health Organization estimate via World Bank Indicators API; observation year 2019,2026-07-14T12:47:02Z,cc-by-4.0,https://creativecommons.org/licenses/by/4.0/,low,"Mortality is a severe-outcome context proxy. It does not measure pain intensity, duration, prevalence, disability, non-fatal suffering, or total welfare burden."
painmap-human-mortality-context-v1:SDN:air-pollution-mortality:2019,SDN,SDN,Sudan,air-pollution-mortality,SH.STA.AIRP.P5,Mortality attributed to household and ambient air pollution,145.3,"deaths per 100,000 population",2019,1,latest_common_year,world-bank-who-mortality-context,snapshot.world-bank-who-mortality-context.2026-07-14,World Health Organization estimate via World Bank Indicators API; observation year 2019,2026-07-14T12:47:02Z,cc-by-4.0,https://creativecommons.org/licenses/by/4.0/,low,"Mortality is a severe-outcome context proxy. It does not measure pain intensity, duration, prevalence, disability, non-fatal suffering, or total welfare burden."
painmap-human-mortality-context-v1:SDN:road-traffic-mortality:2019,SDN,SDN,Sudan,road-traffic-mortality,SH.STA.TRAF.P5,Road traffic mortality,26.8,"deaths per 100,000 population",2019,2,latest_common_year,world-bank-who-mortality-context,snapshot.world-bank-who-mortality-context.2026-07-14,World Health Organization estimate via World Bank Indicators API; observation year 2019,2026-07-14T12:47:02Z,cc-by-4.0,https://creativecommons.org/licenses/by/4.0/,low,"Mortality is a severe-outcome context proxy. It does not measure pain intensity, duration, prevalence, disability, non-fatal suffering, or total welfare burden."
painmap-human-mortality-context-v1:SDN:unsafe-wash-mortality:2019,SDN,SDN,Sudan,unsafe-wash-mortality,SH.STA.WASH.P5,"Mortality attributed to unsafe water, sanitation and hygiene",15.8,"deaths per 100,000 population",2019,3,latest_common_year,world-bank-who-mortality-context,snapshot.world-bank-who-mortality-context.2026-07-14,World Health Organization estimate via World Bank Indicators API; observation year 2019,2026-07-14T12:47:02Z,cc-by-4.0,https://creativecommons.org/licenses/by/4.0/,low,"Mortality is a severe-outcome context proxy. It does not measure pain intensity, duration, prevalence, disability, non-fatal suffering, or total welfare burden."
painmap-human-mortality-context-v1:SDN:suicide-mortality:2019,SDN,SDN,Sudan,suicide-mortality,SH.STA.SUIC.P5,Suicide mortality,3.39,"deaths per 100,000 population",2019,4,latest_common_year,world-bank-who-mortality-context,snapshot.world-bank-who-mortality-context.2026-07-14,World Health Organization estimate via World Bank Indicators API; observation year 2019,2026-07-14T12:47:02Z,cc-by-4.0,https://creativecommons.org/licenses/by/4.0/,low,"Mortality is a severe-outcome context proxy. It does not measure pain intensity, duration, prevalence, disability, non-fatal suffering, or total welfare burden."
painmap-human-mortality-context-v1:SUR:air-pollution-mortality:2019,SUR,SUR,Suriname,air-pollution-mortality,SH.STA.AIRP.P5,Mortality attributed to household and ambient air pollution,51,"deaths per 100,000 population",2019,1,latest_common_year,world-bank-who-mortality-context,snapshot.world-bank-who-mortality-context.2026-07-14,World Health Organization estimate via World Bank Indicators API; observation year 2019,2026-07-14T12:47:02Z,cc-by-4.0,https://creativecommons.org/licenses/by/4.0/,low,"Mortality is a severe-outcome context proxy. It does not measure pain intensity, duration, prevalence, disability, non-fatal suffering, or total welfare burden."
painmap-human-mortality-context-v1:SUR:suicide-mortality:2019,SUR,SUR,Suriname,suicide-mortality,SH.STA.SUIC.P5,Suicide mortality,26.32,"deaths per 100,000 population",2019,2,latest_common_year,world-bank-who-mortality-context,snapshot.world-bank-who-mortality-context.2026-07-14,World Health Organization estimate via World Bank Indicators API; observation year 2019,2026-07-14T12:47:02Z,cc-by-4.0,https://creativecommons.org/licenses/by/4.0/,low,"Mortality is a severe-outcome context proxy. It does not measure pain intensity, duration, prevalence, disability, non-fatal suffering, or total welfare burden."
painmap-human-mortality-context-v1:SUR:road-traffic-mortality:2019,SUR,SUR,Suriname,road-traffic-mortality,SH.STA.TRAF.P5,Road traffic mortality,15.3,"deaths per 100,000 population",2019,3,latest_common_year,world-bank-who-mortality-context,snapshot.world-bank-who-mortality-context.2026-07-14,World Health Organization estimate via World Bank Indicators API; observation year 2019,2026-07-14T12:47:02Z,cc-by-4.0,https://creativecommons.org/licenses/by/4.0/,low,"Mortality is a severe-outcome context proxy. It does not measure pain intensity, duration, prevalence, disability, non-fatal suffering, or total welfare burden."
painmap-human-mortality-context-v1:SUR:unsafe-wash-mortality:2019,SUR,SUR,Suriname,unsafe-wash-mortality,SH.STA.WASH.P5,"Mortality attributed to unsafe water, sanitation and hygiene",7.1,"deaths per 100,000 population",2019,4,latest_common_year,world-bank-who-mortality-context,snapshot.world-bank-who-mortality-context.2026-07-14,World Health Organization estimate via World Bank Indicators API; observation year 2019,2026-07-14T12:47:02Z,cc-by-4.0,https://creativecommons.org/licenses/by/4.0/,low,"Mortality is a severe-outcome context proxy. It does not measure pain intensity, duration, prevalence, disability, non-fatal suffering, or total welfare burden."
painmap-human-mortality-context-v1:SWE:suicide-mortality:2019,SWE,SWE,Sweden,suicide-mortality,SH.STA.SUIC.P5,Suicide mortality,14.6,"deaths per 100,000 population",2019,1,latest_common_year,world-bank-who-mortality-context,snapshot.world-bank-who-mortality-context.2026-07-14,World Health Organization estimate via World Bank Indicators API; observation year 2019,2026-07-14T12:47:02Z,cc-by-4.0,https://creativecommons.org/licenses/by/4.0/,low,"Mortality is a severe-outcome context proxy. It does not measure pain intensity, duration, prevalence, disability, non-fatal suffering, or total welfare burden."
painmap-human-mortality-context-v1:SWE:air-pollution-mortality:2019,SWE,SWE,Sweden,air-pollution-mortality,SH.STA.AIRP.P5,Mortality attributed to household and ambient air pollution,8.1,"deaths per 100,000 population",2019,2,latest_common_year,world-bank-who-mortality-context,snapshot.world-bank-who-mortality-context.2026-07-14,World Health Organization estimate via World Bank Indicators API; observation year 2019,2026-07-14T12:47:02Z,cc-by-4.0,https://creativecommons.org/licenses/by/4.0/,low,"Mortality is a severe-outcome context proxy. It does not measure pain intensity, duration, prevalence, disability, non-fatal suffering, or total welfare burden."
painmap-human-mortality-context-v1:SWE:road-traffic-mortality:2019,SWE,SWE,Sweden,road-traffic-mortality,SH.STA.TRAF.P5,Road traffic mortality,3.1,"deaths per 100,000 population",2019,3,latest_common_year,world-bank-who-mortality-context,snapshot.world-bank-who-mortality-context.2026-07-14,World Health Organization estimate via World Bank Indicators API; observation year 2019,2026-07-14T12:47:02Z,cc-by-4.0,https://creativecommons.org/licenses/by/4.0/,low,"Mortality is a severe-outcome context proxy. It does not measure pain intensity, duration, prevalence, disability, non-fatal suffering, or total welfare burden."
painmap-human-mortality-context-v1:SWE:unsafe-wash-mortality:2019,SWE,SWE,Sweden,unsafe-wash-mortality,SH.STA.WASH.P5,"Mortality attributed to unsafe water, sanitation and hygiene",3,"deaths per 100,000 population",2019,4,latest_common_year,world-bank-who-mortality-context,snapshot.world-bank-who-mortality-context.2026-07-14,World Health Organization estimate via World Bank Indicators API; observation year 2019,2026-07-14T12:47:02Z,cc-by-4.0,https://creativecommons.org/licenses/by/4.0/,low,"Mortality is a severe-outcome context proxy. It does not measure pain intensity, duration, prevalence, disability, non-fatal suffering, or total welfare burden."
painmap-human-mortality-context-v1:CHE:suicide-mortality:2019,CHE,CHE,Switzerland,suicide-mortality,SH.STA.SUIC.P5,Suicide mortality,14.23,"deaths per 100,000 population",2019,1,latest_common_year,world-bank-who-mortality-context,snapshot.world-bank-who-mortality-context.2026-07-14,World Health Organization estimate via World Bank Indicators API; observation year 2019,2026-07-14T12:47:02Z,cc-by-4.0,https://creativecommons.org/licenses/by/4.0/,low,"Mortality is a severe-outcome context proxy. It does not measure pain intensity, duration, prevalence, disability, non-fatal suffering, or total welfare burden."
painmap-human-mortality-context-v1:CHE:air-pollution-mortality:2019,CHE,CHE,Switzerland,air-pollution-mortality,SH.STA.AIRP.P5,Mortality attributed to household and ambient air pollution,10.4,"deaths per 100,000 population",2019,2,latest_common_year,world-bank-who-mortality-context,snapshot.world-bank-who-mortality-context.2026-07-14,World Health Organization estimate via World Bank Indicators API; observation year 2019,2026-07-14T12:47:02Z,cc-by-4.0,https://creativecommons.org/licenses/by/4.0/,low,"Mortality is a severe-outcome context proxy. It does not measure pain intensity, duration, prevalence, disability, non-fatal suffering, or total welfare burden."
painmap-human-mortality-context-v1:CHE:unsafe-wash-mortality:2019,CHE,CHE,Switzerland,unsafe-wash-mortality,SH.STA.WASH.P5,"Mortality attributed to unsafe water, sanitation and hygiene",2.5,"deaths per 100,000 population",2019,3,latest_common_year,world-bank-who-mortality-context,snapshot.world-bank-who-mortality-context.2026-07-14,World Health Organization estimate via World Bank Indicators API; observation year 2019,2026-07-14T12:47:02Z,cc-by-4.0,https://creativecommons.org/licenses/by/4.0/,low,"Mortality is a severe-outcome context proxy. It does not measure pain intensity, duration, prevalence, disability, non-fatal suffering, or total welfare burden."
painmap-human-mortality-context-v1:CHE:road-traffic-mortality:2019,CHE,CHE,Switzerland,road-traffic-mortality,SH.STA.TRAF.P5,Road traffic mortality,2.2,"deaths per 100,000 population",2019,4,latest_common_year,world-bank-who-mortality-context,snapshot.world-bank-who-mortality-context.2026-07-14,World Health Organization estimate via World Bank Indicators API; observation year 2019,2026-07-14T12:47:02Z,cc-by-4.0,https://creativecommons.org/licenses/by/4.0/,low,"Mortality is a severe-outcome context proxy. It does not measure pain intensity, duration, prevalence, disability, non-fatal suffering, or total welfare burden."
painmap-human-mortality-context-v1:SYR:air-pollution-mortality:2019,SYR,SYR,Syria,air-pollution-mortality,SH.STA.AIRP.P5,Mortality attributed to household and ambient air pollution,94.5,"deaths per 100,000 population",2019,1,latest_common_year,world-bank-who-mortality-context,snapshot.world-bank-who-mortality-context.2026-07-14,World Health Organization estimate via World Bank Indicators API; observation year 2019,2026-07-14T12:47:02Z,cc-by-4.0,https://creativecommons.org/licenses/by/4.0/,low,"Mortality is a severe-outcome context proxy. It does not measure pain intensity, duration, prevalence, disability, non-fatal suffering, or total welfare burden."
painmap-human-mortality-context-v1:SYR:road-traffic-mortality:2019,SYR,SYR,Syria,road-traffic-mortality,SH.STA.TRAF.P5,Road traffic mortality,14.9,"deaths per 100,000 population",2019,2,latest_common_year,world-bank-who-mortality-context,snapshot.world-bank-who-mortality-context.2026-07-14,World Health Organization estimate via World Bank Indicators API; observation year 2019,2026-07-14T12:47:02Z,cc-by-4.0,https://creativecommons.org/licenses/by/4.0/,low,"Mortality is a severe-outcome context proxy. It does not measure pain intensity, duration, prevalence, disability, non-fatal suffering, or total welfare burden."
painmap-human-mortality-context-v1:SYR:unsafe-wash-mortality:2019,SYR,SYR,Syria,unsafe-wash-mortality,SH.STA.WASH.P5,"Mortality attributed to unsafe water, sanitation and hygiene",9.1,"deaths per 100,000 population",2019,3,latest_common_year,world-bank-who-mortality-context,snapshot.world-bank-who-mortality-context.2026-07-14,World Health Organization estimate via World Bank Indicators API; observation year 2019,2026-07-14T12:47:02Z,cc-by-4.0,https://creativecommons.org/licenses/by/4.0/,low,"Mortality is a severe-outcome context proxy. It does not measure pain intensity, duration, prevalence, disability, non-fatal suffering, or total welfare burden."
painmap-human-mortality-context-v1:SYR:suicide-mortality:2019,SYR,SYR,Syria,suicide-mortality,SH.STA.SUIC.P5,Suicide mortality,0.62,"deaths per 100,000 population",2019,4,latest_common_year,world-bank-who-mortality-context,snapshot.world-bank-who-mortality-context.2026-07-14,World Health Organization estimate via World Bank Indicators API; observation year 2019,2026-07-14T12:47:02Z,cc-by-4.0,https://creativecommons.org/licenses/by/4.0/,low,"Mortality is a severe-outcome context proxy. It does not measure pain intensity, duration, prevalence, disability, non-fatal suffering, or total welfare burden."
painmap-human-mortality-context-v1:STP:air-pollution-mortality:2019,STP,STP,São Tomé and Príncipe,air-pollution-mortality,SH.STA.AIRP.P5,Mortality attributed to household and ambient air pollution,225.4,"deaths per 100,000 population",2019,1,latest_common_year,world-bank-who-mortality-context,snapshot.world-bank-who-mortality-context.2026-07-14,World Health Organization estimate via World Bank Indicators API; observation year 2019,2026-07-14T12:47:02Z,cc-by-4.0,https://creativecommons.org/licenses/by/4.0/,low,"Mortality is a severe-outcome context proxy. It does not measure pain intensity, duration, prevalence, disability, non-fatal suffering, or total welfare burden."
painmap-human-mortality-context-v1:STP:road-traffic-mortality:2019,STP,STP,São Tomé and Príncipe,road-traffic-mortality,SH.STA.TRAF.P5,Road traffic mortality,27.9,"deaths per 100,000 population",2019,2,latest_common_year,world-bank-who-mortality-context,snapshot.world-bank-who-mortality-context.2026-07-14,World Health Organization estimate via World Bank Indicators API; observation year 2019,2026-07-14T12:47:02Z,cc-by-4.0,https://creativecommons.org/licenses/by/4.0/,low,"Mortality is a severe-outcome context proxy. It does not measure pain intensity, duration, prevalence, disability, non-fatal suffering, or total welfare burden."
painmap-human-mortality-context-v1:STP:unsafe-wash-mortality:2019,STP,STP,São Tomé and Príncipe,unsafe-wash-mortality,SH.STA.WASH.P5,"Mortality attributed to unsafe water, sanitation and hygiene",16.7,"deaths per 100,000 population",2019,3,latest_common_year,world-bank-who-mortality-context,snapshot.world-bank-who-mortality-context.2026-07-14,World Health Organization estimate via World Bank Indicators API; observation year 2019,2026-07-14T12:47:02Z,cc-by-4.0,https://creativecommons.org/licenses/by/4.0/,low,"Mortality is a severe-outcome context proxy. It does not measure pain intensity, duration, prevalence, disability, non-fatal suffering, or total welfare burden."
painmap-human-mortality-context-v1:STP:suicide-mortality:2019,STP,STP,São Tomé and Príncipe,suicide-mortality,SH.STA.SUIC.P5,Suicide mortality,0.87,"deaths per 100,000 population",2019,4,latest_common_year,world-bank-who-mortality-context,snapshot.world-bank-who-mortality-context.2026-07-14,World Health Organization estimate via World Bank Indicators API; observation year 2019,2026-07-14T12:47:02Z,cc-by-4.0,https://creativecommons.org/licenses/by/4.0/,low,"Mortality is a severe-outcome context proxy. It does not measure pain intensity, duration, prevalence, disability, non-fatal suffering, or total welfare burden."
painmap-human-mortality-context-v1:TJK:air-pollution-mortality:2019,TJK,TJK,Tajikistan,air-pollution-mortality,SH.STA.AIRP.P5,Mortality attributed to household and ambient air pollution,203.8,"deaths per 100,000 population",2019,1,latest_common_year,world-bank-who-mortality-context,snapshot.world-bank-who-mortality-context.2026-07-14,World Health Organization estimate via World Bank Indicators API; observation year 2019,2026-07-14T12:47:02Z,cc-by-4.0,https://creativecommons.org/licenses/by/4.0/,low,"Mortality is a severe-outcome context proxy. It does not measure pain intensity, duration, prevalence, disability, non-fatal suffering, or total welfare burden."
painmap-human-mortality-context-v1:TJK:road-traffic-mortality:2019,TJK,TJK,Tajikistan,road-traffic-mortality,SH.STA.TRAF.P5,Road traffic mortality,15.7,"deaths per 100,000 population",2019,2,latest_common_year,world-bank-who-mortality-context,snapshot.world-bank-who-mortality-context.2026-07-14,World Health Organization estimate via World Bank Indicators API; observation year 2019,2026-07-14T12:47:02Z,cc-by-4.0,https://creativecommons.org/licenses/by/4.0/,low,"Mortality is a severe-outcome context proxy. It does not measure pain intensity, duration, prevalence, disability, non-fatal suffering, or total welfare burden."
painmap-human-mortality-context-v1:TJK:unsafe-wash-mortality:2019,TJK,TJK,Tajikistan,unsafe-wash-mortality,SH.STA.WASH.P5,"Mortality attributed to unsafe water, sanitation and hygiene",9,"deaths per 100,000 population",2019,3,latest_common_year,world-bank-who-mortality-context,snapshot.world-bank-who-mortality-context.2026-07-14,World Health Organization estimate via World Bank Indicators API; observation year 2019,2026-07-14T12:47:02Z,cc-by-4.0,https://creativecommons.org/licenses/by/4.0/,low,"Mortality is a severe-outcome context proxy. It does not measure pain intensity, duration, prevalence, disability, non-fatal suffering, or total welfare burden."
painmap-human-mortality-context-v1:TJK:suicide-mortality:2019,TJK,TJK,Tajikistan,suicide-mortality,SH.STA.SUIC.P5,Suicide mortality,2.61,"deaths per 100,000 population",2019,4,latest_common_year,world-bank-who-mortality-context,snapshot.world-bank-who-mortality-context.2026-07-14,World Health Organization estimate via World Bank Indicators API; observation year 2019,2026-07-14T12:47:02Z,cc-by-4.0,https://creativecommons.org/licenses/by/4.0/,low,"Mortality is a severe-outcome context proxy. It does not measure pain intensity, duration, prevalence, disability, non-fatal suffering, or total welfare burden."
painmap-human-mortality-context-v1:TZA:air-pollution-mortality:2019,TZA,TZA,Tanzania,air-pollution-mortality,SH.STA.AIRP.P5,Mortality attributed to household and ambient air pollution,128.3,"deaths per 100,000 population",2019,1,latest_common_year,world-bank-who-mortality-context,snapshot.world-bank-who-mortality-context.2026-07-14,World Health Organization estimate via World Bank Indicators API; observation year 2019,2026-07-14T12:47:02Z,cc-by-4.0,https://creativecommons.org/licenses/by/4.0/,low,"Mortality is a severe-outcome context proxy. It does not measure pain intensity, duration, prevalence, disability, non-fatal suffering, or total welfare burden."
painmap-human-mortality-context-v1:TZA:road-traffic-mortality:2019,TZA,TZA,Tanzania,road-traffic-mortality,SH.STA.TRAF.P5,Road traffic mortality,31.1,"deaths per 100,000 population",2019,2,latest_common_year,world-bank-who-mortality-context,snapshot.world-bank-who-mortality-context.2026-07-14,World Health Organization estimate via World Bank Indicators API; observation year 2019,2026-07-14T12:47:02Z,cc-by-4.0,https://creativecommons.org/licenses/by/4.0/,low,"Mortality is a severe-outcome context proxy. It does not measure pain intensity, duration, prevalence, disability, non-fatal suffering, or total welfare burden."
painmap-human-mortality-context-v1:TZA:unsafe-wash-mortality:2019,TZA,TZA,Tanzania,unsafe-wash-mortality,SH.STA.WASH.P5,"Mortality attributed to unsafe water, sanitation and hygiene",30.2,"deaths per 100,000 population",2019,3,latest_common_year,world-bank-who-mortality-context,snapshot.world-bank-who-mortality-context.2026-07-14,World Health Organization estimate via World Bank Indicators API; observation year 2019,2026-07-14T12:47:02Z,cc-by-4.0,https://creativecommons.org/licenses/by/4.0/,low,"Mortality is a severe-outcome context proxy. It does not measure pain intensity, duration, prevalence, disability, non-fatal suffering, or total welfare burden."
painmap-human-mortality-context-v1:TZA:suicide-mortality:2019,TZA,TZA,Tanzania,suicide-mortality,SH.STA.SUIC.P5,Suicide mortality,4.48,"deaths per 100,000 population",2019,4,latest_common_year,world-bank-who-mortality-context,snapshot.world-bank-who-mortality-context.2026-07-14,World Health Organization estimate via World Bank Indicators API; observation year 2019,2026-07-14T12:47:02Z,cc-by-4.0,https://creativecommons.org/licenses/by/4.0/,low,"Mortality is a severe-outcome context proxy. It does not measure pain intensity, duration, prevalence, disability, non-fatal suffering, or total welfare burden."
painmap-human-mortality-context-v1:THA:air-pollution-mortality:2019,THA,THA,Thailand,air-pollution-mortality,SH.STA.AIRP.P5,Mortality attributed to household and ambient air pollution,46.5,"deaths per 100,000 population",2019,1,latest_common_year,world-bank-who-mortality-context,snapshot.world-bank-who-mortality-context.2026-07-14,World Health Organization estimate via World Bank Indicators API; observation year 2019,2026-07-14T12:47:02Z,cc-by-4.0,https://creativecommons.org/licenses/by/4.0/,low,"Mortality is a severe-outcome context proxy. It does not measure pain intensity, duration, prevalence, disability, non-fatal suffering, or total welfare burden."
painmap-human-mortality-context-v1:THA:road-traffic-mortality:2019,THA,THA,Thailand,road-traffic-mortality,SH.STA.TRAF.P5,Road traffic mortality,32.2,"deaths per 100,000 population",2019,2,latest_common_year,world-bank-who-mortality-context,snapshot.world-bank-who-mortality-context.2026-07-14,World Health Organization estimate via World Bank Indicators API; observation year 2019,2026-07-14T12:47:02Z,cc-by-4.0,https://creativecommons.org/licenses/by/4.0/,low,"Mortality is a severe-outcome context proxy. It does not measure pain intensity, duration, prevalence, disability, non-fatal suffering, or total welfare burden."
painmap-human-mortality-context-v1:THA:suicide-mortality:2019,THA,THA,Thailand,suicide-mortality,SH.STA.SUIC.P5,Suicide mortality,13.55,"deaths per 100,000 population",2019,3,latest_common_year,world-bank-who-mortality-context,snapshot.world-bank-who-mortality-context.2026-07-14,World Health Organization estimate via World Bank Indicators API; observation year 2019,2026-07-14T12:47:02Z,cc-by-4.0,https://creativecommons.org/licenses/by/4.0/,low,"Mortality is a severe-outcome context proxy. It does not measure pain intensity, duration, prevalence, disability, non-fatal suffering, or total welfare burden."
painmap-human-mortality-context-v1:THA:unsafe-wash-mortality:2019,THA,THA,Thailand,unsafe-wash-mortality,SH.STA.WASH.P5,"Mortality attributed to unsafe water, sanitation and hygiene",11.8,"deaths per 100,000 population",2019,4,latest_common_year,world-bank-who-mortality-context,snapshot.world-bank-who-mortality-context.2026-07-14,World Health Organization estimate via World Bank Indicators API; observation year 2019,2026-07-14T12:47:02Z,cc-by-4.0,https://creativecommons.org/licenses/by/4.0/,low,"Mortality is a severe-outcome context proxy. It does not measure pain intensity, duration, prevalence, disability, non-fatal suffering, or total welfare burden."
painmap-human-mortality-context-v1:BHS:air-pollution-mortality:2019,BHS,BHS,The Bahamas,air-pollution-mortality,SH.STA.AIRP.P5,Mortality attributed to household and ambient air pollution,10.4,"deaths per 100,000 population",2019,1,latest_common_year,world-bank-who-mortality-context,snapshot.world-bank-who-mortality-context.2026-07-14,World Health Organization estimate via World Bank Indicators API; observation year 2019,2026-07-14T12:47:02Z,cc-by-4.0,https://creativecommons.org/licenses/by/4.0/,low,"Mortality is a severe-outcome context proxy. It does not measure pain intensity, duration, prevalence, disability, non-fatal suffering, or total welfare burden."
painmap-human-mortality-context-v1:BHS:road-traffic-mortality:2019,BHS,BHS,The Bahamas,road-traffic-mortality,SH.STA.TRAF.P5,Road traffic mortality,7.7,"deaths per 100,000 population",2019,2,latest_common_year,world-bank-who-mortality-context,snapshot.world-bank-who-mortality-context.2026-07-14,World Health Organization estimate via World Bank Indicators API; observation year 2019,2026-07-14T12:47:02Z,cc-by-4.0,https://creativecommons.org/licenses/by/4.0/,low,"Mortality is a severe-outcome context proxy. It does not measure pain intensity, duration, prevalence, disability, non-fatal suffering, or total welfare burden."
painmap-human-mortality-context-v1:BHS:suicide-mortality:2019,BHS,BHS,The Bahamas,suicide-mortality,SH.STA.SUIC.P5,Suicide mortality,3.61,"deaths per 100,000 population",2019,3,latest_common_year,world-bank-who-mortality-context,snapshot.world-bank-who-mortality-context.2026-07-14,World Health Organization estimate via World Bank Indicators API; observation year 2019,2026-07-14T12:47:02Z,cc-by-4.0,https://creativecommons.org/licenses/by/4.0/,low,"Mortality is a severe-outcome context proxy. It does not measure pain intensity, duration, prevalence, disability, non-fatal suffering, or total welfare burden."
painmap-human-mortality-context-v1:BHS:unsafe-wash-mortality:2019,BHS,BHS,The Bahamas,unsafe-wash-mortality,SH.STA.WASH.P5,"Mortality attributed to unsafe water, sanitation and hygiene",2.6,"deaths per 100,000 population",2019,4,latest_common_year,world-bank-who-mortality-context,snapshot.world-bank-who-mortality-context.2026-07-14,World Health Organization estimate via World Bank Indicators API; observation year 2019,2026-07-14T12:47:02Z,cc-by-4.0,https://creativecommons.org/licenses/by/4.0/,low,"Mortality is a severe-outcome context proxy. It does not measure pain intensity, duration, prevalence, disability, non-fatal suffering, or total welfare burden."
painmap-human-mortality-context-v1:GMB:air-pollution-mortality:2019,GMB,GMB,The Gambia,air-pollution-mortality,SH.STA.AIRP.P5,Mortality attributed to household and ambient air pollution,220.5,"deaths per 100,000 population",2019,1,latest_common_year,world-bank-who-mortality-context,snapshot.world-bank-who-mortality-context.2026-07-14,World Health Organization estimate via World Bank Indicators API; observation year 2019,2026-07-14T12:47:02Z,cc-by-4.0,https://creativecommons.org/licenses/by/4.0/,low,"Mortality is a severe-outcome context proxy. It does not measure pain intensity, duration, prevalence, disability, non-fatal suffering, or total welfare burden."
painmap-human-mortality-context-v1:GMB:road-traffic-mortality:2019,GMB,GMB,The Gambia,road-traffic-mortality,SH.STA.TRAF.P5,Road traffic mortality,29.6,"deaths per 100,000 population",2019,2,latest_common_year,world-bank-who-mortality-context,snapshot.world-bank-who-mortality-context.2026-07-14,World Health Organization estimate via World Bank Indicators API; observation year 2019,2026-07-14T12:47:02Z,cc-by-4.0,https://creativecommons.org/licenses/by/4.0/,low,"Mortality is a severe-outcome context proxy. It does not measure pain intensity, duration, prevalence, disability, non-fatal suffering, or total welfare burden."
painmap-human-mortality-context-v1:GMB:unsafe-wash-mortality:2019,GMB,GMB,The Gambia,unsafe-wash-mortality,SH.STA.WASH.P5,"Mortality attributed to unsafe water, sanitation and hygiene",29.5,"deaths per 100,000 population",2019,3,latest_common_year,world-bank-who-mortality-context,snapshot.world-bank-who-mortality-context.2026-07-14,World Health Organization estimate via World Bank Indicators API; observation year 2019,2026-07-14T12:47:02Z,cc-by-4.0,https://creativecommons.org/licenses/by/4.0/,low,"Mortality is a severe-outcome context proxy. It does not measure pain intensity, duration, prevalence, disability, non-fatal suffering, or total welfare burden."
painmap-human-mortality-context-v1:GMB:suicide-mortality:2019,GMB,GMB,The Gambia,suicide-mortality,SH.STA.SUIC.P5,Suicide mortality,5.02,"deaths per 100,000 population",2019,4,latest_common_year,world-bank-who-mortality-context,snapshot.world-bank-who-mortality-context.2026-07-14,World Health Organization estimate via World Bank Indicators API; observation year 2019,2026-07-14T12:47:02Z,cc-by-4.0,https://creativecommons.org/licenses/by/4.0/,low,"Mortality is a severe-outcome context proxy. It does not measure pain intensity, duration, prevalence, disability, non-fatal suffering, or total welfare burden."
painmap-human-mortality-context-v1:TGO:air-pollution-mortality:2019,TGO,TGO,Togo,air-pollution-mortality,SH.STA.AIRP.P5,Mortality attributed to household and ambient air pollution,223.1,"deaths per 100,000 population",2019,1,latest_common_year,world-bank-who-mortality-context,snapshot.world-bank-who-mortality-context.2026-07-14,World Health Organization estimate via World Bank Indicators API; observation year 2019,2026-07-14T12:47:02Z,cc-by-4.0,https://creativecommons.org/licenses/by/4.0/,low,"Mortality is a severe-outcome context proxy. It does not measure pain intensity, duration, prevalence, disability, non-fatal suffering, or total welfare burden."
painmap-human-mortality-context-v1:TGO:unsafe-wash-mortality:2019,TGO,TGO,Togo,unsafe-wash-mortality,SH.STA.WASH.P5,"Mortality attributed to unsafe water, sanitation and hygiene",42.4,"deaths per 100,000 population",2019,2,latest_common_year,world-bank-who-mortality-context,snapshot.world-bank-who-mortality-context.2026-07-14,World Health Organization estimate via World Bank Indicators API; observation year 2019,2026-07-14T12:47:02Z,cc-by-4.0,https://creativecommons.org/licenses/by/4.0/,low,"Mortality is a severe-outcome context proxy. It does not measure pain intensity, duration, prevalence, disability, non-fatal suffering, or total welfare burden."
painmap-human-mortality-context-v1:TGO:road-traffic-mortality:2019,TGO,TGO,Togo,road-traffic-mortality,SH.STA.TRAF.P5,Road traffic mortality,28.7,"deaths per 100,000 population",2019,3,latest_common_year,world-bank-who-mortality-context,snapshot.world-bank-who-mortality-context.2026-07-14,World Health Organization estimate via World Bank Indicators API; observation year 2019,2026-07-14T12:47:02Z,cc-by-4.0,https://creativecommons.org/licenses/by/4.0/,low,"Mortality is a severe-outcome context proxy. It does not measure pain intensity, duration, prevalence, disability, non-fatal suffering, or total welfare burden."
painmap-human-mortality-context-v1:TGO:suicide-mortality:2019,TGO,TGO,Togo,suicide-mortality,SH.STA.SUIC.P5,Suicide mortality,9.77,"deaths per 100,000 population",2019,4,latest_common_year,world-bank-who-mortality-context,snapshot.world-bank-who-mortality-context.2026-07-14,World Health Organization estimate via World Bank Indicators API; observation year 2019,2026-07-14T12:47:02Z,cc-by-4.0,https://creativecommons.org/licenses/by/4.0/,low,"Mortality is a severe-outcome context proxy. It does not measure pain intensity, duration, prevalence, disability, non-fatal suffering, or total welfare burden."
painmap-human-mortality-context-v1:TON:air-pollution-mortality:2019,TON,TON,Tonga,air-pollution-mortality,SH.STA.AIRP.P5,Mortality attributed to household and ambient air pollution,52.3,"deaths per 100,000 population",2019,1,latest_common_year,world-bank-who-mortality-context,snapshot.world-bank-who-mortality-context.2026-07-14,World Health Organization estimate via World Bank Indicators API; observation year 2019,2026-07-14T12:47:02Z,cc-by-4.0,https://creativecommons.org/licenses/by/4.0/,low,"Mortality is a severe-outcome context proxy. It does not measure pain intensity, duration, prevalence, disability, non-fatal suffering, or total welfare burden."
painmap-human-mortality-context-v1:TON:road-traffic-mortality:2019,TON,TON,Tonga,road-traffic-mortality,SH.STA.TRAF.P5,Road traffic mortality,33,"deaths per 100,000 population",2019,2,latest_common_year,world-bank-who-mortality-context,snapshot.world-bank-who-mortality-context.2026-07-14,World Health Organization estimate via World Bank Indicators API; observation year 2019,2026-07-14T12:47:02Z,cc-by-4.0,https://creativecommons.org/licenses/by/4.0/,low,"Mortality is a severe-outcome context proxy. It does not measure pain intensity, duration, prevalence, disability, non-fatal suffering, or total welfare burden."
painmap-human-mortality-context-v1:TON:unsafe-wash-mortality:2019,TON,TON,Tonga,unsafe-wash-mortality,SH.STA.WASH.P5,"Mortality attributed to unsafe water, sanitation and hygiene",7.1,"deaths per 100,000 population",2019,3,latest_common_year,world-bank-who-mortality-context,snapshot.world-bank-who-mortality-context.2026-07-14,World Health Organization estimate via World Bank Indicators API; observation year 2019,2026-07-14T12:47:02Z,cc-by-4.0,https://creativecommons.org/licenses/by/4.0/,low,"Mortality is a severe-outcome context proxy. It does not measure pain intensity, duration, prevalence, disability, non-fatal suffering, or total welfare burden."
painmap-human-mortality-context-v1:TON:suicide-mortality:2019,TON,TON,Tonga,suicide-mortality,SH.STA.SUIC.P5,Suicide mortality,4.65,"deaths per 100,000 population",2019,4,latest_common_year,world-bank-who-mortality-context,snapshot.world-bank-who-mortality-context.2026-07-14,World Health Organization estimate via World Bank Indicators API; observation year 2019,2026-07-14T12:47:02Z,cc-by-4.0,https://creativecommons.org/licenses/by/4.0/,low,"Mortality is a severe-outcome context proxy. It does not measure pain intensity, duration, prevalence, disability, non-fatal suffering, or total welfare burden."
painmap-human-mortality-context-v1:TTO:air-pollution-mortality:2019,TTO,TTO,Trinidad and Tobago,air-pollution-mortality,SH.STA.AIRP.P5,Mortality attributed to household and ambient air pollution,19.8,"deaths per 100,000 population",2019,1,latest_common_year,world-bank-who-mortality-context,snapshot.world-bank-who-mortality-context.2026-07-14,World Health Organization estimate via World Bank Indicators API; observation year 2019,2026-07-14T12:47:02Z,cc-by-4.0,https://creativecommons.org/licenses/by/4.0/,low,"Mortality is a severe-outcome context proxy. It does not measure pain intensity, duration, prevalence, disability, non-fatal suffering, or total welfare burden."
painmap-human-mortality-context-v1:TTO:suicide-mortality:2019,TTO,TTO,Trinidad and Tobago,suicide-mortality,SH.STA.SUIC.P5,Suicide mortality,13.76,"deaths per 100,000 population",2019,2,latest_common_year,world-bank-who-mortality-context,snapshot.world-bank-who-mortality-context.2026-07-14,World Health Organization estimate via World Bank Indicators API; observation year 2019,2026-07-14T12:47:02Z,cc-by-4.0,https://creativecommons.org/licenses/by/4.0/,low,"Mortality is a severe-outcome context proxy. It does not measure pain intensity, duration, prevalence, disability, non-fatal suffering, or total welfare burden."
painmap-human-mortality-context-v1:TTO:road-traffic-mortality:2019,TTO,TTO,Trinidad and Tobago,road-traffic-mortality,SH.STA.TRAF.P5,Road traffic mortality,9.3,"deaths per 100,000 population",2019,3,latest_common_year,world-bank-who-mortality-context,snapshot.world-bank-who-mortality-context.2026-07-14,World Health Organization estimate via World Bank Indicators API; observation year 2019,2026-07-14T12:47:02Z,cc-by-4.0,https://creativecommons.org/licenses/by/4.0/,low,"Mortality is a severe-outcome context proxy. It does not measure pain intensity, duration, prevalence, disability, non-fatal suffering, or total welfare burden."
painmap-human-mortality-context-v1:TTO:unsafe-wash-mortality:2019,TTO,TTO,Trinidad and Tobago,unsafe-wash-mortality,SH.STA.WASH.P5,"Mortality attributed to unsafe water, sanitation and hygiene",1.6,"deaths per 100,000 population",2019,4,latest_common_year,world-bank-who-mortality-context,snapshot.world-bank-who-mortality-context.2026-07-14,World Health Organization estimate via World Bank Indicators API; observation year 2019,2026-07-14T12:47:02Z,cc-by-4.0,https://creativecommons.org/licenses/by/4.0/,low,"Mortality is a severe-outcome context proxy. It does not measure pain intensity, duration, prevalence, disability, non-fatal suffering, or total welfare burden."
painmap-human-mortality-context-v1:TUN:air-pollution-mortality:2019,TUN,TUN,Tunisia,air-pollution-mortality,SH.STA.AIRP.P5,Mortality attributed to household and ambient air pollution,55.9,"deaths per 100,000 population",2019,1,latest_common_year,world-bank-who-mortality-context,snapshot.world-bank-who-mortality-context.2026-07-14,World Health Organization estimate via World Bank Indicators API; observation year 2019,2026-07-14T12:47:02Z,cc-by-4.0,https://creativecommons.org/licenses/by/4.0/,low,"Mortality is a severe-outcome context proxy. It does not measure pain intensity, duration, prevalence, disability, non-fatal suffering, or total welfare burden."
painmap-human-mortality-context-v1:TUN:road-traffic-mortality:2019,TUN,TUN,Tunisia,road-traffic-mortality,SH.STA.TRAF.P5,Road traffic mortality,16.5,"deaths per 100,000 population",2019,2,latest_common_year,world-bank-who-mortality-context,snapshot.world-bank-who-mortality-context.2026-07-14,World Health Organization estimate via World Bank Indicators API; observation year 2019,2026-07-14T12:47:02Z,cc-by-4.0,https://creativecommons.org/licenses/by/4.0/,low,"Mortality is a severe-outcome context proxy. It does not measure pain intensity, duration, prevalence, disability, non-fatal suffering, or total welfare burden."
painmap-human-mortality-context-v1:TUN:unsafe-wash-mortality:2019,TUN,TUN,Tunisia,unsafe-wash-mortality,SH.STA.WASH.P5,"Mortality attributed to unsafe water, sanitation and hygiene",3.1,"deaths per 100,000 population",2019,3,latest_common_year,world-bank-who-mortality-context,snapshot.world-bank-who-mortality-context.2026-07-14,World Health Organization estimate via World Bank Indicators API; observation year 2019,2026-07-14T12:47:02Z,cc-by-4.0,https://creativecommons.org/licenses/by/4.0/,low,"Mortality is a severe-outcome context proxy. It does not measure pain intensity, duration, prevalence, disability, non-fatal suffering, or total welfare burden."
painmap-human-mortality-context-v1:TUN:suicide-mortality:2019,TUN,TUN,Tunisia,suicide-mortality,SH.STA.SUIC.P5,Suicide mortality,2.58,"deaths per 100,000 population",2019,4,latest_common_year,world-bank-who-mortality-context,snapshot.world-bank-who-mortality-context.2026-07-14,World Health Organization estimate via World Bank Indicators API; observation year 2019,2026-07-14T12:47:02Z,cc-by-4.0,https://creativecommons.org/licenses/by/4.0/,low,"Mortality is a severe-outcome context proxy. It does not measure pain intensity, duration, prevalence, disability, non-fatal suffering, or total welfare burden."
painmap-human-mortality-context-v1:TUR:air-pollution-mortality:2019,TUR,TUR,Turkey,air-pollution-mortality,SH.STA.AIRP.P5,Mortality attributed to household and ambient air pollution,45.5,"deaths per 100,000 population",2019,1,latest_common_year,world-bank-who-mortality-context,snapshot.world-bank-who-mortality-context.2026-07-14,World Health Organization estimate via World Bank Indicators API; observation year 2019,2026-07-14T12:47:02Z,cc-by-4.0,https://creativecommons.org/licenses/by/4.0/,low,"Mortality is a severe-outcome context proxy. It does not measure pain intensity, duration, prevalence, disability, non-fatal suffering, or total welfare burden."
painmap-human-mortality-context-v1:TUR:road-traffic-mortality:2019,TUR,TUR,Turkey,road-traffic-mortality,SH.STA.TRAF.P5,Road traffic mortality,6.7,"deaths per 100,000 population",2019,2,latest_common_year,world-bank-who-mortality-context,snapshot.world-bank-who-mortality-context.2026-07-14,World Health Organization estimate via World Bank Indicators API; observation year 2019,2026-07-14T12:47:02Z,cc-by-4.0,https://creativecommons.org/licenses/by/4.0/,low,"Mortality is a severe-outcome context proxy. It does not measure pain intensity, duration, prevalence, disability, non-fatal suffering, or total welfare burden."
painmap-human-mortality-context-v1:TUR:suicide-mortality:2019,TUR,TUR,Turkey,suicide-mortality,SH.STA.SUIC.P5,Suicide mortality,3.54,"deaths per 100,000 population",2019,3,latest_common_year,world-bank-who-mortality-context,snapshot.world-bank-who-mortality-context.2026-07-14,World Health Organization estimate via World Bank Indicators API; observation year 2019,2026-07-14T12:47:02Z,cc-by-4.0,https://creativecommons.org/licenses/by/4.0/,low,"Mortality is a severe-outcome context proxy. It does not measure pain intensity, duration, prevalence, disability, non-fatal suffering, or total welfare burden."
painmap-human-mortality-context-v1:TUR:unsafe-wash-mortality:2019,TUR,TUR,Turkey,unsafe-wash-mortality,SH.STA.WASH.P5,"Mortality attributed to unsafe water, sanitation and hygiene",2.5,"deaths per 100,000 population",2019,4,latest_common_year,world-bank-who-mortality-context,snapshot.world-bank-who-mortality-context.2026-07-14,World Health Organization estimate via World Bank Indicators API; observation year 2019,2026-07-14T12:47:02Z,cc-by-4.0,https://creativecommons.org/licenses/by/4.0/,low,"Mortality is a severe-outcome context proxy. It does not measure pain intensity, duration, prevalence, disability, non-fatal suffering, or total welfare burden."
painmap-human-mortality-context-v1:TKM:air-pollution-mortality:2019,TKM,TKM,Turkmenistan,air-pollution-mortality,SH.STA.AIRP.P5,Mortality attributed to household and ambient air pollution,87.9,"deaths per 100,000 population",2019,1,latest_common_year,world-bank-who-mortality-context,snapshot.world-bank-who-mortality-context.2026-07-14,World Health Organization estimate via World Bank Indicators API; observation year 2019,2026-07-14T12:47:02Z,cc-by-4.0,https://creativecommons.org/licenses/by/4.0/,low,"Mortality is a severe-outcome context proxy. It does not measure pain intensity, duration, prevalence, disability, non-fatal suffering, or total welfare burden."
painmap-human-mortality-context-v1:TKM:road-traffic-mortality:2019,TKM,TKM,Turkmenistan,road-traffic-mortality,SH.STA.TRAF.P5,Road traffic mortality,13.5,"deaths per 100,000 population",2019,2,latest_common_year,world-bank-who-mortality-context,snapshot.world-bank-who-mortality-context.2026-07-14,World Health Organization estimate via World Bank Indicators API; observation year 2019,2026-07-14T12:47:02Z,cc-by-4.0,https://creativecommons.org/licenses/by/4.0/,low,"Mortality is a severe-outcome context proxy. It does not measure pain intensity, duration, prevalence, disability, non-fatal suffering, or total welfare burden."
painmap-human-mortality-context-v1:TKM:suicide-mortality:2019,TKM,TKM,Turkmenistan,suicide-mortality,SH.STA.SUIC.P5,Suicide mortality,6.9,"deaths per 100,000 population",2019,3,latest_common_year,world-bank-who-mortality-context,snapshot.world-bank-who-mortality-context.2026-07-14,World Health Organization estimate via World Bank Indicators API; observation year 2019,2026-07-14T12:47:02Z,cc-by-4.0,https://creativecommons.org/licenses/by/4.0/,low,"Mortality is a severe-outcome context proxy. It does not measure pain intensity, duration, prevalence, disability, non-fatal suffering, or total welfare burden."
painmap-human-mortality-context-v1:TKM:unsafe-wash-mortality:2019,TKM,TKM,Turkmenistan,unsafe-wash-mortality,SH.STA.WASH.P5,"Mortality attributed to unsafe water, sanitation and hygiene",5.7,"deaths per 100,000 population",2019,4,latest_common_year,world-bank-who-mortality-context,snapshot.world-bank-who-mortality-context.2026-07-14,World Health Organization estimate via World Bank Indicators API; observation year 2019,2026-07-14T12:47:02Z,cc-by-4.0,https://creativecommons.org/licenses/by/4.0/,low,"Mortality is a severe-outcome context proxy. It does not measure pain intensity, duration, prevalence, disability, non-fatal suffering, or total welfare burden."
painmap-human-mortality-context-v1:UGA:air-pollution-mortality:2019,UGA,UGA,Uganda,air-pollution-mortality,SH.STA.AIRP.P5,Mortality attributed to household and ambient air pollution,163,"deaths per 100,000 population",2019,1,latest_common_year,world-bank-who-mortality-context,snapshot.world-bank-who-mortality-context.2026-07-14,World Health Organization estimate via World Bank Indicators API; observation year 2019,2026-07-14T12:47:02Z,cc-by-4.0,https://creativecommons.org/licenses/by/4.0/,low,"Mortality is a severe-outcome context proxy. It does not measure pain intensity, duration, prevalence, disability, non-fatal suffering, or total welfare burden."
painmap-human-mortality-context-v1:UGA:road-traffic-mortality:2019,UGA,UGA,Uganda,road-traffic-mortality,SH.STA.TRAF.P5,Road traffic mortality,29.4,"deaths per 100,000 population",2019,2,latest_common_year,world-bank-who-mortality-context,snapshot.world-bank-who-mortality-context.2026-07-14,World Health Organization estimate via World Bank Indicators API; observation year 2019,2026-07-14T12:47:02Z,cc-by-4.0,https://creativecommons.org/licenses/by/4.0/,low,"Mortality is a severe-outcome context proxy. It does not measure pain intensity, duration, prevalence, disability, non-fatal suffering, or total welfare burden."
painmap-human-mortality-context-v1:UGA:unsafe-wash-mortality:2019,UGA,UGA,Uganda,unsafe-wash-mortality,SH.STA.WASH.P5,"Mortality attributed to unsafe water, sanitation and hygiene",28.1,"deaths per 100,000 population",2019,3,latest_common_year,world-bank-who-mortality-context,snapshot.world-bank-who-mortality-context.2026-07-14,World Health Organization estimate via World Bank Indicators API; observation year 2019,2026-07-14T12:47:02Z,cc-by-4.0,https://creativecommons.org/licenses/by/4.0/,low,"Mortality is a severe-outcome context proxy. It does not measure pain intensity, duration, prevalence, disability, non-fatal suffering, or total welfare burden."
painmap-human-mortality-context-v1:UGA:suicide-mortality:2019,UGA,UGA,Uganda,suicide-mortality,SH.STA.SUIC.P5,Suicide mortality,5.14,"deaths per 100,000 population",2019,4,latest_common_year,world-bank-who-mortality-context,snapshot.world-bank-who-mortality-context.2026-07-14,World Health Organization estimate via World Bank Indicators API; observation year 2019,2026-07-14T12:47:02Z,cc-by-4.0,https://creativecommons.org/licenses/by/4.0/,low,"Mortality is a severe-outcome context proxy. It does not measure pain intensity, duration, prevalence, disability, non-fatal suffering, or total welfare burden."
painmap-human-mortality-context-v1:UKR:air-pollution-mortality:2019,UKR,UKR,Ukraine,air-pollution-mortality,SH.STA.AIRP.P5,Mortality attributed to household and ambient air pollution,78.9,"deaths per 100,000 population",2019,1,latest_common_year,world-bank-who-mortality-context,snapshot.world-bank-who-mortality-context.2026-07-14,World Health Organization estimate via World Bank Indicators API; observation year 2019,2026-07-14T12:47:02Z,cc-by-4.0,https://creativecommons.org/licenses/by/4.0/,low,"Mortality is a severe-outcome context proxy. It does not measure pain intensity, duration, prevalence, disability, non-fatal suffering, or total welfare burden."
painmap-human-mortality-context-v1:UKR:suicide-mortality:2019,UKR,UKR,Ukraine,suicide-mortality,SH.STA.SUIC.P5,Suicide mortality,23.29,"deaths per 100,000 population",2019,2,latest_common_year,world-bank-who-mortality-context,snapshot.world-bank-who-mortality-context.2026-07-14,World Health Organization estimate via World Bank Indicators API; observation year 2019,2026-07-14T12:47:02Z,cc-by-4.0,https://creativecommons.org/licenses/by/4.0/,low,"Mortality is a severe-outcome context proxy. It does not measure pain intensity, duration, prevalence, disability, non-fatal suffering, or total welfare burden."
painmap-human-mortality-context-v1:UKR:road-traffic-mortality:2019,UKR,UKR,Ukraine,road-traffic-mortality,SH.STA.TRAF.P5,Road traffic mortality,10.2,"deaths per 100,000 population",2019,3,latest_common_year,world-bank-who-mortality-context,snapshot.world-bank-who-mortality-context.2026-07-14,World Health Organization estimate via World Bank Indicators API; observation year 2019,2026-07-14T12:47:02Z,cc-by-4.0,https://creativecommons.org/licenses/by/4.0/,low,"Mortality is a severe-outcome context proxy. It does not measure pain intensity, duration, prevalence, disability, non-fatal suffering, or total welfare burden."
painmap-human-mortality-context-v1:UKR:unsafe-wash-mortality:2019,UKR,UKR,Ukraine,unsafe-wash-mortality,SH.STA.WASH.P5,"Mortality attributed to unsafe water, sanitation and hygiene",2.3,"deaths per 100,000 population",2019,4,latest_common_year,world-bank-who-mortality-context,snapshot.world-bank-who-mortality-context.2026-07-14,World Health Organization estimate via World Bank Indicators API; observation year 2019,2026-07-14T12:47:02Z,cc-by-4.0,https://creativecommons.org/licenses/by/4.0/,low,"Mortality is a severe-outcome context proxy. It does not measure pain intensity, duration, prevalence, disability, non-fatal suffering, or total welfare burden."
painmap-human-mortality-context-v1:ARE:air-pollution-mortality:2019,ARE,ARE,United Arab Emirates,air-pollution-mortality,SH.STA.AIRP.P5,Mortality attributed to household and ambient air pollution,70,"deaths per 100,000 population",2019,1,latest_common_year,world-bank-who-mortality-context,snapshot.world-bank-who-mortality-context.2026-07-14,World Health Organization estimate via World Bank Indicators API; observation year 2019,2026-07-14T12:47:02Z,cc-by-4.0,https://creativecommons.org/licenses/by/4.0/,low,"Mortality is a severe-outcome context proxy. It does not measure pain intensity, duration, prevalence, disability, non-fatal suffering, or total welfare burden."
painmap-human-mortality-context-v1:ARE:road-traffic-mortality:2019,ARE,ARE,United Arab Emirates,road-traffic-mortality,SH.STA.TRAF.P5,Road traffic mortality,8.9,"deaths per 100,000 population",2019,2,latest_common_year,world-bank-who-mortality-context,snapshot.world-bank-who-mortality-context.2026-07-14,World Health Organization estimate via World Bank Indicators API; observation year 2019,2026-07-14T12:47:02Z,cc-by-4.0,https://creativecommons.org/licenses/by/4.0/,low,"Mortality is a severe-outcome context proxy. It does not measure pain intensity, duration, prevalence, disability, non-fatal suffering, or total welfare burden."
painmap-human-mortality-context-v1:ARE:suicide-mortality:2019,ARE,ARE,United Arab Emirates,suicide-mortality,SH.STA.SUIC.P5,Suicide mortality,2.46,"deaths per 100,000 population",2019,3,latest_common_year,world-bank-who-mortality-context,snapshot.world-bank-who-mortality-context.2026-07-14,World Health Organization estimate via World Bank Indicators API; observation year 2019,2026-07-14T12:47:02Z,cc-by-4.0,https://creativecommons.org/licenses/by/4.0/,low,"Mortality is a severe-outcome context proxy. It does not measure pain intensity, duration, prevalence, disability, non-fatal suffering, or total welfare burden."
painmap-human-mortality-context-v1:ARE:unsafe-wash-mortality:2019,ARE,ARE,United Arab Emirates,unsafe-wash-mortality,SH.STA.WASH.P5,"Mortality attributed to unsafe water, sanitation and hygiene",0.8,"deaths per 100,000 population",2019,4,latest_common_year,world-bank-who-mortality-context,snapshot.world-bank-who-mortality-context.2026-07-14,World Health Organization estimate via World Bank Indicators API; observation year 2019,2026-07-14T12:47:02Z,cc-by-4.0,https://creativecommons.org/licenses/by/4.0/,low,"Mortality is a severe-outcome context proxy. It does not measure pain intensity, duration, prevalence, disability, non-fatal suffering, or total welfare burden."
painmap-human-mortality-context-v1:GBR:air-pollution-mortality:2019,GBR,GBR,United Kingdom,air-pollution-mortality,SH.STA.AIRP.P5,Mortality attributed to household and ambient air pollution,13.4,"deaths per 100,000 population",2019,1,latest_common_year,world-bank-who-mortality-context,snapshot.world-bank-who-mortality-context.2026-07-14,World Health Organization estimate via World Bank Indicators API; observation year 2019,2026-07-14T12:47:02Z,cc-by-4.0,https://creativecommons.org/licenses/by/4.0/,low,"Mortality is a severe-outcome context proxy. It does not measure pain intensity, duration, prevalence, disability, non-fatal suffering, or total welfare burden."
painmap-human-mortality-context-v1:GBR:suicide-mortality:2019,GBR,GBR,United Kingdom,suicide-mortality,SH.STA.SUIC.P5,Suicide mortality,9.39,"deaths per 100,000 population",2019,2,latest_common_year,world-bank-who-mortality-context,snapshot.world-bank-who-mortality-context.2026-07-14,World Health Organization estimate via World Bank Indicators API; observation year 2019,2026-07-14T12:47:02Z,cc-by-4.0,https://creativecommons.org/licenses/by/4.0/,low,"Mortality is a severe-outcome context proxy. It does not measure pain intensity, duration, prevalence, disability, non-fatal suffering, or total welfare burden."
painmap-human-mortality-context-v1:GBR:unsafe-wash-mortality:2019,GBR,GBR,United Kingdom,unsafe-wash-mortality,SH.STA.WASH.P5,"Mortality attributed to unsafe water, sanitation and hygiene",6.1,"deaths per 100,000 population",2019,3,latest_common_year,world-bank-who-mortality-context,snapshot.world-bank-who-mortality-context.2026-07-14,World Health Organization estimate via World Bank Indicators API; observation year 2019,2026-07-14T12:47:02Z,cc-by-4.0,https://creativecommons.org/licenses/by/4.0/,low,"Mortality is a severe-outcome context proxy. It does not measure pain intensity, duration, prevalence, disability, non-fatal suffering, or total welfare burden."
painmap-human-mortality-context-v1:GBR:road-traffic-mortality:2019,GBR,GBR,United Kingdom,road-traffic-mortality,SH.STA.TRAF.P5,Road traffic mortality,3.2,"deaths per 100,000 population",2019,4,latest_common_year,world-bank-who-mortality-context,snapshot.world-bank-who-mortality-context.2026-07-14,World Health Organization estimate via World Bank Indicators API; observation year 2019,2026-07-14T12:47:02Z,cc-by-4.0,https://creativecommons.org/licenses/by/4.0/,low,"Mortality is a severe-outcome context proxy. It does not measure pain intensity, duration, prevalence, disability, non-fatal suffering, or total welfare burden."
painmap-human-mortality-context-v1:USA:suicide-mortality:2019,USA,USA,United States of America,suicide-mortality,SH.STA.SUIC.P5,Suicide mortality,15.11,"deaths per 100,000 population",2019,1,latest_common_year,world-bank-who-mortality-context,snapshot.world-bank-who-mortality-context.2026-07-14,World Health Organization estimate via World Bank Indicators API; observation year 2019,2026-07-14T12:47:02Z,cc-by-4.0,https://creativecommons.org/licenses/by/4.0/,low,"Mortality is a severe-outcome context proxy. It does not measure pain intensity, duration, prevalence, disability, non-fatal suffering, or total welfare burden."
painmap-human-mortality-context-v1:USA:air-pollution-mortality:2019,USA,USA,United States of America,air-pollution-mortality,SH.STA.AIRP.P5,Mortality attributed to household and ambient air pollution,14.2,"deaths per 100,000 population",2019,2,latest_common_year,world-bank-who-mortality-context,snapshot.world-bank-who-mortality-context.2026-07-14,World Health Organization estimate via World Bank Indicators API; observation year 2019,2026-07-14T12:47:02Z,cc-by-4.0,https://creativecommons.org/licenses/by/4.0/,low,"Mortality is a severe-outcome context proxy. It does not measure pain intensity, duration, prevalence, disability, non-fatal suffering, or total welfare burden."
painmap-human-mortality-context-v1:USA:road-traffic-mortality:2019,USA,USA,United States of America,road-traffic-mortality,SH.STA.TRAF.P5,Road traffic mortality,12.7,"deaths per 100,000 population",2019,3,latest_common_year,world-bank-who-mortality-context,snapshot.world-bank-who-mortality-context.2026-07-14,World Health Organization estimate via World Bank Indicators API; observation year 2019,2026-07-14T12:47:02Z,cc-by-4.0,https://creativecommons.org/licenses/by/4.0/,low,"Mortality is a severe-outcome context proxy. It does not measure pain intensity, duration, prevalence, disability, non-fatal suffering, or total welfare burden."
painmap-human-mortality-context-v1:USA:unsafe-wash-mortality:2019,USA,USA,United States of America,unsafe-wash-mortality,SH.STA.WASH.P5,"Mortality attributed to unsafe water, sanitation and hygiene",2.3,"deaths per 100,000 population",2019,4,latest_common_year,world-bank-who-mortality-context,snapshot.world-bank-who-mortality-context.2026-07-14,World Health Organization estimate via World Bank Indicators API; observation year 2019,2026-07-14T12:47:02Z,cc-by-4.0,https://creativecommons.org/licenses/by/4.0/,low,"Mortality is a severe-outcome context proxy. It does not measure pain intensity, duration, prevalence, disability, non-fatal suffering, or total welfare burden."
painmap-human-mortality-context-v1:URY:suicide-mortality:2019,URY,URY,Uruguay,suicide-mortality,SH.STA.SUIC.P5,Suicide mortality,23.4,"deaths per 100,000 population",2019,1,latest_common_year,world-bank-who-mortality-context,snapshot.world-bank-who-mortality-context.2026-07-14,World Health Organization estimate via World Bank Indicators API; observation year 2019,2026-07-14T12:47:02Z,cc-by-4.0,https://creativecommons.org/licenses/by/4.0/,low,"Mortality is a severe-outcome context proxy. It does not measure pain intensity, duration, prevalence, disability, non-fatal suffering, or total welfare burden."
painmap-human-mortality-context-v1:URY:air-pollution-mortality:2019,URY,URY,Uruguay,air-pollution-mortality,SH.STA.AIRP.P5,Mortality attributed to household and ambient air pollution,16.2,"deaths per 100,000 population",2019,2,latest_common_year,world-bank-who-mortality-context,snapshot.world-bank-who-mortality-context.2026-07-14,World Health Organization estimate via World Bank Indicators API; observation year 2019,2026-07-14T12:47:02Z,cc-by-4.0,https://creativecommons.org/licenses/by/4.0/,low,"Mortality is a severe-outcome context proxy. It does not measure pain intensity, duration, prevalence, disability, non-fatal suffering, or total welfare burden."
painmap-human-mortality-context-v1:URY:road-traffic-mortality:2019,URY,URY,Uruguay,road-traffic-mortality,SH.STA.TRAF.P5,Road traffic mortality,14.8,"deaths per 100,000 population",2019,3,latest_common_year,world-bank-who-mortality-context,snapshot.world-bank-who-mortality-context.2026-07-14,World Health Organization estimate via World Bank Indicators API; observation year 2019,2026-07-14T12:47:02Z,cc-by-4.0,https://creativecommons.org/licenses/by/4.0/,low,"Mortality is a severe-outcome context proxy. It does not measure pain intensity, duration, prevalence, disability, non-fatal suffering, or total welfare burden."
painmap-human-mortality-context-v1:URY:unsafe-wash-mortality:2019,URY,URY,Uruguay,unsafe-wash-mortality,SH.STA.WASH.P5,"Mortality attributed to unsafe water, sanitation and hygiene",4.4,"deaths per 100,000 population",2019,4,latest_common_year,world-bank-who-mortality-context,snapshot.world-bank-who-mortality-context.2026-07-14,World Health Organization estimate via World Bank Indicators API; observation year 2019,2026-07-14T12:47:02Z,cc-by-4.0,https://creativecommons.org/licenses/by/4.0/,low,"Mortality is a severe-outcome context proxy. It does not measure pain intensity, duration, prevalence, disability, non-fatal suffering, or total welfare burden."
painmap-human-mortality-context-v1:UZB:air-pollution-mortality:2019,UZB,UZB,Uzbekistan,air-pollution-mortality,SH.STA.AIRP.P5,Mortality attributed to household and ambient air pollution,151.7,"deaths per 100,000 population",2019,1,latest_common_year,world-bank-who-mortality-context,snapshot.world-bank-who-mortality-context.2026-07-14,World Health Organization estimate via World Bank Indicators API; observation year 2019,2026-07-14T12:47:02Z,cc-by-4.0,https://creativecommons.org/licenses/by/4.0/,low,"Mortality is a severe-outcome context proxy. It does not measure pain intensity, duration, prevalence, disability, non-fatal suffering, or total welfare burden."
painmap-human-mortality-context-v1:UZB:road-traffic-mortality:2019,UZB,UZB,Uzbekistan,road-traffic-mortality,SH.STA.TRAF.P5,Road traffic mortality,11.7,"deaths per 100,000 population",2019,2,latest_common_year,world-bank-who-mortality-context,snapshot.world-bank-who-mortality-context.2026-07-14,World Health Organization estimate via World Bank Indicators API; observation year 2019,2026-07-14T12:47:02Z,cc-by-4.0,https://creativecommons.org/licenses/by/4.0/,low,"Mortality is a severe-outcome context proxy. It does not measure pain intensity, duration, prevalence, disability, non-fatal suffering, or total welfare burden."
painmap-human-mortality-context-v1:UZB:suicide-mortality:2019,UZB,UZB,Uzbekistan,suicide-mortality,SH.STA.SUIC.P5,Suicide mortality,10.14,"deaths per 100,000 population",2019,3,latest_common_year,world-bank-who-mortality-context,snapshot.world-bank-who-mortality-context.2026-07-14,World Health Organization estimate via World Bank Indicators API; observation year 2019,2026-07-14T12:47:02Z,cc-by-4.0,https://creativecommons.org/licenses/by/4.0/,low,"Mortality is a severe-outcome context proxy. It does not measure pain intensity, duration, prevalence, disability, non-fatal suffering, or total welfare burden."
painmap-human-mortality-context-v1:UZB:unsafe-wash-mortality:2019,UZB,UZB,Uzbekistan,unsafe-wash-mortality,SH.STA.WASH.P5,"Mortality attributed to unsafe water, sanitation and hygiene",2.9,"deaths per 100,000 population",2019,4,latest_common_year,world-bank-who-mortality-context,snapshot.world-bank-who-mortality-context.2026-07-14,World Health Organization estimate via World Bank Indicators API; observation year 2019,2026-07-14T12:47:02Z,cc-by-4.0,https://creativecommons.org/licenses/by/4.0/,low,"Mortality is a severe-outcome context proxy. It does not measure pain intensity, duration, prevalence, disability, non-fatal suffering, or total welfare burden."
painmap-human-mortality-context-v1:VUT:air-pollution-mortality:2019,VUT,VUT,Vanuatu,air-pollution-mortality,SH.STA.AIRP.P5,Mortality attributed to household and ambient air pollution,259.9,"deaths per 100,000 population",2019,1,latest_common_year,world-bank-who-mortality-context,snapshot.world-bank-who-mortality-context.2026-07-14,World Health Organization estimate via World Bank Indicators API; observation year 2019,2026-07-14T12:47:02Z,cc-by-4.0,https://creativecommons.org/licenses/by/4.0/,low,"Mortality is a severe-outcome context proxy. It does not measure pain intensity, duration, prevalence, disability, non-fatal suffering, or total welfare burden."
painmap-human-mortality-context-v1:VUT:unsafe-wash-mortality:2019,VUT,VUT,Vanuatu,unsafe-wash-mortality,SH.STA.WASH.P5,"Mortality attributed to unsafe water, sanitation and hygiene",25,"deaths per 100,000 population",2019,2,latest_common_year,world-bank-who-mortality-context,snapshot.world-bank-who-mortality-context.2026-07-14,World Health Organization estimate via World Bank Indicators API; observation year 2019,2026-07-14T12:47:02Z,cc-by-4.0,https://creativecommons.org/licenses/by/4.0/,low,"Mortality is a severe-outcome context proxy. It does not measure pain intensity, duration, prevalence, disability, non-fatal suffering, or total welfare burden."
painmap-human-mortality-context-v1:VUT:suicide-mortality:2019,VUT,VUT,Vanuatu,suicide-mortality,SH.STA.SUIC.P5,Suicide mortality,16.15,"deaths per 100,000 population",2019,3,latest_common_year,world-bank-who-mortality-context,snapshot.world-bank-who-mortality-context.2026-07-14,World Health Organization estimate via World Bank Indicators API; observation year 2019,2026-07-14T12:47:02Z,cc-by-4.0,https://creativecommons.org/licenses/by/4.0/,low,"Mortality is a severe-outcome context proxy. It does not measure pain intensity, duration, prevalence, disability, non-fatal suffering, or total welfare burden."
painmap-human-mortality-context-v1:VUT:road-traffic-mortality:2019,VUT,VUT,Vanuatu,road-traffic-mortality,SH.STA.TRAF.P5,Road traffic mortality,14.9,"deaths per 100,000 population",2019,4,latest_common_year,world-bank-who-mortality-context,snapshot.world-bank-who-mortality-context.2026-07-14,World Health Organization estimate via World Bank Indicators API; observation year 2019,2026-07-14T12:47:02Z,cc-by-4.0,https://creativecommons.org/licenses/by/4.0/,low,"Mortality is a severe-outcome context proxy. It does not measure pain intensity, duration, prevalence, disability, non-fatal suffering, or total welfare burden."
painmap-human-mortality-context-v1:VEN:road-traffic-mortality:2019,VEN,VEN,Venezuela,road-traffic-mortality,SH.STA.TRAF.P5,Road traffic mortality,39,"deaths per 100,000 population",2019,1,latest_common_year,world-bank-who-mortality-context,snapshot.world-bank-who-mortality-context.2026-07-14,World Health Organization estimate via World Bank Indicators API; observation year 2019,2026-07-14T12:47:02Z,cc-by-4.0,https://creativecommons.org/licenses/by/4.0/,low,"Mortality is a severe-outcome context proxy. It does not measure pain intensity, duration, prevalence, disability, non-fatal suffering, or total welfare burden."
painmap-human-mortality-context-v1:VEN:air-pollution-mortality:2019,VEN,VEN,Venezuela,air-pollution-mortality,SH.STA.AIRP.P5,Mortality attributed to household and ambient air pollution,37.9,"deaths per 100,000 population",2019,2,latest_common_year,world-bank-who-mortality-context,snapshot.world-bank-who-mortality-context.2026-07-14,World Health Organization estimate via World Bank Indicators API; observation year 2019,2026-07-14T12:47:02Z,cc-by-4.0,https://creativecommons.org/licenses/by/4.0/,low,"Mortality is a severe-outcome context proxy. It does not measure pain intensity, duration, prevalence, disability, non-fatal suffering, or total welfare burden."
painmap-human-mortality-context-v1:VEN:suicide-mortality:2019,VEN,VEN,Venezuela,suicide-mortality,SH.STA.SUIC.P5,Suicide mortality,7.17,"deaths per 100,000 population",2019,3,latest_common_year,world-bank-who-mortality-context,snapshot.world-bank-who-mortality-context.2026-07-14,World Health Organization estimate via World Bank Indicators API; observation year 2019,2026-07-14T12:47:02Z,cc-by-4.0,https://creativecommons.org/licenses/by/4.0/,low,"Mortality is a severe-outcome context proxy. It does not measure pain intensity, duration, prevalence, disability, non-fatal suffering, or total welfare burden."
painmap-human-mortality-context-v1:VEN:unsafe-wash-mortality:2019,VEN,VEN,Venezuela,unsafe-wash-mortality,SH.STA.WASH.P5,"Mortality attributed to unsafe water, sanitation and hygiene",5.2,"deaths per 100,000 population",2019,4,latest_common_year,world-bank-who-mortality-context,snapshot.world-bank-who-mortality-context.2026-07-14,World Health Organization estimate via World Bank Indicators API; observation year 2019,2026-07-14T12:47:02Z,cc-by-4.0,https://creativecommons.org/licenses/by/4.0/,low,"Mortality is a severe-outcome context proxy. It does not measure pain intensity, duration, prevalence, disability, non-fatal suffering, or total welfare burden."
painmap-human-mortality-context-v1:VNM:air-pollution-mortality:2019,VNM,VNM,Vietnam,air-pollution-mortality,SH.STA.AIRP.P5,Mortality attributed to household and ambient air pollution,102.8,"deaths per 100,000 population",2019,1,latest_common_year,world-bank-who-mortality-context,snapshot.world-bank-who-mortality-context.2026-07-14,World Health Organization estimate via World Bank Indicators API; observation year 2019,2026-07-14T12:47:02Z,cc-by-4.0,https://creativecommons.org/licenses/by/4.0/,low,"Mortality is a severe-outcome context proxy. It does not measure pain intensity, duration, prevalence, disability, non-fatal suffering, or total welfare burden."
painmap-human-mortality-context-v1:VNM:road-traffic-mortality:2019,VNM,VNM,Vietnam,road-traffic-mortality,SH.STA.TRAF.P5,Road traffic mortality,30.6,"deaths per 100,000 population",2019,2,latest_common_year,world-bank-who-mortality-context,snapshot.world-bank-who-mortality-context.2026-07-14,World Health Organization estimate via World Bank Indicators API; observation year 2019,2026-07-14T12:47:02Z,cc-by-4.0,https://creativecommons.org/licenses/by/4.0/,low,"Mortality is a severe-outcome context proxy. It does not measure pain intensity, duration, prevalence, disability, non-fatal suffering, or total welfare burden."
painmap-human-mortality-context-v1:VNM:suicide-mortality:2019,VNM,VNM,Vietnam,suicide-mortality,SH.STA.SUIC.P5,Suicide mortality,7.53,"deaths per 100,000 population",2019,3,latest_common_year,world-bank-who-mortality-context,snapshot.world-bank-who-mortality-context.2026-07-14,World Health Organization estimate via World Bank Indicators API; observation year 2019,2026-07-14T12:47:02Z,cc-by-4.0,https://creativecommons.org/licenses/by/4.0/,low,"Mortality is a severe-outcome context proxy. It does not measure pain intensity, duration, prevalence, disability, non-fatal suffering, or total welfare burden."
painmap-human-mortality-context-v1:VNM:unsafe-wash-mortality:2019,VNM,VNM,Vietnam,unsafe-wash-mortality,SH.STA.WASH.P5,"Mortality attributed to unsafe water, sanitation and hygiene",6.9,"deaths per 100,000 population",2019,4,latest_common_year,world-bank-who-mortality-context,snapshot.world-bank-who-mortality-context.2026-07-14,World Health Organization estimate via World Bank Indicators API; observation year 2019,2026-07-14T12:47:02Z,cc-by-4.0,https://creativecommons.org/licenses/by/4.0/,low,"Mortality is a severe-outcome context proxy. It does not measure pain intensity, duration, prevalence, disability, non-fatal suffering, or total welfare burden."
painmap-human-mortality-context-v1:YEM:air-pollution-mortality:2019,YEM,YEM,Yemen,air-pollution-mortality,SH.STA.AIRP.P5,Mortality attributed to household and ambient air pollution,186.3,"deaths per 100,000 population",2019,1,latest_common_year,world-bank-who-mortality-context,snapshot.world-bank-who-mortality-context.2026-07-14,World Health Organization estimate via World Bank Indicators API; observation year 2019,2026-07-14T12:47:02Z,cc-by-4.0,https://creativecommons.org/licenses/by/4.0/,low,"Mortality is a severe-outcome context proxy. It does not measure pain intensity, duration, prevalence, disability, non-fatal suffering, or total welfare burden."
painmap-human-mortality-context-v1:YEM:road-traffic-mortality:2019,YEM,YEM,Yemen,road-traffic-mortality,SH.STA.TRAF.P5,Road traffic mortality,29.4,"deaths per 100,000 population",2019,2,latest_common_year,world-bank-who-mortality-context,snapshot.world-bank-who-mortality-context.2026-07-14,World Health Organization estimate via World Bank Indicators API; observation year 2019,2026-07-14T12:47:02Z,cc-by-4.0,https://creativecommons.org/licenses/by/4.0/,low,"Mortality is a severe-outcome context proxy. It does not measure pain intensity, duration, prevalence, disability, non-fatal suffering, or total welfare burden."
painmap-human-mortality-context-v1:YEM:unsafe-wash-mortality:2019,YEM,YEM,Yemen,unsafe-wash-mortality,SH.STA.WASH.P5,"Mortality attributed to unsafe water, sanitation and hygiene",15.6,"deaths per 100,000 population",2019,3,latest_common_year,world-bank-who-mortality-context,snapshot.world-bank-who-mortality-context.2026-07-14,World Health Organization estimate via World Bank Indicators API; observation year 2019,2026-07-14T12:47:02Z,cc-by-4.0,https://creativecommons.org/licenses/by/4.0/,low,"Mortality is a severe-outcome context proxy. It does not measure pain intensity, duration, prevalence, disability, non-fatal suffering, or total welfare burden."
painmap-human-mortality-context-v1:YEM:suicide-mortality:2019,YEM,YEM,Yemen,suicide-mortality,SH.STA.SUIC.P5,Suicide mortality,4.33,"deaths per 100,000 population",2019,4,latest_common_year,world-bank-who-mortality-context,snapshot.world-bank-who-mortality-context.2026-07-14,World Health Organization estimate via World Bank Indicators API; observation year 2019,2026-07-14T12:47:02Z,cc-by-4.0,https://creativecommons.org/licenses/by/4.0/,low,"Mortality is a severe-outcome context proxy. It does not measure pain intensity, duration, prevalence, disability, non-fatal suffering, or total welfare burden."
painmap-human-mortality-context-v1:ZMB:air-pollution-mortality:2019,ZMB,ZMB,Zambia,air-pollution-mortality,SH.STA.AIRP.P5,Mortality attributed to household and ambient air pollution,174,"deaths per 100,000 population",2019,1,latest_common_year,world-bank-who-mortality-context,snapshot.world-bank-who-mortality-context.2026-07-14,World Health Organization estimate via World Bank Indicators API; observation year 2019,2026-07-14T12:47:02Z,cc-by-4.0,https://creativecommons.org/licenses/by/4.0/,low,"Mortality is a severe-outcome context proxy. It does not measure pain intensity, duration, prevalence, disability, non-fatal suffering, or total welfare burden."
painmap-human-mortality-context-v1:ZMB:unsafe-wash-mortality:2019,ZMB,ZMB,Zambia,unsafe-wash-mortality,SH.STA.WASH.P5,"Mortality attributed to unsafe water, sanitation and hygiene",35.8,"deaths per 100,000 population",2019,2,latest_common_year,world-bank-who-mortality-context,snapshot.world-bank-who-mortality-context.2026-07-14,World Health Organization estimate via World Bank Indicators API; observation year 2019,2026-07-14T12:47:02Z,cc-by-4.0,https://creativecommons.org/licenses/by/4.0/,low,"Mortality is a severe-outcome context proxy. It does not measure pain intensity, duration, prevalence, disability, non-fatal suffering, or total welfare burden."
painmap-human-mortality-context-v1:ZMB:road-traffic-mortality:2019,ZMB,ZMB,Zambia,road-traffic-mortality,SH.STA.TRAF.P5,Road traffic mortality,20.5,"deaths per 100,000 population",2019,3,latest_common_year,world-bank-who-mortality-context,snapshot.world-bank-who-mortality-context.2026-07-14,World Health Organization estimate via World Bank Indicators API; observation year 2019,2026-07-14T12:47:02Z,cc-by-4.0,https://creativecommons.org/licenses/by/4.0/,low,"Mortality is a severe-outcome context proxy. It does not measure pain intensity, duration, prevalence, disability, non-fatal suffering, or total welfare burden."
painmap-human-mortality-context-v1:ZMB:suicide-mortality:2019,ZMB,ZMB,Zambia,suicide-mortality,SH.STA.SUIC.P5,Suicide mortality,5.76,"deaths per 100,000 population",2019,4,latest_common_year,world-bank-who-mortality-context,snapshot.world-bank-who-mortality-context.2026-07-14,World Health Organization estimate via World Bank Indicators API; observation year 2019,2026-07-14T12:47:02Z,cc-by-4.0,https://creativecommons.org/licenses/by/4.0/,low,"Mortality is a severe-outcome context proxy. It does not measure pain intensity, duration, prevalence, disability, non-fatal suffering, or total welfare burden."
painmap-human-mortality-context-v1:ZWE:air-pollution-mortality:2019,ZWE,ZWE,Zimbabwe,air-pollution-mortality,SH.STA.AIRP.P5,Mortality attributed to household and ambient air pollution,189.6,"deaths per 100,000 population",2019,1,latest_common_year,world-bank-who-mortality-context,snapshot.world-bank-who-mortality-context.2026-07-14,World Health Organization estimate via World Bank Indicators API; observation year 2019,2026-07-14T12:47:02Z,cc-by-4.0,https://creativecommons.org/licenses/by/4.0/,low,"Mortality is a severe-outcome context proxy. It does not measure pain intensity, duration, prevalence, disability, non-fatal suffering, or total welfare burden."
painmap-human-mortality-context-v1:ZWE:road-traffic-mortality:2019,ZWE,ZWE,Zimbabwe,road-traffic-mortality,SH.STA.TRAF.P5,Road traffic mortality,41.2,"deaths per 100,000 population",2019,2,latest_common_year,world-bank-who-mortality-context,snapshot.world-bank-who-mortality-context.2026-07-14,World Health Organization estimate via World Bank Indicators API; observation year 2019,2026-07-14T12:47:02Z,cc-by-4.0,https://creativecommons.org/licenses/by/4.0/,low,"Mortality is a severe-outcome context proxy. It does not measure pain intensity, duration, prevalence, disability, non-fatal suffering, or total welfare burden."
painmap-human-mortality-context-v1:ZWE:unsafe-wash-mortality:2019,ZWE,ZWE,Zimbabwe,unsafe-wash-mortality,SH.STA.WASH.P5,"Mortality attributed to unsafe water, sanitation and hygiene",36.2,"deaths per 100,000 population",2019,3,latest_common_year,world-bank-who-mortality-context,snapshot.world-bank-who-mortality-context.2026-07-14,World Health Organization estimate via World Bank Indicators API; observation year 2019,2026-07-14T12:47:02Z,cc-by-4.0,https://creativecommons.org/licenses/by/4.0/,low,"Mortality is a severe-outcome context proxy. It does not measure pain intensity, duration, prevalence, disability, non-fatal suffering, or total welfare burden."
painmap-human-mortality-context-v1:ZWE:suicide-mortality:2019,ZWE,ZWE,Zimbabwe,suicide-mortality,SH.STA.SUIC.P5,Suicide mortality,15.84,"deaths per 100,000 population",2019,4,latest_common_year,world-bank-who-mortality-context,snapshot.world-bank-who-mortality-context.2026-07-14,World Health Organization estimate via World Bank Indicators API; observation year 2019,2026-07-14T12:47:02Z,cc-by-4.0,https://creativecommons.org/licenses/by/4.0/,low,"Mortality is a severe-outcome context proxy. It does not measure pain intensity, duration, prevalence, disability, non-fatal suffering, or total welfare burden."
