release_id,iso3,display_name,place_id_candidate,source_group,required_for_canonical,input_status,source_ids,source_vintage,reference_period,license_id,notes
release-candidate-2026-07-07.country-context.v0,ABW,Aruba,country:ABW,identity_boundary,True,candidate_pending_fetch_snapshot_license_and_QA,natural-earth-admin0;geoboundaries-adm1,,,,boundaries/context only
release-candidate-2026-07-07.country-context.v0,ABW,Aruba,country:ABW,wdi_population_land_agriculture,True,candidate_pending_fetch_snapshot_license_and_QA,world-bank-wdi-api,,,,"population, land area, agricultural land denominators"
release-candidate-2026-07-07.country-context.v0,ABW,Aruba,country:ABW,owid_land_animals_slaughtered,True,candidate_pending_fetch_snapshot_license_and_QA,owid-land-animals-slaughtered,,,,land animal slaughter proxy
release-candidate-2026-07-07.country-context.v0,ABW,Aruba,country:ABW,owid_farmed_fish,False,candidate_pending_fetch_snapshot_license_and_QA,owid-farmed-fish-killed,,,,farmed fish proxy
release-candidate-2026-07-07.country-context.v0,ABW,Aruba,country:ABW,owid_wild_caught_fish,False,candidate_pending_fetch_snapshot_license_and_QA,owid-wild-caught-fish,,,,wild caught fish proxy
release-candidate-2026-07-07.country-context.v0,ABW,Aruba,country:ABW,owid_farmed_crustaceans,False,candidate_pending_fetch_snapshot_license_and_QA,owid-farmed-crustaceans,,,,farmed crustacean proxy
release-candidate-2026-07-07.country-context.v0,ABW,Aruba,country:ABW,owid_insecticide_use_fao,False,candidate_pending_fetch_snapshot_license_and_QA,owid-insecticide-use-fao,,,,insecticide use proxy from FAOSTAT via OWID
release-candidate-2026-07-07.country-context.v0,ABW,Aruba,country:ABW,fishcount_farmed_fish_terms_review,False,candidate_pending_fetch_snapshot_license_and_QA,fishcount-farmed-fish,,,,block until redistribution terms verified
release-candidate-2026-07-07.country-context.v0,ABW,Aruba,country:ABW,fishcount_wild_fish_terms_review,False,candidate_pending_fetch_snapshot_license_and_QA,fishcount-wild-fish,,,,block until redistribution terms verified
release-candidate-2026-07-07.country-context.v0,ABW,Aruba,country:ABW,fishcount_crustaceans_terms_review,False,candidate_pending_fetch_snapshot_license_and_QA,fishcount-farmed-decapods,,,,block until redistribution terms verified
release-candidate-2026-07-07.country-context.v0,AFG,Afghanistan,country:AFG,identity_boundary,True,candidate_pending_fetch_snapshot_license_and_QA,natural-earth-admin0;geoboundaries-adm1,,,,boundaries/context only
release-candidate-2026-07-07.country-context.v0,AFG,Afghanistan,country:AFG,wdi_population_land_agriculture,True,candidate_pending_fetch_snapshot_license_and_QA,world-bank-wdi-api,,,,"population, land area, agricultural land denominators"
release-candidate-2026-07-07.country-context.v0,AFG,Afghanistan,country:AFG,owid_land_animals_slaughtered,True,candidate_pending_fetch_snapshot_license_and_QA,owid-land-animals-slaughtered,,,,land animal slaughter proxy
release-candidate-2026-07-07.country-context.v0,AFG,Afghanistan,country:AFG,owid_farmed_fish,False,candidate_pending_fetch_snapshot_license_and_QA,owid-farmed-fish-killed,,,,farmed fish proxy
release-candidate-2026-07-07.country-context.v0,AFG,Afghanistan,country:AFG,owid_wild_caught_fish,False,candidate_pending_fetch_snapshot_license_and_QA,owid-wild-caught-fish,,,,wild caught fish proxy
release-candidate-2026-07-07.country-context.v0,AFG,Afghanistan,country:AFG,owid_farmed_crustaceans,False,candidate_pending_fetch_snapshot_license_and_QA,owid-farmed-crustaceans,,,,farmed crustacean proxy
release-candidate-2026-07-07.country-context.v0,AFG,Afghanistan,country:AFG,owid_insecticide_use_fao,False,candidate_pending_fetch_snapshot_license_and_QA,owid-insecticide-use-fao,,,,insecticide use proxy from FAOSTAT via OWID
release-candidate-2026-07-07.country-context.v0,AFG,Afghanistan,country:AFG,fishcount_farmed_fish_terms_review,False,candidate_pending_fetch_snapshot_license_and_QA,fishcount-farmed-fish,,,,block until redistribution terms verified
release-candidate-2026-07-07.country-context.v0,AFG,Afghanistan,country:AFG,fishcount_wild_fish_terms_review,False,candidate_pending_fetch_snapshot_license_and_QA,fishcount-wild-fish,,,,block until redistribution terms verified
release-candidate-2026-07-07.country-context.v0,AFG,Afghanistan,country:AFG,fishcount_crustaceans_terms_review,False,candidate_pending_fetch_snapshot_license_and_QA,fishcount-farmed-decapods,,,,block until redistribution terms verified
release-candidate-2026-07-07.country-context.v0,AGO,Angola,country:AGO,identity_boundary,True,candidate_pending_fetch_snapshot_license_and_QA,natural-earth-admin0;geoboundaries-adm1,,,,boundaries/context only
release-candidate-2026-07-07.country-context.v0,AGO,Angola,country:AGO,wdi_population_land_agriculture,True,candidate_pending_fetch_snapshot_license_and_QA,world-bank-wdi-api,,,,"population, land area, agricultural land denominators"
release-candidate-2026-07-07.country-context.v0,AGO,Angola,country:AGO,owid_land_animals_slaughtered,True,candidate_pending_fetch_snapshot_license_and_QA,owid-land-animals-slaughtered,,,,land animal slaughter proxy
release-candidate-2026-07-07.country-context.v0,AGO,Angola,country:AGO,owid_farmed_fish,False,candidate_pending_fetch_snapshot_license_and_QA,owid-farmed-fish-killed,,,,farmed fish proxy
release-candidate-2026-07-07.country-context.v0,AGO,Angola,country:AGO,owid_wild_caught_fish,False,candidate_pending_fetch_snapshot_license_and_QA,owid-wild-caught-fish,,,,wild caught fish proxy
release-candidate-2026-07-07.country-context.v0,AGO,Angola,country:AGO,owid_farmed_crustaceans,False,candidate_pending_fetch_snapshot_license_and_QA,owid-farmed-crustaceans,,,,farmed crustacean proxy
release-candidate-2026-07-07.country-context.v0,AGO,Angola,country:AGO,owid_insecticide_use_fao,False,candidate_pending_fetch_snapshot_license_and_QA,owid-insecticide-use-fao,,,,insecticide use proxy from FAOSTAT via OWID
release-candidate-2026-07-07.country-context.v0,AGO,Angola,country:AGO,fishcount_farmed_fish_terms_review,False,candidate_pending_fetch_snapshot_license_and_QA,fishcount-farmed-fish,,,,block until redistribution terms verified
release-candidate-2026-07-07.country-context.v0,AGO,Angola,country:AGO,fishcount_wild_fish_terms_review,False,candidate_pending_fetch_snapshot_license_and_QA,fishcount-wild-fish,,,,block until redistribution terms verified
release-candidate-2026-07-07.country-context.v0,AGO,Angola,country:AGO,fishcount_crustaceans_terms_review,False,candidate_pending_fetch_snapshot_license_and_QA,fishcount-farmed-decapods,,,,block until redistribution terms verified
release-candidate-2026-07-07.country-context.v0,AIA,Anguilla,country:AIA,identity_boundary,True,candidate_pending_fetch_snapshot_license_and_QA,natural-earth-admin0;geoboundaries-adm1,,,,boundaries/context only
release-candidate-2026-07-07.country-context.v0,AIA,Anguilla,country:AIA,wdi_population_land_agriculture,True,candidate_pending_fetch_snapshot_license_and_QA,world-bank-wdi-api,,,,"population, land area, agricultural land denominators"
release-candidate-2026-07-07.country-context.v0,AIA,Anguilla,country:AIA,owid_land_animals_slaughtered,True,candidate_pending_fetch_snapshot_license_and_QA,owid-land-animals-slaughtered,,,,land animal slaughter proxy
release-candidate-2026-07-07.country-context.v0,AIA,Anguilla,country:AIA,owid_farmed_fish,False,candidate_pending_fetch_snapshot_license_and_QA,owid-farmed-fish-killed,,,,farmed fish proxy
release-candidate-2026-07-07.country-context.v0,AIA,Anguilla,country:AIA,owid_wild_caught_fish,False,candidate_pending_fetch_snapshot_license_and_QA,owid-wild-caught-fish,,,,wild caught fish proxy
release-candidate-2026-07-07.country-context.v0,AIA,Anguilla,country:AIA,owid_farmed_crustaceans,False,candidate_pending_fetch_snapshot_license_and_QA,owid-farmed-crustaceans,,,,farmed crustacean proxy
release-candidate-2026-07-07.country-context.v0,AIA,Anguilla,country:AIA,owid_insecticide_use_fao,False,candidate_pending_fetch_snapshot_license_and_QA,owid-insecticide-use-fao,,,,insecticide use proxy from FAOSTAT via OWID
release-candidate-2026-07-07.country-context.v0,AIA,Anguilla,country:AIA,fishcount_farmed_fish_terms_review,False,candidate_pending_fetch_snapshot_license_and_QA,fishcount-farmed-fish,,,,block until redistribution terms verified
release-candidate-2026-07-07.country-context.v0,AIA,Anguilla,country:AIA,fishcount_wild_fish_terms_review,False,candidate_pending_fetch_snapshot_license_and_QA,fishcount-wild-fish,,,,block until redistribution terms verified
release-candidate-2026-07-07.country-context.v0,AIA,Anguilla,country:AIA,fishcount_crustaceans_terms_review,False,candidate_pending_fetch_snapshot_license_and_QA,fishcount-farmed-decapods,,,,block until redistribution terms verified
release-candidate-2026-07-07.country-context.v0,ALA,Åland Islands,country:ALA,identity_boundary,True,candidate_pending_fetch_snapshot_license_and_QA,natural-earth-admin0;geoboundaries-adm1,,,,boundaries/context only
release-candidate-2026-07-07.country-context.v0,ALA,Åland Islands,country:ALA,wdi_population_land_agriculture,True,candidate_pending_fetch_snapshot_license_and_QA,world-bank-wdi-api,,,,"population, land area, agricultural land denominators"
release-candidate-2026-07-07.country-context.v0,ALA,Åland Islands,country:ALA,owid_land_animals_slaughtered,True,candidate_pending_fetch_snapshot_license_and_QA,owid-land-animals-slaughtered,,,,land animal slaughter proxy
release-candidate-2026-07-07.country-context.v0,ALA,Åland Islands,country:ALA,owid_farmed_fish,False,candidate_pending_fetch_snapshot_license_and_QA,owid-farmed-fish-killed,,,,farmed fish proxy
release-candidate-2026-07-07.country-context.v0,ALA,Åland Islands,country:ALA,owid_wild_caught_fish,False,candidate_pending_fetch_snapshot_license_and_QA,owid-wild-caught-fish,,,,wild caught fish proxy
release-candidate-2026-07-07.country-context.v0,ALA,Åland Islands,country:ALA,owid_farmed_crustaceans,False,candidate_pending_fetch_snapshot_license_and_QA,owid-farmed-crustaceans,,,,farmed crustacean proxy
release-candidate-2026-07-07.country-context.v0,ALA,Åland Islands,country:ALA,owid_insecticide_use_fao,False,candidate_pending_fetch_snapshot_license_and_QA,owid-insecticide-use-fao,,,,insecticide use proxy from FAOSTAT via OWID
release-candidate-2026-07-07.country-context.v0,ALA,Åland Islands,country:ALA,fishcount_farmed_fish_terms_review,False,candidate_pending_fetch_snapshot_license_and_QA,fishcount-farmed-fish,,,,block until redistribution terms verified
release-candidate-2026-07-07.country-context.v0,ALA,Åland Islands,country:ALA,fishcount_wild_fish_terms_review,False,candidate_pending_fetch_snapshot_license_and_QA,fishcount-wild-fish,,,,block until redistribution terms verified
release-candidate-2026-07-07.country-context.v0,ALA,Åland Islands,country:ALA,fishcount_crustaceans_terms_review,False,candidate_pending_fetch_snapshot_license_and_QA,fishcount-farmed-decapods,,,,block until redistribution terms verified
release-candidate-2026-07-07.country-context.v0,ALB,Albania,country:ALB,identity_boundary,True,candidate_pending_fetch_snapshot_license_and_QA,natural-earth-admin0;geoboundaries-adm1,,,,boundaries/context only
release-candidate-2026-07-07.country-context.v0,ALB,Albania,country:ALB,wdi_population_land_agriculture,True,candidate_pending_fetch_snapshot_license_and_QA,world-bank-wdi-api,,,,"population, land area, agricultural land denominators"
release-candidate-2026-07-07.country-context.v0,ALB,Albania,country:ALB,owid_land_animals_slaughtered,True,candidate_pending_fetch_snapshot_license_and_QA,owid-land-animals-slaughtered,,,,land animal slaughter proxy
release-candidate-2026-07-07.country-context.v0,ALB,Albania,country:ALB,owid_farmed_fish,False,candidate_pending_fetch_snapshot_license_and_QA,owid-farmed-fish-killed,,,,farmed fish proxy
release-candidate-2026-07-07.country-context.v0,ALB,Albania,country:ALB,owid_wild_caught_fish,False,candidate_pending_fetch_snapshot_license_and_QA,owid-wild-caught-fish,,,,wild caught fish proxy
release-candidate-2026-07-07.country-context.v0,ALB,Albania,country:ALB,owid_farmed_crustaceans,False,candidate_pending_fetch_snapshot_license_and_QA,owid-farmed-crustaceans,,,,farmed crustacean proxy
release-candidate-2026-07-07.country-context.v0,ALB,Albania,country:ALB,owid_insecticide_use_fao,False,candidate_pending_fetch_snapshot_license_and_QA,owid-insecticide-use-fao,,,,insecticide use proxy from FAOSTAT via OWID
release-candidate-2026-07-07.country-context.v0,ALB,Albania,country:ALB,fishcount_farmed_fish_terms_review,False,candidate_pending_fetch_snapshot_license_and_QA,fishcount-farmed-fish,,,,block until redistribution terms verified
release-candidate-2026-07-07.country-context.v0,ALB,Albania,country:ALB,fishcount_wild_fish_terms_review,False,candidate_pending_fetch_snapshot_license_and_QA,fishcount-wild-fish,,,,block until redistribution terms verified
release-candidate-2026-07-07.country-context.v0,ALB,Albania,country:ALB,fishcount_crustaceans_terms_review,False,candidate_pending_fetch_snapshot_license_and_QA,fishcount-farmed-decapods,,,,block until redistribution terms verified
release-candidate-2026-07-07.country-context.v0,AND,Andorra,country:AND,identity_boundary,True,candidate_pending_fetch_snapshot_license_and_QA,natural-earth-admin0;geoboundaries-adm1,,,,boundaries/context only
release-candidate-2026-07-07.country-context.v0,AND,Andorra,country:AND,wdi_population_land_agriculture,True,candidate_pending_fetch_snapshot_license_and_QA,world-bank-wdi-api,,,,"population, land area, agricultural land denominators"
release-candidate-2026-07-07.country-context.v0,AND,Andorra,country:AND,owid_land_animals_slaughtered,True,candidate_pending_fetch_snapshot_license_and_QA,owid-land-animals-slaughtered,,,,land animal slaughter proxy
release-candidate-2026-07-07.country-context.v0,AND,Andorra,country:AND,owid_farmed_fish,False,candidate_pending_fetch_snapshot_license_and_QA,owid-farmed-fish-killed,,,,farmed fish proxy
release-candidate-2026-07-07.country-context.v0,AND,Andorra,country:AND,owid_wild_caught_fish,False,candidate_pending_fetch_snapshot_license_and_QA,owid-wild-caught-fish,,,,wild caught fish proxy
release-candidate-2026-07-07.country-context.v0,AND,Andorra,country:AND,owid_farmed_crustaceans,False,candidate_pending_fetch_snapshot_license_and_QA,owid-farmed-crustaceans,,,,farmed crustacean proxy
release-candidate-2026-07-07.country-context.v0,AND,Andorra,country:AND,owid_insecticide_use_fao,False,candidate_pending_fetch_snapshot_license_and_QA,owid-insecticide-use-fao,,,,insecticide use proxy from FAOSTAT via OWID
release-candidate-2026-07-07.country-context.v0,AND,Andorra,country:AND,fishcount_farmed_fish_terms_review,False,candidate_pending_fetch_snapshot_license_and_QA,fishcount-farmed-fish,,,,block until redistribution terms verified
release-candidate-2026-07-07.country-context.v0,AND,Andorra,country:AND,fishcount_wild_fish_terms_review,False,candidate_pending_fetch_snapshot_license_and_QA,fishcount-wild-fish,,,,block until redistribution terms verified
release-candidate-2026-07-07.country-context.v0,AND,Andorra,country:AND,fishcount_crustaceans_terms_review,False,candidate_pending_fetch_snapshot_license_and_QA,fishcount-farmed-decapods,,,,block until redistribution terms verified
release-candidate-2026-07-07.country-context.v0,ARE,United Arab Emirates,country:ARE,identity_boundary,True,candidate_pending_fetch_snapshot_license_and_QA,natural-earth-admin0;geoboundaries-adm1,,,,boundaries/context only
release-candidate-2026-07-07.country-context.v0,ARE,United Arab Emirates,country:ARE,wdi_population_land_agriculture,True,candidate_pending_fetch_snapshot_license_and_QA,world-bank-wdi-api,,,,"population, land area, agricultural land denominators"
release-candidate-2026-07-07.country-context.v0,ARE,United Arab Emirates,country:ARE,owid_land_animals_slaughtered,True,candidate_pending_fetch_snapshot_license_and_QA,owid-land-animals-slaughtered,,,,land animal slaughter proxy
release-candidate-2026-07-07.country-context.v0,ARE,United Arab Emirates,country:ARE,owid_farmed_fish,False,candidate_pending_fetch_snapshot_license_and_QA,owid-farmed-fish-killed,,,,farmed fish proxy
release-candidate-2026-07-07.country-context.v0,ARE,United Arab Emirates,country:ARE,owid_wild_caught_fish,False,candidate_pending_fetch_snapshot_license_and_QA,owid-wild-caught-fish,,,,wild caught fish proxy
release-candidate-2026-07-07.country-context.v0,ARE,United Arab Emirates,country:ARE,owid_farmed_crustaceans,False,candidate_pending_fetch_snapshot_license_and_QA,owid-farmed-crustaceans,,,,farmed crustacean proxy
release-candidate-2026-07-07.country-context.v0,ARE,United Arab Emirates,country:ARE,owid_insecticide_use_fao,False,candidate_pending_fetch_snapshot_license_and_QA,owid-insecticide-use-fao,,,,insecticide use proxy from FAOSTAT via OWID
release-candidate-2026-07-07.country-context.v0,ARE,United Arab Emirates,country:ARE,fishcount_farmed_fish_terms_review,False,candidate_pending_fetch_snapshot_license_and_QA,fishcount-farmed-fish,,,,block until redistribution terms verified
release-candidate-2026-07-07.country-context.v0,ARE,United Arab Emirates,country:ARE,fishcount_wild_fish_terms_review,False,candidate_pending_fetch_snapshot_license_and_QA,fishcount-wild-fish,,,,block until redistribution terms verified
release-candidate-2026-07-07.country-context.v0,ARE,United Arab Emirates,country:ARE,fishcount_crustaceans_terms_review,False,candidate_pending_fetch_snapshot_license_and_QA,fishcount-farmed-decapods,,,,block until redistribution terms verified
release-candidate-2026-07-07.country-context.v0,ARG,Argentina,country:ARG,identity_boundary,True,candidate_pending_fetch_snapshot_license_and_QA,natural-earth-admin0;geoboundaries-adm1,,,,boundaries/context only
release-candidate-2026-07-07.country-context.v0,ARG,Argentina,country:ARG,wdi_population_land_agriculture,True,candidate_pending_fetch_snapshot_license_and_QA,world-bank-wdi-api,,,,"population, land area, agricultural land denominators"
release-candidate-2026-07-07.country-context.v0,ARG,Argentina,country:ARG,owid_land_animals_slaughtered,True,candidate_pending_fetch_snapshot_license_and_QA,owid-land-animals-slaughtered,,,,land animal slaughter proxy
release-candidate-2026-07-07.country-context.v0,ARG,Argentina,country:ARG,owid_farmed_fish,False,candidate_pending_fetch_snapshot_license_and_QA,owid-farmed-fish-killed,,,,farmed fish proxy
release-candidate-2026-07-07.country-context.v0,ARG,Argentina,country:ARG,owid_wild_caught_fish,False,candidate_pending_fetch_snapshot_license_and_QA,owid-wild-caught-fish,,,,wild caught fish proxy
release-candidate-2026-07-07.country-context.v0,ARG,Argentina,country:ARG,owid_farmed_crustaceans,False,candidate_pending_fetch_snapshot_license_and_QA,owid-farmed-crustaceans,,,,farmed crustacean proxy
release-candidate-2026-07-07.country-context.v0,ARG,Argentina,country:ARG,owid_insecticide_use_fao,False,candidate_pending_fetch_snapshot_license_and_QA,owid-insecticide-use-fao,,,,insecticide use proxy from FAOSTAT via OWID
release-candidate-2026-07-07.country-context.v0,ARG,Argentina,country:ARG,fishcount_farmed_fish_terms_review,False,candidate_pending_fetch_snapshot_license_and_QA,fishcount-farmed-fish,,,,block until redistribution terms verified
release-candidate-2026-07-07.country-context.v0,ARG,Argentina,country:ARG,fishcount_wild_fish_terms_review,False,candidate_pending_fetch_snapshot_license_and_QA,fishcount-wild-fish,,,,block until redistribution terms verified
release-candidate-2026-07-07.country-context.v0,ARG,Argentina,country:ARG,fishcount_crustaceans_terms_review,False,candidate_pending_fetch_snapshot_license_and_QA,fishcount-farmed-decapods,,,,block until redistribution terms verified
release-candidate-2026-07-07.country-context.v0,ARM,Armenia,country:ARM,identity_boundary,True,candidate_pending_fetch_snapshot_license_and_QA,natural-earth-admin0;geoboundaries-adm1,,,,boundaries/context only
release-candidate-2026-07-07.country-context.v0,ARM,Armenia,country:ARM,wdi_population_land_agriculture,True,candidate_pending_fetch_snapshot_license_and_QA,world-bank-wdi-api,,,,"population, land area, agricultural land denominators"
release-candidate-2026-07-07.country-context.v0,ARM,Armenia,country:ARM,owid_land_animals_slaughtered,True,candidate_pending_fetch_snapshot_license_and_QA,owid-land-animals-slaughtered,,,,land animal slaughter proxy
release-candidate-2026-07-07.country-context.v0,ARM,Armenia,country:ARM,owid_farmed_fish,False,candidate_pending_fetch_snapshot_license_and_QA,owid-farmed-fish-killed,,,,farmed fish proxy
release-candidate-2026-07-07.country-context.v0,ARM,Armenia,country:ARM,owid_wild_caught_fish,False,candidate_pending_fetch_snapshot_license_and_QA,owid-wild-caught-fish,,,,wild caught fish proxy
release-candidate-2026-07-07.country-context.v0,ARM,Armenia,country:ARM,owid_farmed_crustaceans,False,candidate_pending_fetch_snapshot_license_and_QA,owid-farmed-crustaceans,,,,farmed crustacean proxy
release-candidate-2026-07-07.country-context.v0,ARM,Armenia,country:ARM,owid_insecticide_use_fao,False,candidate_pending_fetch_snapshot_license_and_QA,owid-insecticide-use-fao,,,,insecticide use proxy from FAOSTAT via OWID
release-candidate-2026-07-07.country-context.v0,ARM,Armenia,country:ARM,fishcount_farmed_fish_terms_review,False,candidate_pending_fetch_snapshot_license_and_QA,fishcount-farmed-fish,,,,block until redistribution terms verified
release-candidate-2026-07-07.country-context.v0,ARM,Armenia,country:ARM,fishcount_wild_fish_terms_review,False,candidate_pending_fetch_snapshot_license_and_QA,fishcount-wild-fish,,,,block until redistribution terms verified
release-candidate-2026-07-07.country-context.v0,ARM,Armenia,country:ARM,fishcount_crustaceans_terms_review,False,candidate_pending_fetch_snapshot_license_and_QA,fishcount-farmed-decapods,,,,block until redistribution terms verified
release-candidate-2026-07-07.country-context.v0,ASM,American Samoa,country:ASM,identity_boundary,True,candidate_pending_fetch_snapshot_license_and_QA,natural-earth-admin0;geoboundaries-adm1,,,,boundaries/context only
release-candidate-2026-07-07.country-context.v0,ASM,American Samoa,country:ASM,wdi_population_land_agriculture,True,candidate_pending_fetch_snapshot_license_and_QA,world-bank-wdi-api,,,,"population, land area, agricultural land denominators"
release-candidate-2026-07-07.country-context.v0,ASM,American Samoa,country:ASM,owid_land_animals_slaughtered,True,candidate_pending_fetch_snapshot_license_and_QA,owid-land-animals-slaughtered,,,,land animal slaughter proxy
release-candidate-2026-07-07.country-context.v0,ASM,American Samoa,country:ASM,owid_farmed_fish,False,candidate_pending_fetch_snapshot_license_and_QA,owid-farmed-fish-killed,,,,farmed fish proxy
release-candidate-2026-07-07.country-context.v0,ASM,American Samoa,country:ASM,owid_wild_caught_fish,False,candidate_pending_fetch_snapshot_license_and_QA,owid-wild-caught-fish,,,,wild caught fish proxy
release-candidate-2026-07-07.country-context.v0,ASM,American Samoa,country:ASM,owid_farmed_crustaceans,False,candidate_pending_fetch_snapshot_license_and_QA,owid-farmed-crustaceans,,,,farmed crustacean proxy
release-candidate-2026-07-07.country-context.v0,ASM,American Samoa,country:ASM,owid_insecticide_use_fao,False,candidate_pending_fetch_snapshot_license_and_QA,owid-insecticide-use-fao,,,,insecticide use proxy from FAOSTAT via OWID
release-candidate-2026-07-07.country-context.v0,ASM,American Samoa,country:ASM,fishcount_farmed_fish_terms_review,False,candidate_pending_fetch_snapshot_license_and_QA,fishcount-farmed-fish,,,,block until redistribution terms verified
release-candidate-2026-07-07.country-context.v0,ASM,American Samoa,country:ASM,fishcount_wild_fish_terms_review,False,candidate_pending_fetch_snapshot_license_and_QA,fishcount-wild-fish,,,,block until redistribution terms verified
release-candidate-2026-07-07.country-context.v0,ASM,American Samoa,country:ASM,fishcount_crustaceans_terms_review,False,candidate_pending_fetch_snapshot_license_and_QA,fishcount-farmed-decapods,,,,block until redistribution terms verified
release-candidate-2026-07-07.country-context.v0,ATA,Antarctica,country:ATA,identity_boundary,True,candidate_pending_fetch_snapshot_license_and_QA,natural-earth-admin0;geoboundaries-adm1,,,,boundaries/context only
release-candidate-2026-07-07.country-context.v0,ATA,Antarctica,country:ATA,wdi_population_land_agriculture,True,candidate_pending_fetch_snapshot_license_and_QA,world-bank-wdi-api,,,,"population, land area, agricultural land denominators"
release-candidate-2026-07-07.country-context.v0,ATA,Antarctica,country:ATA,owid_land_animals_slaughtered,True,candidate_pending_fetch_snapshot_license_and_QA,owid-land-animals-slaughtered,,,,land animal slaughter proxy
release-candidate-2026-07-07.country-context.v0,ATA,Antarctica,country:ATA,owid_farmed_fish,False,candidate_pending_fetch_snapshot_license_and_QA,owid-farmed-fish-killed,,,,farmed fish proxy
release-candidate-2026-07-07.country-context.v0,ATA,Antarctica,country:ATA,owid_wild_caught_fish,False,candidate_pending_fetch_snapshot_license_and_QA,owid-wild-caught-fish,,,,wild caught fish proxy
release-candidate-2026-07-07.country-context.v0,ATA,Antarctica,country:ATA,owid_farmed_crustaceans,False,candidate_pending_fetch_snapshot_license_and_QA,owid-farmed-crustaceans,,,,farmed crustacean proxy
release-candidate-2026-07-07.country-context.v0,ATA,Antarctica,country:ATA,owid_insecticide_use_fao,False,candidate_pending_fetch_snapshot_license_and_QA,owid-insecticide-use-fao,,,,insecticide use proxy from FAOSTAT via OWID
release-candidate-2026-07-07.country-context.v0,ATA,Antarctica,country:ATA,fishcount_farmed_fish_terms_review,False,candidate_pending_fetch_snapshot_license_and_QA,fishcount-farmed-fish,,,,block until redistribution terms verified
release-candidate-2026-07-07.country-context.v0,ATA,Antarctica,country:ATA,fishcount_wild_fish_terms_review,False,candidate_pending_fetch_snapshot_license_and_QA,fishcount-wild-fish,,,,block until redistribution terms verified
release-candidate-2026-07-07.country-context.v0,ATA,Antarctica,country:ATA,fishcount_crustaceans_terms_review,False,candidate_pending_fetch_snapshot_license_and_QA,fishcount-farmed-decapods,,,,block until redistribution terms verified
release-candidate-2026-07-07.country-context.v0,ATF,French Southern Territories,country:ATF,identity_boundary,True,candidate_pending_fetch_snapshot_license_and_QA,natural-earth-admin0;geoboundaries-adm1,,,,boundaries/context only
release-candidate-2026-07-07.country-context.v0,ATF,French Southern Territories,country:ATF,wdi_population_land_agriculture,True,candidate_pending_fetch_snapshot_license_and_QA,world-bank-wdi-api,,,,"population, land area, agricultural land denominators"
release-candidate-2026-07-07.country-context.v0,ATF,French Southern Territories,country:ATF,owid_land_animals_slaughtered,True,candidate_pending_fetch_snapshot_license_and_QA,owid-land-animals-slaughtered,,,,land animal slaughter proxy
release-candidate-2026-07-07.country-context.v0,ATF,French Southern Territories,country:ATF,owid_farmed_fish,False,candidate_pending_fetch_snapshot_license_and_QA,owid-farmed-fish-killed,,,,farmed fish proxy
release-candidate-2026-07-07.country-context.v0,ATF,French Southern Territories,country:ATF,owid_wild_caught_fish,False,candidate_pending_fetch_snapshot_license_and_QA,owid-wild-caught-fish,,,,wild caught fish proxy
release-candidate-2026-07-07.country-context.v0,ATF,French Southern Territories,country:ATF,owid_farmed_crustaceans,False,candidate_pending_fetch_snapshot_license_and_QA,owid-farmed-crustaceans,,,,farmed crustacean proxy
release-candidate-2026-07-07.country-context.v0,ATF,French Southern Territories,country:ATF,owid_insecticide_use_fao,False,candidate_pending_fetch_snapshot_license_and_QA,owid-insecticide-use-fao,,,,insecticide use proxy from FAOSTAT via OWID
release-candidate-2026-07-07.country-context.v0,ATF,French Southern Territories,country:ATF,fishcount_farmed_fish_terms_review,False,candidate_pending_fetch_snapshot_license_and_QA,fishcount-farmed-fish,,,,block until redistribution terms verified
release-candidate-2026-07-07.country-context.v0,ATF,French Southern Territories,country:ATF,fishcount_wild_fish_terms_review,False,candidate_pending_fetch_snapshot_license_and_QA,fishcount-wild-fish,,,,block until redistribution terms verified
release-candidate-2026-07-07.country-context.v0,ATF,French Southern Territories,country:ATF,fishcount_crustaceans_terms_review,False,candidate_pending_fetch_snapshot_license_and_QA,fishcount-farmed-decapods,,,,block until redistribution terms verified
release-candidate-2026-07-07.country-context.v0,ATG,Antigua and Barbuda,country:ATG,identity_boundary,True,candidate_pending_fetch_snapshot_license_and_QA,natural-earth-admin0;geoboundaries-adm1,,,,boundaries/context only
release-candidate-2026-07-07.country-context.v0,ATG,Antigua and Barbuda,country:ATG,wdi_population_land_agriculture,True,candidate_pending_fetch_snapshot_license_and_QA,world-bank-wdi-api,,,,"population, land area, agricultural land denominators"
release-candidate-2026-07-07.country-context.v0,ATG,Antigua and Barbuda,country:ATG,owid_land_animals_slaughtered,True,candidate_pending_fetch_snapshot_license_and_QA,owid-land-animals-slaughtered,,,,land animal slaughter proxy
release-candidate-2026-07-07.country-context.v0,ATG,Antigua and Barbuda,country:ATG,owid_farmed_fish,False,candidate_pending_fetch_snapshot_license_and_QA,owid-farmed-fish-killed,,,,farmed fish proxy
release-candidate-2026-07-07.country-context.v0,ATG,Antigua and Barbuda,country:ATG,owid_wild_caught_fish,False,candidate_pending_fetch_snapshot_license_and_QA,owid-wild-caught-fish,,,,wild caught fish proxy
release-candidate-2026-07-07.country-context.v0,ATG,Antigua and Barbuda,country:ATG,owid_farmed_crustaceans,False,candidate_pending_fetch_snapshot_license_and_QA,owid-farmed-crustaceans,,,,farmed crustacean proxy
release-candidate-2026-07-07.country-context.v0,ATG,Antigua and Barbuda,country:ATG,owid_insecticide_use_fao,False,candidate_pending_fetch_snapshot_license_and_QA,owid-insecticide-use-fao,,,,insecticide use proxy from FAOSTAT via OWID
release-candidate-2026-07-07.country-context.v0,ATG,Antigua and Barbuda,country:ATG,fishcount_farmed_fish_terms_review,False,candidate_pending_fetch_snapshot_license_and_QA,fishcount-farmed-fish,,,,block until redistribution terms verified
release-candidate-2026-07-07.country-context.v0,ATG,Antigua and Barbuda,country:ATG,fishcount_wild_fish_terms_review,False,candidate_pending_fetch_snapshot_license_and_QA,fishcount-wild-fish,,,,block until redistribution terms verified
release-candidate-2026-07-07.country-context.v0,ATG,Antigua and Barbuda,country:ATG,fishcount_crustaceans_terms_review,False,candidate_pending_fetch_snapshot_license_and_QA,fishcount-farmed-decapods,,,,block until redistribution terms verified
release-candidate-2026-07-07.country-context.v0,AUS,Australia,country:AUS,identity_boundary,True,candidate_pending_fetch_snapshot_license_and_QA,natural-earth-admin0;geoboundaries-adm1,,,,boundaries/context only
release-candidate-2026-07-07.country-context.v0,AUS,Australia,country:AUS,wdi_population_land_agriculture,True,candidate_pending_fetch_snapshot_license_and_QA,world-bank-wdi-api,,,,"population, land area, agricultural land denominators"
release-candidate-2026-07-07.country-context.v0,AUS,Australia,country:AUS,owid_land_animals_slaughtered,True,candidate_pending_fetch_snapshot_license_and_QA,owid-land-animals-slaughtered,,,,land animal slaughter proxy
release-candidate-2026-07-07.country-context.v0,AUS,Australia,country:AUS,owid_farmed_fish,False,candidate_pending_fetch_snapshot_license_and_QA,owid-farmed-fish-killed,,,,farmed fish proxy
release-candidate-2026-07-07.country-context.v0,AUS,Australia,country:AUS,owid_wild_caught_fish,False,candidate_pending_fetch_snapshot_license_and_QA,owid-wild-caught-fish,,,,wild caught fish proxy
release-candidate-2026-07-07.country-context.v0,AUS,Australia,country:AUS,owid_farmed_crustaceans,False,candidate_pending_fetch_snapshot_license_and_QA,owid-farmed-crustaceans,,,,farmed crustacean proxy
release-candidate-2026-07-07.country-context.v0,AUS,Australia,country:AUS,owid_insecticide_use_fao,False,candidate_pending_fetch_snapshot_license_and_QA,owid-insecticide-use-fao,,,,insecticide use proxy from FAOSTAT via OWID
release-candidate-2026-07-07.country-context.v0,AUS,Australia,country:AUS,fishcount_farmed_fish_terms_review,False,candidate_pending_fetch_snapshot_license_and_QA,fishcount-farmed-fish,,,,block until redistribution terms verified
release-candidate-2026-07-07.country-context.v0,AUS,Australia,country:AUS,fishcount_wild_fish_terms_review,False,candidate_pending_fetch_snapshot_license_and_QA,fishcount-wild-fish,,,,block until redistribution terms verified
release-candidate-2026-07-07.country-context.v0,AUS,Australia,country:AUS,fishcount_crustaceans_terms_review,False,candidate_pending_fetch_snapshot_license_and_QA,fishcount-farmed-decapods,,,,block until redistribution terms verified
release-candidate-2026-07-07.country-context.v0,AUT,Austria,country:AUT,identity_boundary,True,candidate_pending_fetch_snapshot_license_and_QA,natural-earth-admin0;geoboundaries-adm1,,,,boundaries/context only
release-candidate-2026-07-07.country-context.v0,AUT,Austria,country:AUT,wdi_population_land_agriculture,True,candidate_pending_fetch_snapshot_license_and_QA,world-bank-wdi-api,,,,"population, land area, agricultural land denominators"
release-candidate-2026-07-07.country-context.v0,AUT,Austria,country:AUT,owid_land_animals_slaughtered,True,candidate_pending_fetch_snapshot_license_and_QA,owid-land-animals-slaughtered,,,,land animal slaughter proxy
release-candidate-2026-07-07.country-context.v0,AUT,Austria,country:AUT,owid_farmed_fish,False,candidate_pending_fetch_snapshot_license_and_QA,owid-farmed-fish-killed,,,,farmed fish proxy
release-candidate-2026-07-07.country-context.v0,AUT,Austria,country:AUT,owid_wild_caught_fish,False,candidate_pending_fetch_snapshot_license_and_QA,owid-wild-caught-fish,,,,wild caught fish proxy
release-candidate-2026-07-07.country-context.v0,AUT,Austria,country:AUT,owid_farmed_crustaceans,False,candidate_pending_fetch_snapshot_license_and_QA,owid-farmed-crustaceans,,,,farmed crustacean proxy
release-candidate-2026-07-07.country-context.v0,AUT,Austria,country:AUT,owid_insecticide_use_fao,False,candidate_pending_fetch_snapshot_license_and_QA,owid-insecticide-use-fao,,,,insecticide use proxy from FAOSTAT via OWID
release-candidate-2026-07-07.country-context.v0,AUT,Austria,country:AUT,fishcount_farmed_fish_terms_review,False,candidate_pending_fetch_snapshot_license_and_QA,fishcount-farmed-fish,,,,block until redistribution terms verified
release-candidate-2026-07-07.country-context.v0,AUT,Austria,country:AUT,fishcount_wild_fish_terms_review,False,candidate_pending_fetch_snapshot_license_and_QA,fishcount-wild-fish,,,,block until redistribution terms verified
release-candidate-2026-07-07.country-context.v0,AUT,Austria,country:AUT,fishcount_crustaceans_terms_review,False,candidate_pending_fetch_snapshot_license_and_QA,fishcount-farmed-decapods,,,,block until redistribution terms verified
release-candidate-2026-07-07.country-context.v0,AZE,Azerbaijan,country:AZE,identity_boundary,True,candidate_pending_fetch_snapshot_license_and_QA,natural-earth-admin0;geoboundaries-adm1,,,,boundaries/context only
release-candidate-2026-07-07.country-context.v0,AZE,Azerbaijan,country:AZE,wdi_population_land_agriculture,True,candidate_pending_fetch_snapshot_license_and_QA,world-bank-wdi-api,,,,"population, land area, agricultural land denominators"
release-candidate-2026-07-07.country-context.v0,AZE,Azerbaijan,country:AZE,owid_land_animals_slaughtered,True,candidate_pending_fetch_snapshot_license_and_QA,owid-land-animals-slaughtered,,,,land animal slaughter proxy
release-candidate-2026-07-07.country-context.v0,AZE,Azerbaijan,country:AZE,owid_farmed_fish,False,candidate_pending_fetch_snapshot_license_and_QA,owid-farmed-fish-killed,,,,farmed fish proxy
release-candidate-2026-07-07.country-context.v0,AZE,Azerbaijan,country:AZE,owid_wild_caught_fish,False,candidate_pending_fetch_snapshot_license_and_QA,owid-wild-caught-fish,,,,wild caught fish proxy
release-candidate-2026-07-07.country-context.v0,AZE,Azerbaijan,country:AZE,owid_farmed_crustaceans,False,candidate_pending_fetch_snapshot_license_and_QA,owid-farmed-crustaceans,,,,farmed crustacean proxy
release-candidate-2026-07-07.country-context.v0,AZE,Azerbaijan,country:AZE,owid_insecticide_use_fao,False,candidate_pending_fetch_snapshot_license_and_QA,owid-insecticide-use-fao,,,,insecticide use proxy from FAOSTAT via OWID
release-candidate-2026-07-07.country-context.v0,AZE,Azerbaijan,country:AZE,fishcount_farmed_fish_terms_review,False,candidate_pending_fetch_snapshot_license_and_QA,fishcount-farmed-fish,,,,block until redistribution terms verified
release-candidate-2026-07-07.country-context.v0,AZE,Azerbaijan,country:AZE,fishcount_wild_fish_terms_review,False,candidate_pending_fetch_snapshot_license_and_QA,fishcount-wild-fish,,,,block until redistribution terms verified
release-candidate-2026-07-07.country-context.v0,AZE,Azerbaijan,country:AZE,fishcount_crustaceans_terms_review,False,candidate_pending_fetch_snapshot_license_and_QA,fishcount-farmed-decapods,,,,block until redistribution terms verified
release-candidate-2026-07-07.country-context.v0,BDI,Burundi,country:BDI,identity_boundary,True,candidate_pending_fetch_snapshot_license_and_QA,natural-earth-admin0;geoboundaries-adm1,,,,boundaries/context only
release-candidate-2026-07-07.country-context.v0,BDI,Burundi,country:BDI,wdi_population_land_agriculture,True,candidate_pending_fetch_snapshot_license_and_QA,world-bank-wdi-api,,,,"population, land area, agricultural land denominators"
release-candidate-2026-07-07.country-context.v0,BDI,Burundi,country:BDI,owid_land_animals_slaughtered,True,candidate_pending_fetch_snapshot_license_and_QA,owid-land-animals-slaughtered,,,,land animal slaughter proxy
release-candidate-2026-07-07.country-context.v0,BDI,Burundi,country:BDI,owid_farmed_fish,False,candidate_pending_fetch_snapshot_license_and_QA,owid-farmed-fish-killed,,,,farmed fish proxy
release-candidate-2026-07-07.country-context.v0,BDI,Burundi,country:BDI,owid_wild_caught_fish,False,candidate_pending_fetch_snapshot_license_and_QA,owid-wild-caught-fish,,,,wild caught fish proxy
release-candidate-2026-07-07.country-context.v0,BDI,Burundi,country:BDI,owid_farmed_crustaceans,False,candidate_pending_fetch_snapshot_license_and_QA,owid-farmed-crustaceans,,,,farmed crustacean proxy
release-candidate-2026-07-07.country-context.v0,BDI,Burundi,country:BDI,owid_insecticide_use_fao,False,candidate_pending_fetch_snapshot_license_and_QA,owid-insecticide-use-fao,,,,insecticide use proxy from FAOSTAT via OWID
release-candidate-2026-07-07.country-context.v0,BDI,Burundi,country:BDI,fishcount_farmed_fish_terms_review,False,candidate_pending_fetch_snapshot_license_and_QA,fishcount-farmed-fish,,,,block until redistribution terms verified
release-candidate-2026-07-07.country-context.v0,BDI,Burundi,country:BDI,fishcount_wild_fish_terms_review,False,candidate_pending_fetch_snapshot_license_and_QA,fishcount-wild-fish,,,,block until redistribution terms verified
release-candidate-2026-07-07.country-context.v0,BDI,Burundi,country:BDI,fishcount_crustaceans_terms_review,False,candidate_pending_fetch_snapshot_license_and_QA,fishcount-farmed-decapods,,,,block until redistribution terms verified
release-candidate-2026-07-07.country-context.v0,BEL,Belgium,country:BEL,identity_boundary,True,candidate_pending_fetch_snapshot_license_and_QA,natural-earth-admin0;geoboundaries-adm1,,,,boundaries/context only
release-candidate-2026-07-07.country-context.v0,BEL,Belgium,country:BEL,wdi_population_land_agriculture,True,candidate_pending_fetch_snapshot_license_and_QA,world-bank-wdi-api,,,,"population, land area, agricultural land denominators"
release-candidate-2026-07-07.country-context.v0,BEL,Belgium,country:BEL,owid_land_animals_slaughtered,True,candidate_pending_fetch_snapshot_license_and_QA,owid-land-animals-slaughtered,,,,land animal slaughter proxy
release-candidate-2026-07-07.country-context.v0,BEL,Belgium,country:BEL,owid_farmed_fish,False,candidate_pending_fetch_snapshot_license_and_QA,owid-farmed-fish-killed,,,,farmed fish proxy
release-candidate-2026-07-07.country-context.v0,BEL,Belgium,country:BEL,owid_wild_caught_fish,False,candidate_pending_fetch_snapshot_license_and_QA,owid-wild-caught-fish,,,,wild caught fish proxy
release-candidate-2026-07-07.country-context.v0,BEL,Belgium,country:BEL,owid_farmed_crustaceans,False,candidate_pending_fetch_snapshot_license_and_QA,owid-farmed-crustaceans,,,,farmed crustacean proxy
release-candidate-2026-07-07.country-context.v0,BEL,Belgium,country:BEL,owid_insecticide_use_fao,False,candidate_pending_fetch_snapshot_license_and_QA,owid-insecticide-use-fao,,,,insecticide use proxy from FAOSTAT via OWID
release-candidate-2026-07-07.country-context.v0,BEL,Belgium,country:BEL,fishcount_farmed_fish_terms_review,False,candidate_pending_fetch_snapshot_license_and_QA,fishcount-farmed-fish,,,,block until redistribution terms verified
release-candidate-2026-07-07.country-context.v0,BEL,Belgium,country:BEL,fishcount_wild_fish_terms_review,False,candidate_pending_fetch_snapshot_license_and_QA,fishcount-wild-fish,,,,block until redistribution terms verified
release-candidate-2026-07-07.country-context.v0,BEL,Belgium,country:BEL,fishcount_crustaceans_terms_review,False,candidate_pending_fetch_snapshot_license_and_QA,fishcount-farmed-decapods,,,,block until redistribution terms verified
release-candidate-2026-07-07.country-context.v0,BEN,Benin,country:BEN,identity_boundary,True,candidate_pending_fetch_snapshot_license_and_QA,natural-earth-admin0;geoboundaries-adm1,,,,boundaries/context only
release-candidate-2026-07-07.country-context.v0,BEN,Benin,country:BEN,wdi_population_land_agriculture,True,candidate_pending_fetch_snapshot_license_and_QA,world-bank-wdi-api,,,,"population, land area, agricultural land denominators"
release-candidate-2026-07-07.country-context.v0,BEN,Benin,country:BEN,owid_land_animals_slaughtered,True,candidate_pending_fetch_snapshot_license_and_QA,owid-land-animals-slaughtered,,,,land animal slaughter proxy
release-candidate-2026-07-07.country-context.v0,BEN,Benin,country:BEN,owid_farmed_fish,False,candidate_pending_fetch_snapshot_license_and_QA,owid-farmed-fish-killed,,,,farmed fish proxy
release-candidate-2026-07-07.country-context.v0,BEN,Benin,country:BEN,owid_wild_caught_fish,False,candidate_pending_fetch_snapshot_license_and_QA,owid-wild-caught-fish,,,,wild caught fish proxy
release-candidate-2026-07-07.country-context.v0,BEN,Benin,country:BEN,owid_farmed_crustaceans,False,candidate_pending_fetch_snapshot_license_and_QA,owid-farmed-crustaceans,,,,farmed crustacean proxy
release-candidate-2026-07-07.country-context.v0,BEN,Benin,country:BEN,owid_insecticide_use_fao,False,candidate_pending_fetch_snapshot_license_and_QA,owid-insecticide-use-fao,,,,insecticide use proxy from FAOSTAT via OWID
release-candidate-2026-07-07.country-context.v0,BEN,Benin,country:BEN,fishcount_farmed_fish_terms_review,False,candidate_pending_fetch_snapshot_license_and_QA,fishcount-farmed-fish,,,,block until redistribution terms verified
release-candidate-2026-07-07.country-context.v0,BEN,Benin,country:BEN,fishcount_wild_fish_terms_review,False,candidate_pending_fetch_snapshot_license_and_QA,fishcount-wild-fish,,,,block until redistribution terms verified
release-candidate-2026-07-07.country-context.v0,BEN,Benin,country:BEN,fishcount_crustaceans_terms_review,False,candidate_pending_fetch_snapshot_license_and_QA,fishcount-farmed-decapods,,,,block until redistribution terms verified
release-candidate-2026-07-07.country-context.v0,BES,"Bonaire, Sint Eustatius and Saba",country:BES,identity_boundary,True,candidate_pending_fetch_snapshot_license_and_QA,natural-earth-admin0;geoboundaries-adm1,,,,boundaries/context only
release-candidate-2026-07-07.country-context.v0,BES,"Bonaire, Sint Eustatius and Saba",country:BES,wdi_population_land_agriculture,True,candidate_pending_fetch_snapshot_license_and_QA,world-bank-wdi-api,,,,"population, land area, agricultural land denominators"
release-candidate-2026-07-07.country-context.v0,BES,"Bonaire, Sint Eustatius and Saba",country:BES,owid_land_animals_slaughtered,True,candidate_pending_fetch_snapshot_license_and_QA,owid-land-animals-slaughtered,,,,land animal slaughter proxy
release-candidate-2026-07-07.country-context.v0,BES,"Bonaire, Sint Eustatius and Saba",country:BES,owid_farmed_fish,False,candidate_pending_fetch_snapshot_license_and_QA,owid-farmed-fish-killed,,,,farmed fish proxy
release-candidate-2026-07-07.country-context.v0,BES,"Bonaire, Sint Eustatius and Saba",country:BES,owid_wild_caught_fish,False,candidate_pending_fetch_snapshot_license_and_QA,owid-wild-caught-fish,,,,wild caught fish proxy
release-candidate-2026-07-07.country-context.v0,BES,"Bonaire, Sint Eustatius and Saba",country:BES,owid_farmed_crustaceans,False,candidate_pending_fetch_snapshot_license_and_QA,owid-farmed-crustaceans,,,,farmed crustacean proxy
release-candidate-2026-07-07.country-context.v0,BES,"Bonaire, Sint Eustatius and Saba",country:BES,owid_insecticide_use_fao,False,candidate_pending_fetch_snapshot_license_and_QA,owid-insecticide-use-fao,,,,insecticide use proxy from FAOSTAT via OWID
release-candidate-2026-07-07.country-context.v0,BES,"Bonaire, Sint Eustatius and Saba",country:BES,fishcount_farmed_fish_terms_review,False,candidate_pending_fetch_snapshot_license_and_QA,fishcount-farmed-fish,,,,block until redistribution terms verified
release-candidate-2026-07-07.country-context.v0,BES,"Bonaire, Sint Eustatius and Saba",country:BES,fishcount_wild_fish_terms_review,False,candidate_pending_fetch_snapshot_license_and_QA,fishcount-wild-fish,,,,block until redistribution terms verified
release-candidate-2026-07-07.country-context.v0,BES,"Bonaire, Sint Eustatius and Saba",country:BES,fishcount_crustaceans_terms_review,False,candidate_pending_fetch_snapshot_license_and_QA,fishcount-farmed-decapods,,,,block until redistribution terms verified
release-candidate-2026-07-07.country-context.v0,BFA,Burkina Faso,country:BFA,identity_boundary,True,candidate_pending_fetch_snapshot_license_and_QA,natural-earth-admin0;geoboundaries-adm1,,,,boundaries/context only
release-candidate-2026-07-07.country-context.v0,BFA,Burkina Faso,country:BFA,wdi_population_land_agriculture,True,candidate_pending_fetch_snapshot_license_and_QA,world-bank-wdi-api,,,,"population, land area, agricultural land denominators"
release-candidate-2026-07-07.country-context.v0,BFA,Burkina Faso,country:BFA,owid_land_animals_slaughtered,True,candidate_pending_fetch_snapshot_license_and_QA,owid-land-animals-slaughtered,,,,land animal slaughter proxy
release-candidate-2026-07-07.country-context.v0,BFA,Burkina Faso,country:BFA,owid_farmed_fish,False,candidate_pending_fetch_snapshot_license_and_QA,owid-farmed-fish-killed,,,,farmed fish proxy
release-candidate-2026-07-07.country-context.v0,BFA,Burkina Faso,country:BFA,owid_wild_caught_fish,False,candidate_pending_fetch_snapshot_license_and_QA,owid-wild-caught-fish,,,,wild caught fish proxy
release-candidate-2026-07-07.country-context.v0,BFA,Burkina Faso,country:BFA,owid_farmed_crustaceans,False,candidate_pending_fetch_snapshot_license_and_QA,owid-farmed-crustaceans,,,,farmed crustacean proxy
release-candidate-2026-07-07.country-context.v0,BFA,Burkina Faso,country:BFA,owid_insecticide_use_fao,False,candidate_pending_fetch_snapshot_license_and_QA,owid-insecticide-use-fao,,,,insecticide use proxy from FAOSTAT via OWID
release-candidate-2026-07-07.country-context.v0,BFA,Burkina Faso,country:BFA,fishcount_farmed_fish_terms_review,False,candidate_pending_fetch_snapshot_license_and_QA,fishcount-farmed-fish,,,,block until redistribution terms verified
release-candidate-2026-07-07.country-context.v0,BFA,Burkina Faso,country:BFA,fishcount_wild_fish_terms_review,False,candidate_pending_fetch_snapshot_license_and_QA,fishcount-wild-fish,,,,block until redistribution terms verified
release-candidate-2026-07-07.country-context.v0,BFA,Burkina Faso,country:BFA,fishcount_crustaceans_terms_review,False,candidate_pending_fetch_snapshot_license_and_QA,fishcount-farmed-decapods,,,,block until redistribution terms verified
release-candidate-2026-07-07.country-context.v0,BGD,Bangladesh,country:BGD,identity_boundary,True,candidate_pending_fetch_snapshot_license_and_QA,natural-earth-admin0;geoboundaries-adm1,,,,boundaries/context only
release-candidate-2026-07-07.country-context.v0,BGD,Bangladesh,country:BGD,wdi_population_land_agriculture,True,candidate_pending_fetch_snapshot_license_and_QA,world-bank-wdi-api,,,,"population, land area, agricultural land denominators"
release-candidate-2026-07-07.country-context.v0,BGD,Bangladesh,country:BGD,owid_land_animals_slaughtered,True,candidate_pending_fetch_snapshot_license_and_QA,owid-land-animals-slaughtered,,,,land animal slaughter proxy
release-candidate-2026-07-07.country-context.v0,BGD,Bangladesh,country:BGD,owid_farmed_fish,False,candidate_pending_fetch_snapshot_license_and_QA,owid-farmed-fish-killed,,,,farmed fish proxy
release-candidate-2026-07-07.country-context.v0,BGD,Bangladesh,country:BGD,owid_wild_caught_fish,False,candidate_pending_fetch_snapshot_license_and_QA,owid-wild-caught-fish,,,,wild caught fish proxy
release-candidate-2026-07-07.country-context.v0,BGD,Bangladesh,country:BGD,owid_farmed_crustaceans,False,candidate_pending_fetch_snapshot_license_and_QA,owid-farmed-crustaceans,,,,farmed crustacean proxy
release-candidate-2026-07-07.country-context.v0,BGD,Bangladesh,country:BGD,owid_insecticide_use_fao,False,candidate_pending_fetch_snapshot_license_and_QA,owid-insecticide-use-fao,,,,insecticide use proxy from FAOSTAT via OWID
release-candidate-2026-07-07.country-context.v0,BGD,Bangladesh,country:BGD,fishcount_farmed_fish_terms_review,False,candidate_pending_fetch_snapshot_license_and_QA,fishcount-farmed-fish,,,,block until redistribution terms verified
release-candidate-2026-07-07.country-context.v0,BGD,Bangladesh,country:BGD,fishcount_wild_fish_terms_review,False,candidate_pending_fetch_snapshot_license_and_QA,fishcount-wild-fish,,,,block until redistribution terms verified
release-candidate-2026-07-07.country-context.v0,BGD,Bangladesh,country:BGD,fishcount_crustaceans_terms_review,False,candidate_pending_fetch_snapshot_license_and_QA,fishcount-farmed-decapods,,,,block until redistribution terms verified
release-candidate-2026-07-07.country-context.v0,BGR,Bulgaria,country:BGR,identity_boundary,True,candidate_pending_fetch_snapshot_license_and_QA,natural-earth-admin0;geoboundaries-adm1,,,,boundaries/context only
release-candidate-2026-07-07.country-context.v0,BGR,Bulgaria,country:BGR,wdi_population_land_agriculture,True,candidate_pending_fetch_snapshot_license_and_QA,world-bank-wdi-api,,,,"population, land area, agricultural land denominators"
release-candidate-2026-07-07.country-context.v0,BGR,Bulgaria,country:BGR,owid_land_animals_slaughtered,True,candidate_pending_fetch_snapshot_license_and_QA,owid-land-animals-slaughtered,,,,land animal slaughter proxy
release-candidate-2026-07-07.country-context.v0,BGR,Bulgaria,country:BGR,owid_farmed_fish,False,candidate_pending_fetch_snapshot_license_and_QA,owid-farmed-fish-killed,,,,farmed fish proxy
release-candidate-2026-07-07.country-context.v0,BGR,Bulgaria,country:BGR,owid_wild_caught_fish,False,candidate_pending_fetch_snapshot_license_and_QA,owid-wild-caught-fish,,,,wild caught fish proxy
release-candidate-2026-07-07.country-context.v0,BGR,Bulgaria,country:BGR,owid_farmed_crustaceans,False,candidate_pending_fetch_snapshot_license_and_QA,owid-farmed-crustaceans,,,,farmed crustacean proxy
release-candidate-2026-07-07.country-context.v0,BGR,Bulgaria,country:BGR,owid_insecticide_use_fao,False,candidate_pending_fetch_snapshot_license_and_QA,owid-insecticide-use-fao,,,,insecticide use proxy from FAOSTAT via OWID
release-candidate-2026-07-07.country-context.v0,BGR,Bulgaria,country:BGR,fishcount_farmed_fish_terms_review,False,candidate_pending_fetch_snapshot_license_and_QA,fishcount-farmed-fish,,,,block until redistribution terms verified
release-candidate-2026-07-07.country-context.v0,BGR,Bulgaria,country:BGR,fishcount_wild_fish_terms_review,False,candidate_pending_fetch_snapshot_license_and_QA,fishcount-wild-fish,,,,block until redistribution terms verified
release-candidate-2026-07-07.country-context.v0,BGR,Bulgaria,country:BGR,fishcount_crustaceans_terms_review,False,candidate_pending_fetch_snapshot_license_and_QA,fishcount-farmed-decapods,,,,block until redistribution terms verified
release-candidate-2026-07-07.country-context.v0,BHR,Bahrain,country:BHR,identity_boundary,True,candidate_pending_fetch_snapshot_license_and_QA,natural-earth-admin0;geoboundaries-adm1,,,,boundaries/context only
release-candidate-2026-07-07.country-context.v0,BHR,Bahrain,country:BHR,wdi_population_land_agriculture,True,candidate_pending_fetch_snapshot_license_and_QA,world-bank-wdi-api,,,,"population, land area, agricultural land denominators"
release-candidate-2026-07-07.country-context.v0,BHR,Bahrain,country:BHR,owid_land_animals_slaughtered,True,candidate_pending_fetch_snapshot_license_and_QA,owid-land-animals-slaughtered,,,,land animal slaughter proxy
release-candidate-2026-07-07.country-context.v0,BHR,Bahrain,country:BHR,owid_farmed_fish,False,candidate_pending_fetch_snapshot_license_and_QA,owid-farmed-fish-killed,,,,farmed fish proxy
release-candidate-2026-07-07.country-context.v0,BHR,Bahrain,country:BHR,owid_wild_caught_fish,False,candidate_pending_fetch_snapshot_license_and_QA,owid-wild-caught-fish,,,,wild caught fish proxy
release-candidate-2026-07-07.country-context.v0,BHR,Bahrain,country:BHR,owid_farmed_crustaceans,False,candidate_pending_fetch_snapshot_license_and_QA,owid-farmed-crustaceans,,,,farmed crustacean proxy
release-candidate-2026-07-07.country-context.v0,BHR,Bahrain,country:BHR,owid_insecticide_use_fao,False,candidate_pending_fetch_snapshot_license_and_QA,owid-insecticide-use-fao,,,,insecticide use proxy from FAOSTAT via OWID
release-candidate-2026-07-07.country-context.v0,BHR,Bahrain,country:BHR,fishcount_farmed_fish_terms_review,False,candidate_pending_fetch_snapshot_license_and_QA,fishcount-farmed-fish,,,,block until redistribution terms verified
release-candidate-2026-07-07.country-context.v0,BHR,Bahrain,country:BHR,fishcount_wild_fish_terms_review,False,candidate_pending_fetch_snapshot_license_and_QA,fishcount-wild-fish,,,,block until redistribution terms verified
release-candidate-2026-07-07.country-context.v0,BHR,Bahrain,country:BHR,fishcount_crustaceans_terms_review,False,candidate_pending_fetch_snapshot_license_and_QA,fishcount-farmed-decapods,,,,block until redistribution terms verified
release-candidate-2026-07-07.country-context.v0,BHS,Bahamas,country:BHS,identity_boundary,True,candidate_pending_fetch_snapshot_license_and_QA,natural-earth-admin0;geoboundaries-adm1,,,,boundaries/context only
release-candidate-2026-07-07.country-context.v0,BHS,Bahamas,country:BHS,wdi_population_land_agriculture,True,candidate_pending_fetch_snapshot_license_and_QA,world-bank-wdi-api,,,,"population, land area, agricultural land denominators"
release-candidate-2026-07-07.country-context.v0,BHS,Bahamas,country:BHS,owid_land_animals_slaughtered,True,candidate_pending_fetch_snapshot_license_and_QA,owid-land-animals-slaughtered,,,,land animal slaughter proxy
release-candidate-2026-07-07.country-context.v0,BHS,Bahamas,country:BHS,owid_farmed_fish,False,candidate_pending_fetch_snapshot_license_and_QA,owid-farmed-fish-killed,,,,farmed fish proxy
release-candidate-2026-07-07.country-context.v0,BHS,Bahamas,country:BHS,owid_wild_caught_fish,False,candidate_pending_fetch_snapshot_license_and_QA,owid-wild-caught-fish,,,,wild caught fish proxy
release-candidate-2026-07-07.country-context.v0,BHS,Bahamas,country:BHS,owid_farmed_crustaceans,False,candidate_pending_fetch_snapshot_license_and_QA,owid-farmed-crustaceans,,,,farmed crustacean proxy
release-candidate-2026-07-07.country-context.v0,BHS,Bahamas,country:BHS,owid_insecticide_use_fao,False,candidate_pending_fetch_snapshot_license_and_QA,owid-insecticide-use-fao,,,,insecticide use proxy from FAOSTAT via OWID
release-candidate-2026-07-07.country-context.v0,BHS,Bahamas,country:BHS,fishcount_farmed_fish_terms_review,False,candidate_pending_fetch_snapshot_license_and_QA,fishcount-farmed-fish,,,,block until redistribution terms verified
release-candidate-2026-07-07.country-context.v0,BHS,Bahamas,country:BHS,fishcount_wild_fish_terms_review,False,candidate_pending_fetch_snapshot_license_and_QA,fishcount-wild-fish,,,,block until redistribution terms verified
release-candidate-2026-07-07.country-context.v0,BHS,Bahamas,country:BHS,fishcount_crustaceans_terms_review,False,candidate_pending_fetch_snapshot_license_and_QA,fishcount-farmed-decapods,,,,block until redistribution terms verified
release-candidate-2026-07-07.country-context.v0,BIH,Bosnia and Herzegovina,country:BIH,identity_boundary,True,candidate_pending_fetch_snapshot_license_and_QA,natural-earth-admin0;geoboundaries-adm1,,,,boundaries/context only
release-candidate-2026-07-07.country-context.v0,BIH,Bosnia and Herzegovina,country:BIH,wdi_population_land_agriculture,True,candidate_pending_fetch_snapshot_license_and_QA,world-bank-wdi-api,,,,"population, land area, agricultural land denominators"
release-candidate-2026-07-07.country-context.v0,BIH,Bosnia and Herzegovina,country:BIH,owid_land_animals_slaughtered,True,candidate_pending_fetch_snapshot_license_and_QA,owid-land-animals-slaughtered,,,,land animal slaughter proxy
release-candidate-2026-07-07.country-context.v0,BIH,Bosnia and Herzegovina,country:BIH,owid_farmed_fish,False,candidate_pending_fetch_snapshot_license_and_QA,owid-farmed-fish-killed,,,,farmed fish proxy
release-candidate-2026-07-07.country-context.v0,BIH,Bosnia and Herzegovina,country:BIH,owid_wild_caught_fish,False,candidate_pending_fetch_snapshot_license_and_QA,owid-wild-caught-fish,,,,wild caught fish proxy
release-candidate-2026-07-07.country-context.v0,BIH,Bosnia and Herzegovina,country:BIH,owid_farmed_crustaceans,False,candidate_pending_fetch_snapshot_license_and_QA,owid-farmed-crustaceans,,,,farmed crustacean proxy
release-candidate-2026-07-07.country-context.v0,BIH,Bosnia and Herzegovina,country:BIH,owid_insecticide_use_fao,False,candidate_pending_fetch_snapshot_license_and_QA,owid-insecticide-use-fao,,,,insecticide use proxy from FAOSTAT via OWID
release-candidate-2026-07-07.country-context.v0,BIH,Bosnia and Herzegovina,country:BIH,fishcount_farmed_fish_terms_review,False,candidate_pending_fetch_snapshot_license_and_QA,fishcount-farmed-fish,,,,block until redistribution terms verified
release-candidate-2026-07-07.country-context.v0,BIH,Bosnia and Herzegovina,country:BIH,fishcount_wild_fish_terms_review,False,candidate_pending_fetch_snapshot_license_and_QA,fishcount-wild-fish,,,,block until redistribution terms verified
release-candidate-2026-07-07.country-context.v0,BIH,Bosnia and Herzegovina,country:BIH,fishcount_crustaceans_terms_review,False,candidate_pending_fetch_snapshot_license_and_QA,fishcount-farmed-decapods,,,,block until redistribution terms verified
release-candidate-2026-07-07.country-context.v0,BLM,Saint Barthélemy,country:BLM,identity_boundary,True,candidate_pending_fetch_snapshot_license_and_QA,natural-earth-admin0;geoboundaries-adm1,,,,boundaries/context only
release-candidate-2026-07-07.country-context.v0,BLM,Saint Barthélemy,country:BLM,wdi_population_land_agriculture,True,candidate_pending_fetch_snapshot_license_and_QA,world-bank-wdi-api,,,,"population, land area, agricultural land denominators"
release-candidate-2026-07-07.country-context.v0,BLM,Saint Barthélemy,country:BLM,owid_land_animals_slaughtered,True,candidate_pending_fetch_snapshot_license_and_QA,owid-land-animals-slaughtered,,,,land animal slaughter proxy
release-candidate-2026-07-07.country-context.v0,BLM,Saint Barthélemy,country:BLM,owid_farmed_fish,False,candidate_pending_fetch_snapshot_license_and_QA,owid-farmed-fish-killed,,,,farmed fish proxy
release-candidate-2026-07-07.country-context.v0,BLM,Saint Barthélemy,country:BLM,owid_wild_caught_fish,False,candidate_pending_fetch_snapshot_license_and_QA,owid-wild-caught-fish,,,,wild caught fish proxy
release-candidate-2026-07-07.country-context.v0,BLM,Saint Barthélemy,country:BLM,owid_farmed_crustaceans,False,candidate_pending_fetch_snapshot_license_and_QA,owid-farmed-crustaceans,,,,farmed crustacean proxy
release-candidate-2026-07-07.country-context.v0,BLM,Saint Barthélemy,country:BLM,owid_insecticide_use_fao,False,candidate_pending_fetch_snapshot_license_and_QA,owid-insecticide-use-fao,,,,insecticide use proxy from FAOSTAT via OWID
release-candidate-2026-07-07.country-context.v0,BLM,Saint Barthélemy,country:BLM,fishcount_farmed_fish_terms_review,False,candidate_pending_fetch_snapshot_license_and_QA,fishcount-farmed-fish,,,,block until redistribution terms verified
release-candidate-2026-07-07.country-context.v0,BLM,Saint Barthélemy,country:BLM,fishcount_wild_fish_terms_review,False,candidate_pending_fetch_snapshot_license_and_QA,fishcount-wild-fish,,,,block until redistribution terms verified
release-candidate-2026-07-07.country-context.v0,BLM,Saint Barthélemy,country:BLM,fishcount_crustaceans_terms_review,False,candidate_pending_fetch_snapshot_license_and_QA,fishcount-farmed-decapods,,,,block until redistribution terms verified
release-candidate-2026-07-07.country-context.v0,BLR,Belarus,country:BLR,identity_boundary,True,candidate_pending_fetch_snapshot_license_and_QA,natural-earth-admin0;geoboundaries-adm1,,,,boundaries/context only
release-candidate-2026-07-07.country-context.v0,BLR,Belarus,country:BLR,wdi_population_land_agriculture,True,candidate_pending_fetch_snapshot_license_and_QA,world-bank-wdi-api,,,,"population, land area, agricultural land denominators"
release-candidate-2026-07-07.country-context.v0,BLR,Belarus,country:BLR,owid_land_animals_slaughtered,True,candidate_pending_fetch_snapshot_license_and_QA,owid-land-animals-slaughtered,,,,land animal slaughter proxy
release-candidate-2026-07-07.country-context.v0,BLR,Belarus,country:BLR,owid_farmed_fish,False,candidate_pending_fetch_snapshot_license_and_QA,owid-farmed-fish-killed,,,,farmed fish proxy
release-candidate-2026-07-07.country-context.v0,BLR,Belarus,country:BLR,owid_wild_caught_fish,False,candidate_pending_fetch_snapshot_license_and_QA,owid-wild-caught-fish,,,,wild caught fish proxy
release-candidate-2026-07-07.country-context.v0,BLR,Belarus,country:BLR,owid_farmed_crustaceans,False,candidate_pending_fetch_snapshot_license_and_QA,owid-farmed-crustaceans,,,,farmed crustacean proxy
release-candidate-2026-07-07.country-context.v0,BLR,Belarus,country:BLR,owid_insecticide_use_fao,False,candidate_pending_fetch_snapshot_license_and_QA,owid-insecticide-use-fao,,,,insecticide use proxy from FAOSTAT via OWID
release-candidate-2026-07-07.country-context.v0,BLR,Belarus,country:BLR,fishcount_farmed_fish_terms_review,False,candidate_pending_fetch_snapshot_license_and_QA,fishcount-farmed-fish,,,,block until redistribution terms verified
release-candidate-2026-07-07.country-context.v0,BLR,Belarus,country:BLR,fishcount_wild_fish_terms_review,False,candidate_pending_fetch_snapshot_license_and_QA,fishcount-wild-fish,,,,block until redistribution terms verified
release-candidate-2026-07-07.country-context.v0,BLR,Belarus,country:BLR,fishcount_crustaceans_terms_review,False,candidate_pending_fetch_snapshot_license_and_QA,fishcount-farmed-decapods,,,,block until redistribution terms verified
release-candidate-2026-07-07.country-context.v0,BLZ,Belize,country:BLZ,identity_boundary,True,candidate_pending_fetch_snapshot_license_and_QA,natural-earth-admin0;geoboundaries-adm1,,,,boundaries/context only
release-candidate-2026-07-07.country-context.v0,BLZ,Belize,country:BLZ,wdi_population_land_agriculture,True,candidate_pending_fetch_snapshot_license_and_QA,world-bank-wdi-api,,,,"population, land area, agricultural land denominators"
release-candidate-2026-07-07.country-context.v0,BLZ,Belize,country:BLZ,owid_land_animals_slaughtered,True,candidate_pending_fetch_snapshot_license_and_QA,owid-land-animals-slaughtered,,,,land animal slaughter proxy
release-candidate-2026-07-07.country-context.v0,BLZ,Belize,country:BLZ,owid_farmed_fish,False,candidate_pending_fetch_snapshot_license_and_QA,owid-farmed-fish-killed,,,,farmed fish proxy
release-candidate-2026-07-07.country-context.v0,BLZ,Belize,country:BLZ,owid_wild_caught_fish,False,candidate_pending_fetch_snapshot_license_and_QA,owid-wild-caught-fish,,,,wild caught fish proxy
release-candidate-2026-07-07.country-context.v0,BLZ,Belize,country:BLZ,owid_farmed_crustaceans,False,candidate_pending_fetch_snapshot_license_and_QA,owid-farmed-crustaceans,,,,farmed crustacean proxy
release-candidate-2026-07-07.country-context.v0,BLZ,Belize,country:BLZ,owid_insecticide_use_fao,False,candidate_pending_fetch_snapshot_license_and_QA,owid-insecticide-use-fao,,,,insecticide use proxy from FAOSTAT via OWID
release-candidate-2026-07-07.country-context.v0,BLZ,Belize,country:BLZ,fishcount_farmed_fish_terms_review,False,candidate_pending_fetch_snapshot_license_and_QA,fishcount-farmed-fish,,,,block until redistribution terms verified
release-candidate-2026-07-07.country-context.v0,BLZ,Belize,country:BLZ,fishcount_wild_fish_terms_review,False,candidate_pending_fetch_snapshot_license_and_QA,fishcount-wild-fish,,,,block until redistribution terms verified
release-candidate-2026-07-07.country-context.v0,BLZ,Belize,country:BLZ,fishcount_crustaceans_terms_review,False,candidate_pending_fetch_snapshot_license_and_QA,fishcount-farmed-decapods,,,,block until redistribution terms verified
release-candidate-2026-07-07.country-context.v0,BMU,Bermuda,country:BMU,identity_boundary,True,candidate_pending_fetch_snapshot_license_and_QA,natural-earth-admin0;geoboundaries-adm1,,,,boundaries/context only
release-candidate-2026-07-07.country-context.v0,BMU,Bermuda,country:BMU,wdi_population_land_agriculture,True,candidate_pending_fetch_snapshot_license_and_QA,world-bank-wdi-api,,,,"population, land area, agricultural land denominators"
release-candidate-2026-07-07.country-context.v0,BMU,Bermuda,country:BMU,owid_land_animals_slaughtered,True,candidate_pending_fetch_snapshot_license_and_QA,owid-land-animals-slaughtered,,,,land animal slaughter proxy
release-candidate-2026-07-07.country-context.v0,BMU,Bermuda,country:BMU,owid_farmed_fish,False,candidate_pending_fetch_snapshot_license_and_QA,owid-farmed-fish-killed,,,,farmed fish proxy
release-candidate-2026-07-07.country-context.v0,BMU,Bermuda,country:BMU,owid_wild_caught_fish,False,candidate_pending_fetch_snapshot_license_and_QA,owid-wild-caught-fish,,,,wild caught fish proxy
release-candidate-2026-07-07.country-context.v0,BMU,Bermuda,country:BMU,owid_farmed_crustaceans,False,candidate_pending_fetch_snapshot_license_and_QA,owid-farmed-crustaceans,,,,farmed crustacean proxy
release-candidate-2026-07-07.country-context.v0,BMU,Bermuda,country:BMU,owid_insecticide_use_fao,False,candidate_pending_fetch_snapshot_license_and_QA,owid-insecticide-use-fao,,,,insecticide use proxy from FAOSTAT via OWID
release-candidate-2026-07-07.country-context.v0,BMU,Bermuda,country:BMU,fishcount_farmed_fish_terms_review,False,candidate_pending_fetch_snapshot_license_and_QA,fishcount-farmed-fish,,,,block until redistribution terms verified
release-candidate-2026-07-07.country-context.v0,BMU,Bermuda,country:BMU,fishcount_wild_fish_terms_review,False,candidate_pending_fetch_snapshot_license_and_QA,fishcount-wild-fish,,,,block until redistribution terms verified
release-candidate-2026-07-07.country-context.v0,BMU,Bermuda,country:BMU,fishcount_crustaceans_terms_review,False,candidate_pending_fetch_snapshot_license_and_QA,fishcount-farmed-decapods,,,,block until redistribution terms verified
release-candidate-2026-07-07.country-context.v0,BOL,"Bolivia, Plurinational State of",country:BOL,identity_boundary,True,candidate_pending_fetch_snapshot_license_and_QA,natural-earth-admin0;geoboundaries-adm1,,,,boundaries/context only
release-candidate-2026-07-07.country-context.v0,BOL,"Bolivia, Plurinational State of",country:BOL,wdi_population_land_agriculture,True,candidate_pending_fetch_snapshot_license_and_QA,world-bank-wdi-api,,,,"population, land area, agricultural land denominators"
release-candidate-2026-07-07.country-context.v0,BOL,"Bolivia, Plurinational State of",country:BOL,owid_land_animals_slaughtered,True,candidate_pending_fetch_snapshot_license_and_QA,owid-land-animals-slaughtered,,,,land animal slaughter proxy
release-candidate-2026-07-07.country-context.v0,BOL,"Bolivia, Plurinational State of",country:BOL,owid_farmed_fish,False,candidate_pending_fetch_snapshot_license_and_QA,owid-farmed-fish-killed,,,,farmed fish proxy
release-candidate-2026-07-07.country-context.v0,BOL,"Bolivia, Plurinational State of",country:BOL,owid_wild_caught_fish,False,candidate_pending_fetch_snapshot_license_and_QA,owid-wild-caught-fish,,,,wild caught fish proxy
release-candidate-2026-07-07.country-context.v0,BOL,"Bolivia, Plurinational State of",country:BOL,owid_farmed_crustaceans,False,candidate_pending_fetch_snapshot_license_and_QA,owid-farmed-crustaceans,,,,farmed crustacean proxy
release-candidate-2026-07-07.country-context.v0,BOL,"Bolivia, Plurinational State of",country:BOL,owid_insecticide_use_fao,False,candidate_pending_fetch_snapshot_license_and_QA,owid-insecticide-use-fao,,,,insecticide use proxy from FAOSTAT via OWID
release-candidate-2026-07-07.country-context.v0,BOL,"Bolivia, Plurinational State of",country:BOL,fishcount_farmed_fish_terms_review,False,candidate_pending_fetch_snapshot_license_and_QA,fishcount-farmed-fish,,,,block until redistribution terms verified
release-candidate-2026-07-07.country-context.v0,BOL,"Bolivia, Plurinational State of",country:BOL,fishcount_wild_fish_terms_review,False,candidate_pending_fetch_snapshot_license_and_QA,fishcount-wild-fish,,,,block until redistribution terms verified
release-candidate-2026-07-07.country-context.v0,BOL,"Bolivia, Plurinational State of",country:BOL,fishcount_crustaceans_terms_review,False,candidate_pending_fetch_snapshot_license_and_QA,fishcount-farmed-decapods,,,,block until redistribution terms verified
release-candidate-2026-07-07.country-context.v0,BRA,Brazil,country:BRA,identity_boundary,True,already_canonical_requires_revalidation,natural-earth-admin0;geoboundaries-adm1,,,,boundaries/context only
release-candidate-2026-07-07.country-context.v0,BRA,Brazil,country:BRA,wdi_population_land_agriculture,True,already_canonical_requires_revalidation,world-bank-wdi-api,,,,"population, land area, agricultural land denominators"
release-candidate-2026-07-07.country-context.v0,BRA,Brazil,country:BRA,owid_land_animals_slaughtered,True,already_canonical_requires_revalidation,owid-land-animals-slaughtered,,,,land animal slaughter proxy
release-candidate-2026-07-07.country-context.v0,BRA,Brazil,country:BRA,owid_farmed_fish,False,already_canonical_requires_revalidation,owid-farmed-fish-killed,,,,farmed fish proxy
release-candidate-2026-07-07.country-context.v0,BRA,Brazil,country:BRA,owid_wild_caught_fish,False,already_canonical_requires_revalidation,owid-wild-caught-fish,,,,wild caught fish proxy
release-candidate-2026-07-07.country-context.v0,BRA,Brazil,country:BRA,owid_farmed_crustaceans,False,already_canonical_requires_revalidation,owid-farmed-crustaceans,,,,farmed crustacean proxy
release-candidate-2026-07-07.country-context.v0,BRA,Brazil,country:BRA,owid_insecticide_use_fao,False,already_canonical_requires_revalidation,owid-insecticide-use-fao,,,,insecticide use proxy from FAOSTAT via OWID
release-candidate-2026-07-07.country-context.v0,BRA,Brazil,country:BRA,fishcount_farmed_fish_terms_review,False,already_canonical_requires_revalidation,fishcount-farmed-fish,,,,block until redistribution terms verified
release-candidate-2026-07-07.country-context.v0,BRA,Brazil,country:BRA,fishcount_wild_fish_terms_review,False,already_canonical_requires_revalidation,fishcount-wild-fish,,,,block until redistribution terms verified
release-candidate-2026-07-07.country-context.v0,BRA,Brazil,country:BRA,fishcount_crustaceans_terms_review,False,already_canonical_requires_revalidation,fishcount-farmed-decapods,,,,block until redistribution terms verified
release-candidate-2026-07-07.country-context.v0,BRB,Barbados,country:BRB,identity_boundary,True,candidate_pending_fetch_snapshot_license_and_QA,natural-earth-admin0;geoboundaries-adm1,,,,boundaries/context only
release-candidate-2026-07-07.country-context.v0,BRB,Barbados,country:BRB,wdi_population_land_agriculture,True,candidate_pending_fetch_snapshot_license_and_QA,world-bank-wdi-api,,,,"population, land area, agricultural land denominators"
release-candidate-2026-07-07.country-context.v0,BRB,Barbados,country:BRB,owid_land_animals_slaughtered,True,candidate_pending_fetch_snapshot_license_and_QA,owid-land-animals-slaughtered,,,,land animal slaughter proxy
release-candidate-2026-07-07.country-context.v0,BRB,Barbados,country:BRB,owid_farmed_fish,False,candidate_pending_fetch_snapshot_license_and_QA,owid-farmed-fish-killed,,,,farmed fish proxy
release-candidate-2026-07-07.country-context.v0,BRB,Barbados,country:BRB,owid_wild_caught_fish,False,candidate_pending_fetch_snapshot_license_and_QA,owid-wild-caught-fish,,,,wild caught fish proxy
release-candidate-2026-07-07.country-context.v0,BRB,Barbados,country:BRB,owid_farmed_crustaceans,False,candidate_pending_fetch_snapshot_license_and_QA,owid-farmed-crustaceans,,,,farmed crustacean proxy
release-candidate-2026-07-07.country-context.v0,BRB,Barbados,country:BRB,owid_insecticide_use_fao,False,candidate_pending_fetch_snapshot_license_and_QA,owid-insecticide-use-fao,,,,insecticide use proxy from FAOSTAT via OWID
release-candidate-2026-07-07.country-context.v0,BRB,Barbados,country:BRB,fishcount_farmed_fish_terms_review,False,candidate_pending_fetch_snapshot_license_and_QA,fishcount-farmed-fish,,,,block until redistribution terms verified
release-candidate-2026-07-07.country-context.v0,BRB,Barbados,country:BRB,fishcount_wild_fish_terms_review,False,candidate_pending_fetch_snapshot_license_and_QA,fishcount-wild-fish,,,,block until redistribution terms verified
release-candidate-2026-07-07.country-context.v0,BRB,Barbados,country:BRB,fishcount_crustaceans_terms_review,False,candidate_pending_fetch_snapshot_license_and_QA,fishcount-farmed-decapods,,,,block until redistribution terms verified
release-candidate-2026-07-07.country-context.v0,BRN,Brunei Darussalam,country:BRN,identity_boundary,True,candidate_pending_fetch_snapshot_license_and_QA,natural-earth-admin0;geoboundaries-adm1,,,,boundaries/context only
release-candidate-2026-07-07.country-context.v0,BRN,Brunei Darussalam,country:BRN,wdi_population_land_agriculture,True,candidate_pending_fetch_snapshot_license_and_QA,world-bank-wdi-api,,,,"population, land area, agricultural land denominators"
release-candidate-2026-07-07.country-context.v0,BRN,Brunei Darussalam,country:BRN,owid_land_animals_slaughtered,True,candidate_pending_fetch_snapshot_license_and_QA,owid-land-animals-slaughtered,,,,land animal slaughter proxy
release-candidate-2026-07-07.country-context.v0,BRN,Brunei Darussalam,country:BRN,owid_farmed_fish,False,candidate_pending_fetch_snapshot_license_and_QA,owid-farmed-fish-killed,,,,farmed fish proxy
release-candidate-2026-07-07.country-context.v0,BRN,Brunei Darussalam,country:BRN,owid_wild_caught_fish,False,candidate_pending_fetch_snapshot_license_and_QA,owid-wild-caught-fish,,,,wild caught fish proxy
release-candidate-2026-07-07.country-context.v0,BRN,Brunei Darussalam,country:BRN,owid_farmed_crustaceans,False,candidate_pending_fetch_snapshot_license_and_QA,owid-farmed-crustaceans,,,,farmed crustacean proxy
release-candidate-2026-07-07.country-context.v0,BRN,Brunei Darussalam,country:BRN,owid_insecticide_use_fao,False,candidate_pending_fetch_snapshot_license_and_QA,owid-insecticide-use-fao,,,,insecticide use proxy from FAOSTAT via OWID
release-candidate-2026-07-07.country-context.v0,BRN,Brunei Darussalam,country:BRN,fishcount_farmed_fish_terms_review,False,candidate_pending_fetch_snapshot_license_and_QA,fishcount-farmed-fish,,,,block until redistribution terms verified
release-candidate-2026-07-07.country-context.v0,BRN,Brunei Darussalam,country:BRN,fishcount_wild_fish_terms_review,False,candidate_pending_fetch_snapshot_license_and_QA,fishcount-wild-fish,,,,block until redistribution terms verified
release-candidate-2026-07-07.country-context.v0,BRN,Brunei Darussalam,country:BRN,fishcount_crustaceans_terms_review,False,candidate_pending_fetch_snapshot_license_and_QA,fishcount-farmed-decapods,,,,block until redistribution terms verified
release-candidate-2026-07-07.country-context.v0,BTN,Bhutan,country:BTN,identity_boundary,True,candidate_pending_fetch_snapshot_license_and_QA,natural-earth-admin0;geoboundaries-adm1,,,,boundaries/context only
release-candidate-2026-07-07.country-context.v0,BTN,Bhutan,country:BTN,wdi_population_land_agriculture,True,candidate_pending_fetch_snapshot_license_and_QA,world-bank-wdi-api,,,,"population, land area, agricultural land denominators"
release-candidate-2026-07-07.country-context.v0,BTN,Bhutan,country:BTN,owid_land_animals_slaughtered,True,candidate_pending_fetch_snapshot_license_and_QA,owid-land-animals-slaughtered,,,,land animal slaughter proxy
release-candidate-2026-07-07.country-context.v0,BTN,Bhutan,country:BTN,owid_farmed_fish,False,candidate_pending_fetch_snapshot_license_and_QA,owid-farmed-fish-killed,,,,farmed fish proxy
release-candidate-2026-07-07.country-context.v0,BTN,Bhutan,country:BTN,owid_wild_caught_fish,False,candidate_pending_fetch_snapshot_license_and_QA,owid-wild-caught-fish,,,,wild caught fish proxy
release-candidate-2026-07-07.country-context.v0,BTN,Bhutan,country:BTN,owid_farmed_crustaceans,False,candidate_pending_fetch_snapshot_license_and_QA,owid-farmed-crustaceans,,,,farmed crustacean proxy
release-candidate-2026-07-07.country-context.v0,BTN,Bhutan,country:BTN,owid_insecticide_use_fao,False,candidate_pending_fetch_snapshot_license_and_QA,owid-insecticide-use-fao,,,,insecticide use proxy from FAOSTAT via OWID
release-candidate-2026-07-07.country-context.v0,BTN,Bhutan,country:BTN,fishcount_farmed_fish_terms_review,False,candidate_pending_fetch_snapshot_license_and_QA,fishcount-farmed-fish,,,,block until redistribution terms verified
release-candidate-2026-07-07.country-context.v0,BTN,Bhutan,country:BTN,fishcount_wild_fish_terms_review,False,candidate_pending_fetch_snapshot_license_and_QA,fishcount-wild-fish,,,,block until redistribution terms verified
release-candidate-2026-07-07.country-context.v0,BTN,Bhutan,country:BTN,fishcount_crustaceans_terms_review,False,candidate_pending_fetch_snapshot_license_and_QA,fishcount-farmed-decapods,,,,block until redistribution terms verified
release-candidate-2026-07-07.country-context.v0,BVT,Bouvet Island,country:BVT,identity_boundary,True,candidate_pending_fetch_snapshot_license_and_QA,natural-earth-admin0;geoboundaries-adm1,,,,boundaries/context only
release-candidate-2026-07-07.country-context.v0,BVT,Bouvet Island,country:BVT,wdi_population_land_agriculture,True,candidate_pending_fetch_snapshot_license_and_QA,world-bank-wdi-api,,,,"population, land area, agricultural land denominators"
release-candidate-2026-07-07.country-context.v0,BVT,Bouvet Island,country:BVT,owid_land_animals_slaughtered,True,candidate_pending_fetch_snapshot_license_and_QA,owid-land-animals-slaughtered,,,,land animal slaughter proxy
release-candidate-2026-07-07.country-context.v0,BVT,Bouvet Island,country:BVT,owid_farmed_fish,False,candidate_pending_fetch_snapshot_license_and_QA,owid-farmed-fish-killed,,,,farmed fish proxy
release-candidate-2026-07-07.country-context.v0,BVT,Bouvet Island,country:BVT,owid_wild_caught_fish,False,candidate_pending_fetch_snapshot_license_and_QA,owid-wild-caught-fish,,,,wild caught fish proxy
release-candidate-2026-07-07.country-context.v0,BVT,Bouvet Island,country:BVT,owid_farmed_crustaceans,False,candidate_pending_fetch_snapshot_license_and_QA,owid-farmed-crustaceans,,,,farmed crustacean proxy
release-candidate-2026-07-07.country-context.v0,BVT,Bouvet Island,country:BVT,owid_insecticide_use_fao,False,candidate_pending_fetch_snapshot_license_and_QA,owid-insecticide-use-fao,,,,insecticide use proxy from FAOSTAT via OWID
release-candidate-2026-07-07.country-context.v0,BVT,Bouvet Island,country:BVT,fishcount_farmed_fish_terms_review,False,candidate_pending_fetch_snapshot_license_and_QA,fishcount-farmed-fish,,,,block until redistribution terms verified
release-candidate-2026-07-07.country-context.v0,BVT,Bouvet Island,country:BVT,fishcount_wild_fish_terms_review,False,candidate_pending_fetch_snapshot_license_and_QA,fishcount-wild-fish,,,,block until redistribution terms verified
release-candidate-2026-07-07.country-context.v0,BVT,Bouvet Island,country:BVT,fishcount_crustaceans_terms_review,False,candidate_pending_fetch_snapshot_license_and_QA,fishcount-farmed-decapods,,,,block until redistribution terms verified
release-candidate-2026-07-07.country-context.v0,BWA,Botswana,country:BWA,identity_boundary,True,candidate_pending_fetch_snapshot_license_and_QA,natural-earth-admin0;geoboundaries-adm1,,,,boundaries/context only
release-candidate-2026-07-07.country-context.v0,BWA,Botswana,country:BWA,wdi_population_land_agriculture,True,candidate_pending_fetch_snapshot_license_and_QA,world-bank-wdi-api,,,,"population, land area, agricultural land denominators"
release-candidate-2026-07-07.country-context.v0,BWA,Botswana,country:BWA,owid_land_animals_slaughtered,True,candidate_pending_fetch_snapshot_license_and_QA,owid-land-animals-slaughtered,,,,land animal slaughter proxy
release-candidate-2026-07-07.country-context.v0,BWA,Botswana,country:BWA,owid_farmed_fish,False,candidate_pending_fetch_snapshot_license_and_QA,owid-farmed-fish-killed,,,,farmed fish proxy
release-candidate-2026-07-07.country-context.v0,BWA,Botswana,country:BWA,owid_wild_caught_fish,False,candidate_pending_fetch_snapshot_license_and_QA,owid-wild-caught-fish,,,,wild caught fish proxy
release-candidate-2026-07-07.country-context.v0,BWA,Botswana,country:BWA,owid_farmed_crustaceans,False,candidate_pending_fetch_snapshot_license_and_QA,owid-farmed-crustaceans,,,,farmed crustacean proxy
release-candidate-2026-07-07.country-context.v0,BWA,Botswana,country:BWA,owid_insecticide_use_fao,False,candidate_pending_fetch_snapshot_license_and_QA,owid-insecticide-use-fao,,,,insecticide use proxy from FAOSTAT via OWID
release-candidate-2026-07-07.country-context.v0,BWA,Botswana,country:BWA,fishcount_farmed_fish_terms_review,False,candidate_pending_fetch_snapshot_license_and_QA,fishcount-farmed-fish,,,,block until redistribution terms verified
release-candidate-2026-07-07.country-context.v0,BWA,Botswana,country:BWA,fishcount_wild_fish_terms_review,False,candidate_pending_fetch_snapshot_license_and_QA,fishcount-wild-fish,,,,block until redistribution terms verified
release-candidate-2026-07-07.country-context.v0,BWA,Botswana,country:BWA,fishcount_crustaceans_terms_review,False,candidate_pending_fetch_snapshot_license_and_QA,fishcount-farmed-decapods,,,,block until redistribution terms verified
release-candidate-2026-07-07.country-context.v0,CAF,Central African Republic,country:CAF,identity_boundary,True,candidate_pending_fetch_snapshot_license_and_QA,natural-earth-admin0;geoboundaries-adm1,,,,boundaries/context only
release-candidate-2026-07-07.country-context.v0,CAF,Central African Republic,country:CAF,wdi_population_land_agriculture,True,candidate_pending_fetch_snapshot_license_and_QA,world-bank-wdi-api,,,,"population, land area, agricultural land denominators"
release-candidate-2026-07-07.country-context.v0,CAF,Central African Republic,country:CAF,owid_land_animals_slaughtered,True,candidate_pending_fetch_snapshot_license_and_QA,owid-land-animals-slaughtered,,,,land animal slaughter proxy
release-candidate-2026-07-07.country-context.v0,CAF,Central African Republic,country:CAF,owid_farmed_fish,False,candidate_pending_fetch_snapshot_license_and_QA,owid-farmed-fish-killed,,,,farmed fish proxy
release-candidate-2026-07-07.country-context.v0,CAF,Central African Republic,country:CAF,owid_wild_caught_fish,False,candidate_pending_fetch_snapshot_license_and_QA,owid-wild-caught-fish,,,,wild caught fish proxy
release-candidate-2026-07-07.country-context.v0,CAF,Central African Republic,country:CAF,owid_farmed_crustaceans,False,candidate_pending_fetch_snapshot_license_and_QA,owid-farmed-crustaceans,,,,farmed crustacean proxy
release-candidate-2026-07-07.country-context.v0,CAF,Central African Republic,country:CAF,owid_insecticide_use_fao,False,candidate_pending_fetch_snapshot_license_and_QA,owid-insecticide-use-fao,,,,insecticide use proxy from FAOSTAT via OWID
release-candidate-2026-07-07.country-context.v0,CAF,Central African Republic,country:CAF,fishcount_farmed_fish_terms_review,False,candidate_pending_fetch_snapshot_license_and_QA,fishcount-farmed-fish,,,,block until redistribution terms verified
release-candidate-2026-07-07.country-context.v0,CAF,Central African Republic,country:CAF,fishcount_wild_fish_terms_review,False,candidate_pending_fetch_snapshot_license_and_QA,fishcount-wild-fish,,,,block until redistribution terms verified
release-candidate-2026-07-07.country-context.v0,CAF,Central African Republic,country:CAF,fishcount_crustaceans_terms_review,False,candidate_pending_fetch_snapshot_license_and_QA,fishcount-farmed-decapods,,,,block until redistribution terms verified
release-candidate-2026-07-07.country-context.v0,CAN,Canada,country:CAN,identity_boundary,True,candidate_pending_fetch_snapshot_license_and_QA,natural-earth-admin0;geoboundaries-adm1,,,,boundaries/context only
release-candidate-2026-07-07.country-context.v0,CAN,Canada,country:CAN,wdi_population_land_agriculture,True,candidate_pending_fetch_snapshot_license_and_QA,world-bank-wdi-api,,,,"population, land area, agricultural land denominators"
release-candidate-2026-07-07.country-context.v0,CAN,Canada,country:CAN,owid_land_animals_slaughtered,True,candidate_pending_fetch_snapshot_license_and_QA,owid-land-animals-slaughtered,,,,land animal slaughter proxy
release-candidate-2026-07-07.country-context.v0,CAN,Canada,country:CAN,owid_farmed_fish,False,candidate_pending_fetch_snapshot_license_and_QA,owid-farmed-fish-killed,,,,farmed fish proxy
release-candidate-2026-07-07.country-context.v0,CAN,Canada,country:CAN,owid_wild_caught_fish,False,candidate_pending_fetch_snapshot_license_and_QA,owid-wild-caught-fish,,,,wild caught fish proxy
release-candidate-2026-07-07.country-context.v0,CAN,Canada,country:CAN,owid_farmed_crustaceans,False,candidate_pending_fetch_snapshot_license_and_QA,owid-farmed-crustaceans,,,,farmed crustacean proxy
release-candidate-2026-07-07.country-context.v0,CAN,Canada,country:CAN,owid_insecticide_use_fao,False,candidate_pending_fetch_snapshot_license_and_QA,owid-insecticide-use-fao,,,,insecticide use proxy from FAOSTAT via OWID
release-candidate-2026-07-07.country-context.v0,CAN,Canada,country:CAN,fishcount_farmed_fish_terms_review,False,candidate_pending_fetch_snapshot_license_and_QA,fishcount-farmed-fish,,,,block until redistribution terms verified
release-candidate-2026-07-07.country-context.v0,CAN,Canada,country:CAN,fishcount_wild_fish_terms_review,False,candidate_pending_fetch_snapshot_license_and_QA,fishcount-wild-fish,,,,block until redistribution terms verified
release-candidate-2026-07-07.country-context.v0,CAN,Canada,country:CAN,fishcount_crustaceans_terms_review,False,candidate_pending_fetch_snapshot_license_and_QA,fishcount-farmed-decapods,,,,block until redistribution terms verified
release-candidate-2026-07-07.country-context.v0,CCK,Cocos (Keeling) Islands,country:CCK,identity_boundary,True,candidate_pending_fetch_snapshot_license_and_QA,natural-earth-admin0;geoboundaries-adm1,,,,boundaries/context only
release-candidate-2026-07-07.country-context.v0,CCK,Cocos (Keeling) Islands,country:CCK,wdi_population_land_agriculture,True,candidate_pending_fetch_snapshot_license_and_QA,world-bank-wdi-api,,,,"population, land area, agricultural land denominators"
release-candidate-2026-07-07.country-context.v0,CCK,Cocos (Keeling) Islands,country:CCK,owid_land_animals_slaughtered,True,candidate_pending_fetch_snapshot_license_and_QA,owid-land-animals-slaughtered,,,,land animal slaughter proxy
release-candidate-2026-07-07.country-context.v0,CCK,Cocos (Keeling) Islands,country:CCK,owid_farmed_fish,False,candidate_pending_fetch_snapshot_license_and_QA,owid-farmed-fish-killed,,,,farmed fish proxy
release-candidate-2026-07-07.country-context.v0,CCK,Cocos (Keeling) Islands,country:CCK,owid_wild_caught_fish,False,candidate_pending_fetch_snapshot_license_and_QA,owid-wild-caught-fish,,,,wild caught fish proxy
release-candidate-2026-07-07.country-context.v0,CCK,Cocos (Keeling) Islands,country:CCK,owid_farmed_crustaceans,False,candidate_pending_fetch_snapshot_license_and_QA,owid-farmed-crustaceans,,,,farmed crustacean proxy
release-candidate-2026-07-07.country-context.v0,CCK,Cocos (Keeling) Islands,country:CCK,owid_insecticide_use_fao,False,candidate_pending_fetch_snapshot_license_and_QA,owid-insecticide-use-fao,,,,insecticide use proxy from FAOSTAT via OWID
release-candidate-2026-07-07.country-context.v0,CCK,Cocos (Keeling) Islands,country:CCK,fishcount_farmed_fish_terms_review,False,candidate_pending_fetch_snapshot_license_and_QA,fishcount-farmed-fish,,,,block until redistribution terms verified
release-candidate-2026-07-07.country-context.v0,CCK,Cocos (Keeling) Islands,country:CCK,fishcount_wild_fish_terms_review,False,candidate_pending_fetch_snapshot_license_and_QA,fishcount-wild-fish,,,,block until redistribution terms verified
release-candidate-2026-07-07.country-context.v0,CCK,Cocos (Keeling) Islands,country:CCK,fishcount_crustaceans_terms_review,False,candidate_pending_fetch_snapshot_license_and_QA,fishcount-farmed-decapods,,,,block until redistribution terms verified
release-candidate-2026-07-07.country-context.v0,CHE,Switzerland,country:CHE,identity_boundary,True,candidate_pending_fetch_snapshot_license_and_QA,natural-earth-admin0;geoboundaries-adm1,,,,boundaries/context only
release-candidate-2026-07-07.country-context.v0,CHE,Switzerland,country:CHE,wdi_population_land_agriculture,True,candidate_pending_fetch_snapshot_license_and_QA,world-bank-wdi-api,,,,"population, land area, agricultural land denominators"
release-candidate-2026-07-07.country-context.v0,CHE,Switzerland,country:CHE,owid_land_animals_slaughtered,True,candidate_pending_fetch_snapshot_license_and_QA,owid-land-animals-slaughtered,,,,land animal slaughter proxy
release-candidate-2026-07-07.country-context.v0,CHE,Switzerland,country:CHE,owid_farmed_fish,False,candidate_pending_fetch_snapshot_license_and_QA,owid-farmed-fish-killed,,,,farmed fish proxy
release-candidate-2026-07-07.country-context.v0,CHE,Switzerland,country:CHE,owid_wild_caught_fish,False,candidate_pending_fetch_snapshot_license_and_QA,owid-wild-caught-fish,,,,wild caught fish proxy
release-candidate-2026-07-07.country-context.v0,CHE,Switzerland,country:CHE,owid_farmed_crustaceans,False,candidate_pending_fetch_snapshot_license_and_QA,owid-farmed-crustaceans,,,,farmed crustacean proxy
release-candidate-2026-07-07.country-context.v0,CHE,Switzerland,country:CHE,owid_insecticide_use_fao,False,candidate_pending_fetch_snapshot_license_and_QA,owid-insecticide-use-fao,,,,insecticide use proxy from FAOSTAT via OWID
release-candidate-2026-07-07.country-context.v0,CHE,Switzerland,country:CHE,fishcount_farmed_fish_terms_review,False,candidate_pending_fetch_snapshot_license_and_QA,fishcount-farmed-fish,,,,block until redistribution terms verified
release-candidate-2026-07-07.country-context.v0,CHE,Switzerland,country:CHE,fishcount_wild_fish_terms_review,False,candidate_pending_fetch_snapshot_license_and_QA,fishcount-wild-fish,,,,block until redistribution terms verified
release-candidate-2026-07-07.country-context.v0,CHE,Switzerland,country:CHE,fishcount_crustaceans_terms_review,False,candidate_pending_fetch_snapshot_license_and_QA,fishcount-farmed-decapods,,,,block until redistribution terms verified
release-candidate-2026-07-07.country-context.v0,CHL,Chile,country:CHL,identity_boundary,True,candidate_pending_fetch_snapshot_license_and_QA,natural-earth-admin0;geoboundaries-adm1,,,,boundaries/context only
release-candidate-2026-07-07.country-context.v0,CHL,Chile,country:CHL,wdi_population_land_agriculture,True,candidate_pending_fetch_snapshot_license_and_QA,world-bank-wdi-api,,,,"population, land area, agricultural land denominators"
release-candidate-2026-07-07.country-context.v0,CHL,Chile,country:CHL,owid_land_animals_slaughtered,True,candidate_pending_fetch_snapshot_license_and_QA,owid-land-animals-slaughtered,,,,land animal slaughter proxy
release-candidate-2026-07-07.country-context.v0,CHL,Chile,country:CHL,owid_farmed_fish,False,candidate_pending_fetch_snapshot_license_and_QA,owid-farmed-fish-killed,,,,farmed fish proxy
release-candidate-2026-07-07.country-context.v0,CHL,Chile,country:CHL,owid_wild_caught_fish,False,candidate_pending_fetch_snapshot_license_and_QA,owid-wild-caught-fish,,,,wild caught fish proxy
release-candidate-2026-07-07.country-context.v0,CHL,Chile,country:CHL,owid_farmed_crustaceans,False,candidate_pending_fetch_snapshot_license_and_QA,owid-farmed-crustaceans,,,,farmed crustacean proxy
release-candidate-2026-07-07.country-context.v0,CHL,Chile,country:CHL,owid_insecticide_use_fao,False,candidate_pending_fetch_snapshot_license_and_QA,owid-insecticide-use-fao,,,,insecticide use proxy from FAOSTAT via OWID
release-candidate-2026-07-07.country-context.v0,CHL,Chile,country:CHL,fishcount_farmed_fish_terms_review,False,candidate_pending_fetch_snapshot_license_and_QA,fishcount-farmed-fish,,,,block until redistribution terms verified
release-candidate-2026-07-07.country-context.v0,CHL,Chile,country:CHL,fishcount_wild_fish_terms_review,False,candidate_pending_fetch_snapshot_license_and_QA,fishcount-wild-fish,,,,block until redistribution terms verified
release-candidate-2026-07-07.country-context.v0,CHL,Chile,country:CHL,fishcount_crustaceans_terms_review,False,candidate_pending_fetch_snapshot_license_and_QA,fishcount-farmed-decapods,,,,block until redistribution terms verified
release-candidate-2026-07-07.country-context.v0,CHN,China,country:CHN,identity_boundary,True,candidate_pending_fetch_snapshot_license_and_QA,natural-earth-admin0;geoboundaries-adm1,,,,boundaries/context only
release-candidate-2026-07-07.country-context.v0,CHN,China,country:CHN,wdi_population_land_agriculture,True,candidate_pending_fetch_snapshot_license_and_QA,world-bank-wdi-api,,,,"population, land area, agricultural land denominators"
release-candidate-2026-07-07.country-context.v0,CHN,China,country:CHN,owid_land_animals_slaughtered,True,candidate_pending_fetch_snapshot_license_and_QA,owid-land-animals-slaughtered,,,,land animal slaughter proxy
release-candidate-2026-07-07.country-context.v0,CHN,China,country:CHN,owid_farmed_fish,False,candidate_pending_fetch_snapshot_license_and_QA,owid-farmed-fish-killed,,,,farmed fish proxy
release-candidate-2026-07-07.country-context.v0,CHN,China,country:CHN,owid_wild_caught_fish,False,candidate_pending_fetch_snapshot_license_and_QA,owid-wild-caught-fish,,,,wild caught fish proxy
release-candidate-2026-07-07.country-context.v0,CHN,China,country:CHN,owid_farmed_crustaceans,False,candidate_pending_fetch_snapshot_license_and_QA,owid-farmed-crustaceans,,,,farmed crustacean proxy
release-candidate-2026-07-07.country-context.v0,CHN,China,country:CHN,owid_insecticide_use_fao,False,candidate_pending_fetch_snapshot_license_and_QA,owid-insecticide-use-fao,,,,insecticide use proxy from FAOSTAT via OWID
release-candidate-2026-07-07.country-context.v0,CHN,China,country:CHN,fishcount_farmed_fish_terms_review,False,candidate_pending_fetch_snapshot_license_and_QA,fishcount-farmed-fish,,,,block until redistribution terms verified
release-candidate-2026-07-07.country-context.v0,CHN,China,country:CHN,fishcount_wild_fish_terms_review,False,candidate_pending_fetch_snapshot_license_and_QA,fishcount-wild-fish,,,,block until redistribution terms verified
release-candidate-2026-07-07.country-context.v0,CHN,China,country:CHN,fishcount_crustaceans_terms_review,False,candidate_pending_fetch_snapshot_license_and_QA,fishcount-farmed-decapods,,,,block until redistribution terms verified
release-candidate-2026-07-07.country-context.v0,CIV,Côte d'Ivoire,country:CIV,identity_boundary,True,candidate_pending_fetch_snapshot_license_and_QA,natural-earth-admin0;geoboundaries-adm1,,,,boundaries/context only
release-candidate-2026-07-07.country-context.v0,CIV,Côte d'Ivoire,country:CIV,wdi_population_land_agriculture,True,candidate_pending_fetch_snapshot_license_and_QA,world-bank-wdi-api,,,,"population, land area, agricultural land denominators"
release-candidate-2026-07-07.country-context.v0,CIV,Côte d'Ivoire,country:CIV,owid_land_animals_slaughtered,True,candidate_pending_fetch_snapshot_license_and_QA,owid-land-animals-slaughtered,,,,land animal slaughter proxy
release-candidate-2026-07-07.country-context.v0,CIV,Côte d'Ivoire,country:CIV,owid_farmed_fish,False,candidate_pending_fetch_snapshot_license_and_QA,owid-farmed-fish-killed,,,,farmed fish proxy
release-candidate-2026-07-07.country-context.v0,CIV,Côte d'Ivoire,country:CIV,owid_wild_caught_fish,False,candidate_pending_fetch_snapshot_license_and_QA,owid-wild-caught-fish,,,,wild caught fish proxy
release-candidate-2026-07-07.country-context.v0,CIV,Côte d'Ivoire,country:CIV,owid_farmed_crustaceans,False,candidate_pending_fetch_snapshot_license_and_QA,owid-farmed-crustaceans,,,,farmed crustacean proxy
release-candidate-2026-07-07.country-context.v0,CIV,Côte d'Ivoire,country:CIV,owid_insecticide_use_fao,False,candidate_pending_fetch_snapshot_license_and_QA,owid-insecticide-use-fao,,,,insecticide use proxy from FAOSTAT via OWID
release-candidate-2026-07-07.country-context.v0,CIV,Côte d'Ivoire,country:CIV,fishcount_farmed_fish_terms_review,False,candidate_pending_fetch_snapshot_license_and_QA,fishcount-farmed-fish,,,,block until redistribution terms verified
release-candidate-2026-07-07.country-context.v0,CIV,Côte d'Ivoire,country:CIV,fishcount_wild_fish_terms_review,False,candidate_pending_fetch_snapshot_license_and_QA,fishcount-wild-fish,,,,block until redistribution terms verified
release-candidate-2026-07-07.country-context.v0,CIV,Côte d'Ivoire,country:CIV,fishcount_crustaceans_terms_review,False,candidate_pending_fetch_snapshot_license_and_QA,fishcount-farmed-decapods,,,,block until redistribution terms verified
release-candidate-2026-07-07.country-context.v0,CMR,Cameroon,country:CMR,identity_boundary,True,candidate_pending_fetch_snapshot_license_and_QA,natural-earth-admin0;geoboundaries-adm1,,,,boundaries/context only
release-candidate-2026-07-07.country-context.v0,CMR,Cameroon,country:CMR,wdi_population_land_agriculture,True,candidate_pending_fetch_snapshot_license_and_QA,world-bank-wdi-api,,,,"population, land area, agricultural land denominators"
release-candidate-2026-07-07.country-context.v0,CMR,Cameroon,country:CMR,owid_land_animals_slaughtered,True,candidate_pending_fetch_snapshot_license_and_QA,owid-land-animals-slaughtered,,,,land animal slaughter proxy
release-candidate-2026-07-07.country-context.v0,CMR,Cameroon,country:CMR,owid_farmed_fish,False,candidate_pending_fetch_snapshot_license_and_QA,owid-farmed-fish-killed,,,,farmed fish proxy
release-candidate-2026-07-07.country-context.v0,CMR,Cameroon,country:CMR,owid_wild_caught_fish,False,candidate_pending_fetch_snapshot_license_and_QA,owid-wild-caught-fish,,,,wild caught fish proxy
release-candidate-2026-07-07.country-context.v0,CMR,Cameroon,country:CMR,owid_farmed_crustaceans,False,candidate_pending_fetch_snapshot_license_and_QA,owid-farmed-crustaceans,,,,farmed crustacean proxy
release-candidate-2026-07-07.country-context.v0,CMR,Cameroon,country:CMR,owid_insecticide_use_fao,False,candidate_pending_fetch_snapshot_license_and_QA,owid-insecticide-use-fao,,,,insecticide use proxy from FAOSTAT via OWID
release-candidate-2026-07-07.country-context.v0,CMR,Cameroon,country:CMR,fishcount_farmed_fish_terms_review,False,candidate_pending_fetch_snapshot_license_and_QA,fishcount-farmed-fish,,,,block until redistribution terms verified
release-candidate-2026-07-07.country-context.v0,CMR,Cameroon,country:CMR,fishcount_wild_fish_terms_review,False,candidate_pending_fetch_snapshot_license_and_QA,fishcount-wild-fish,,,,block until redistribution terms verified
release-candidate-2026-07-07.country-context.v0,CMR,Cameroon,country:CMR,fishcount_crustaceans_terms_review,False,candidate_pending_fetch_snapshot_license_and_QA,fishcount-farmed-decapods,,,,block until redistribution terms verified
release-candidate-2026-07-07.country-context.v0,COD,"Congo, The Democratic Republic of the",country:COD,identity_boundary,True,candidate_pending_fetch_snapshot_license_and_QA,natural-earth-admin0;geoboundaries-adm1,,,,boundaries/context only
release-candidate-2026-07-07.country-context.v0,COD,"Congo, The Democratic Republic of the",country:COD,wdi_population_land_agriculture,True,candidate_pending_fetch_snapshot_license_and_QA,world-bank-wdi-api,,,,"population, land area, agricultural land denominators"
release-candidate-2026-07-07.country-context.v0,COD,"Congo, The Democratic Republic of the",country:COD,owid_land_animals_slaughtered,True,candidate_pending_fetch_snapshot_license_and_QA,owid-land-animals-slaughtered,,,,land animal slaughter proxy
release-candidate-2026-07-07.country-context.v0,COD,"Congo, The Democratic Republic of the",country:COD,owid_farmed_fish,False,candidate_pending_fetch_snapshot_license_and_QA,owid-farmed-fish-killed,,,,farmed fish proxy
release-candidate-2026-07-07.country-context.v0,COD,"Congo, The Democratic Republic of the",country:COD,owid_wild_caught_fish,False,candidate_pending_fetch_snapshot_license_and_QA,owid-wild-caught-fish,,,,wild caught fish proxy
release-candidate-2026-07-07.country-context.v0,COD,"Congo, The Democratic Republic of the",country:COD,owid_farmed_crustaceans,False,candidate_pending_fetch_snapshot_license_and_QA,owid-farmed-crustaceans,,,,farmed crustacean proxy
release-candidate-2026-07-07.country-context.v0,COD,"Congo, The Democratic Republic of the",country:COD,owid_insecticide_use_fao,False,candidate_pending_fetch_snapshot_license_and_QA,owid-insecticide-use-fao,,,,insecticide use proxy from FAOSTAT via OWID
release-candidate-2026-07-07.country-context.v0,COD,"Congo, The Democratic Republic of the",country:COD,fishcount_farmed_fish_terms_review,False,candidate_pending_fetch_snapshot_license_and_QA,fishcount-farmed-fish,,,,block until redistribution terms verified
release-candidate-2026-07-07.country-context.v0,COD,"Congo, The Democratic Republic of the",country:COD,fishcount_wild_fish_terms_review,False,candidate_pending_fetch_snapshot_license_and_QA,fishcount-wild-fish,,,,block until redistribution terms verified
release-candidate-2026-07-07.country-context.v0,COD,"Congo, The Democratic Republic of the",country:COD,fishcount_crustaceans_terms_review,False,candidate_pending_fetch_snapshot_license_and_QA,fishcount-farmed-decapods,,,,block until redistribution terms verified
release-candidate-2026-07-07.country-context.v0,COG,Congo,country:COG,identity_boundary,True,candidate_pending_fetch_snapshot_license_and_QA,natural-earth-admin0;geoboundaries-adm1,,,,boundaries/context only
release-candidate-2026-07-07.country-context.v0,COG,Congo,country:COG,wdi_population_land_agriculture,True,candidate_pending_fetch_snapshot_license_and_QA,world-bank-wdi-api,,,,"population, land area, agricultural land denominators"
release-candidate-2026-07-07.country-context.v0,COG,Congo,country:COG,owid_land_animals_slaughtered,True,candidate_pending_fetch_snapshot_license_and_QA,owid-land-animals-slaughtered,,,,land animal slaughter proxy
release-candidate-2026-07-07.country-context.v0,COG,Congo,country:COG,owid_farmed_fish,False,candidate_pending_fetch_snapshot_license_and_QA,owid-farmed-fish-killed,,,,farmed fish proxy
release-candidate-2026-07-07.country-context.v0,COG,Congo,country:COG,owid_wild_caught_fish,False,candidate_pending_fetch_snapshot_license_and_QA,owid-wild-caught-fish,,,,wild caught fish proxy
release-candidate-2026-07-07.country-context.v0,COG,Congo,country:COG,owid_farmed_crustaceans,False,candidate_pending_fetch_snapshot_license_and_QA,owid-farmed-crustaceans,,,,farmed crustacean proxy
release-candidate-2026-07-07.country-context.v0,COG,Congo,country:COG,owid_insecticide_use_fao,False,candidate_pending_fetch_snapshot_license_and_QA,owid-insecticide-use-fao,,,,insecticide use proxy from FAOSTAT via OWID
release-candidate-2026-07-07.country-context.v0,COG,Congo,country:COG,fishcount_farmed_fish_terms_review,False,candidate_pending_fetch_snapshot_license_and_QA,fishcount-farmed-fish,,,,block until redistribution terms verified
release-candidate-2026-07-07.country-context.v0,COG,Congo,country:COG,fishcount_wild_fish_terms_review,False,candidate_pending_fetch_snapshot_license_and_QA,fishcount-wild-fish,,,,block until redistribution terms verified
release-candidate-2026-07-07.country-context.v0,COG,Congo,country:COG,fishcount_crustaceans_terms_review,False,candidate_pending_fetch_snapshot_license_and_QA,fishcount-farmed-decapods,,,,block until redistribution terms verified
release-candidate-2026-07-07.country-context.v0,COK,Cook Islands,country:COK,identity_boundary,True,candidate_pending_fetch_snapshot_license_and_QA,natural-earth-admin0;geoboundaries-adm1,,,,boundaries/context only
release-candidate-2026-07-07.country-context.v0,COK,Cook Islands,country:COK,wdi_population_land_agriculture,True,candidate_pending_fetch_snapshot_license_and_QA,world-bank-wdi-api,,,,"population, land area, agricultural land denominators"
release-candidate-2026-07-07.country-context.v0,COK,Cook Islands,country:COK,owid_land_animals_slaughtered,True,candidate_pending_fetch_snapshot_license_and_QA,owid-land-animals-slaughtered,,,,land animal slaughter proxy
release-candidate-2026-07-07.country-context.v0,COK,Cook Islands,country:COK,owid_farmed_fish,False,candidate_pending_fetch_snapshot_license_and_QA,owid-farmed-fish-killed,,,,farmed fish proxy
release-candidate-2026-07-07.country-context.v0,COK,Cook Islands,country:COK,owid_wild_caught_fish,False,candidate_pending_fetch_snapshot_license_and_QA,owid-wild-caught-fish,,,,wild caught fish proxy
release-candidate-2026-07-07.country-context.v0,COK,Cook Islands,country:COK,owid_farmed_crustaceans,False,candidate_pending_fetch_snapshot_license_and_QA,owid-farmed-crustaceans,,,,farmed crustacean proxy
release-candidate-2026-07-07.country-context.v0,COK,Cook Islands,country:COK,owid_insecticide_use_fao,False,candidate_pending_fetch_snapshot_license_and_QA,owid-insecticide-use-fao,,,,insecticide use proxy from FAOSTAT via OWID
release-candidate-2026-07-07.country-context.v0,COK,Cook Islands,country:COK,fishcount_farmed_fish_terms_review,False,candidate_pending_fetch_snapshot_license_and_QA,fishcount-farmed-fish,,,,block until redistribution terms verified
release-candidate-2026-07-07.country-context.v0,COK,Cook Islands,country:COK,fishcount_wild_fish_terms_review,False,candidate_pending_fetch_snapshot_license_and_QA,fishcount-wild-fish,,,,block until redistribution terms verified
release-candidate-2026-07-07.country-context.v0,COK,Cook Islands,country:COK,fishcount_crustaceans_terms_review,False,candidate_pending_fetch_snapshot_license_and_QA,fishcount-farmed-decapods,,,,block until redistribution terms verified
release-candidate-2026-07-07.country-context.v0,COL,Colombia,country:COL,identity_boundary,True,candidate_pending_fetch_snapshot_license_and_QA,natural-earth-admin0;geoboundaries-adm1,,,,boundaries/context only
release-candidate-2026-07-07.country-context.v0,COL,Colombia,country:COL,wdi_population_land_agriculture,True,candidate_pending_fetch_snapshot_license_and_QA,world-bank-wdi-api,,,,"population, land area, agricultural land denominators"
release-candidate-2026-07-07.country-context.v0,COL,Colombia,country:COL,owid_land_animals_slaughtered,True,candidate_pending_fetch_snapshot_license_and_QA,owid-land-animals-slaughtered,,,,land animal slaughter proxy
release-candidate-2026-07-07.country-context.v0,COL,Colombia,country:COL,owid_farmed_fish,False,candidate_pending_fetch_snapshot_license_and_QA,owid-farmed-fish-killed,,,,farmed fish proxy
release-candidate-2026-07-07.country-context.v0,COL,Colombia,country:COL,owid_wild_caught_fish,False,candidate_pending_fetch_snapshot_license_and_QA,owid-wild-caught-fish,,,,wild caught fish proxy
release-candidate-2026-07-07.country-context.v0,COL,Colombia,country:COL,owid_farmed_crustaceans,False,candidate_pending_fetch_snapshot_license_and_QA,owid-farmed-crustaceans,,,,farmed crustacean proxy
release-candidate-2026-07-07.country-context.v0,COL,Colombia,country:COL,owid_insecticide_use_fao,False,candidate_pending_fetch_snapshot_license_and_QA,owid-insecticide-use-fao,,,,insecticide use proxy from FAOSTAT via OWID
release-candidate-2026-07-07.country-context.v0,COL,Colombia,country:COL,fishcount_farmed_fish_terms_review,False,candidate_pending_fetch_snapshot_license_and_QA,fishcount-farmed-fish,,,,block until redistribution terms verified
release-candidate-2026-07-07.country-context.v0,COL,Colombia,country:COL,fishcount_wild_fish_terms_review,False,candidate_pending_fetch_snapshot_license_and_QA,fishcount-wild-fish,,,,block until redistribution terms verified
release-candidate-2026-07-07.country-context.v0,COL,Colombia,country:COL,fishcount_crustaceans_terms_review,False,candidate_pending_fetch_snapshot_license_and_QA,fishcount-farmed-decapods,,,,block until redistribution terms verified
release-candidate-2026-07-07.country-context.v0,COM,Comoros,country:COM,identity_boundary,True,candidate_pending_fetch_snapshot_license_and_QA,natural-earth-admin0;geoboundaries-adm1,,,,boundaries/context only
release-candidate-2026-07-07.country-context.v0,COM,Comoros,country:COM,wdi_population_land_agriculture,True,candidate_pending_fetch_snapshot_license_and_QA,world-bank-wdi-api,,,,"population, land area, agricultural land denominators"
release-candidate-2026-07-07.country-context.v0,COM,Comoros,country:COM,owid_land_animals_slaughtered,True,candidate_pending_fetch_snapshot_license_and_QA,owid-land-animals-slaughtered,,,,land animal slaughter proxy
release-candidate-2026-07-07.country-context.v0,COM,Comoros,country:COM,owid_farmed_fish,False,candidate_pending_fetch_snapshot_license_and_QA,owid-farmed-fish-killed,,,,farmed fish proxy
release-candidate-2026-07-07.country-context.v0,COM,Comoros,country:COM,owid_wild_caught_fish,False,candidate_pending_fetch_snapshot_license_and_QA,owid-wild-caught-fish,,,,wild caught fish proxy
release-candidate-2026-07-07.country-context.v0,COM,Comoros,country:COM,owid_farmed_crustaceans,False,candidate_pending_fetch_snapshot_license_and_QA,owid-farmed-crustaceans,,,,farmed crustacean proxy
release-candidate-2026-07-07.country-context.v0,COM,Comoros,country:COM,owid_insecticide_use_fao,False,candidate_pending_fetch_snapshot_license_and_QA,owid-insecticide-use-fao,,,,insecticide use proxy from FAOSTAT via OWID
release-candidate-2026-07-07.country-context.v0,COM,Comoros,country:COM,fishcount_farmed_fish_terms_review,False,candidate_pending_fetch_snapshot_license_and_QA,fishcount-farmed-fish,,,,block until redistribution terms verified
release-candidate-2026-07-07.country-context.v0,COM,Comoros,country:COM,fishcount_wild_fish_terms_review,False,candidate_pending_fetch_snapshot_license_and_QA,fishcount-wild-fish,,,,block until redistribution terms verified
release-candidate-2026-07-07.country-context.v0,COM,Comoros,country:COM,fishcount_crustaceans_terms_review,False,candidate_pending_fetch_snapshot_license_and_QA,fishcount-farmed-decapods,,,,block until redistribution terms verified
release-candidate-2026-07-07.country-context.v0,CPV,Cabo Verde,country:CPV,identity_boundary,True,candidate_pending_fetch_snapshot_license_and_QA,natural-earth-admin0;geoboundaries-adm1,,,,boundaries/context only
release-candidate-2026-07-07.country-context.v0,CPV,Cabo Verde,country:CPV,wdi_population_land_agriculture,True,candidate_pending_fetch_snapshot_license_and_QA,world-bank-wdi-api,,,,"population, land area, agricultural land denominators"
release-candidate-2026-07-07.country-context.v0,CPV,Cabo Verde,country:CPV,owid_land_animals_slaughtered,True,candidate_pending_fetch_snapshot_license_and_QA,owid-land-animals-slaughtered,,,,land animal slaughter proxy
release-candidate-2026-07-07.country-context.v0,CPV,Cabo Verde,country:CPV,owid_farmed_fish,False,candidate_pending_fetch_snapshot_license_and_QA,owid-farmed-fish-killed,,,,farmed fish proxy
release-candidate-2026-07-07.country-context.v0,CPV,Cabo Verde,country:CPV,owid_wild_caught_fish,False,candidate_pending_fetch_snapshot_license_and_QA,owid-wild-caught-fish,,,,wild caught fish proxy
release-candidate-2026-07-07.country-context.v0,CPV,Cabo Verde,country:CPV,owid_farmed_crustaceans,False,candidate_pending_fetch_snapshot_license_and_QA,owid-farmed-crustaceans,,,,farmed crustacean proxy
release-candidate-2026-07-07.country-context.v0,CPV,Cabo Verde,country:CPV,owid_insecticide_use_fao,False,candidate_pending_fetch_snapshot_license_and_QA,owid-insecticide-use-fao,,,,insecticide use proxy from FAOSTAT via OWID
release-candidate-2026-07-07.country-context.v0,CPV,Cabo Verde,country:CPV,fishcount_farmed_fish_terms_review,False,candidate_pending_fetch_snapshot_license_and_QA,fishcount-farmed-fish,,,,block until redistribution terms verified
release-candidate-2026-07-07.country-context.v0,CPV,Cabo Verde,country:CPV,fishcount_wild_fish_terms_review,False,candidate_pending_fetch_snapshot_license_and_QA,fishcount-wild-fish,,,,block until redistribution terms verified
release-candidate-2026-07-07.country-context.v0,CPV,Cabo Verde,country:CPV,fishcount_crustaceans_terms_review,False,candidate_pending_fetch_snapshot_license_and_QA,fishcount-farmed-decapods,,,,block until redistribution terms verified
release-candidate-2026-07-07.country-context.v0,CRI,Costa Rica,country:CRI,identity_boundary,True,candidate_pending_fetch_snapshot_license_and_QA,natural-earth-admin0;geoboundaries-adm1,,,,boundaries/context only
release-candidate-2026-07-07.country-context.v0,CRI,Costa Rica,country:CRI,wdi_population_land_agriculture,True,candidate_pending_fetch_snapshot_license_and_QA,world-bank-wdi-api,,,,"population, land area, agricultural land denominators"
release-candidate-2026-07-07.country-context.v0,CRI,Costa Rica,country:CRI,owid_land_animals_slaughtered,True,candidate_pending_fetch_snapshot_license_and_QA,owid-land-animals-slaughtered,,,,land animal slaughter proxy
release-candidate-2026-07-07.country-context.v0,CRI,Costa Rica,country:CRI,owid_farmed_fish,False,candidate_pending_fetch_snapshot_license_and_QA,owid-farmed-fish-killed,,,,farmed fish proxy
release-candidate-2026-07-07.country-context.v0,CRI,Costa Rica,country:CRI,owid_wild_caught_fish,False,candidate_pending_fetch_snapshot_license_and_QA,owid-wild-caught-fish,,,,wild caught fish proxy
release-candidate-2026-07-07.country-context.v0,CRI,Costa Rica,country:CRI,owid_farmed_crustaceans,False,candidate_pending_fetch_snapshot_license_and_QA,owid-farmed-crustaceans,,,,farmed crustacean proxy
release-candidate-2026-07-07.country-context.v0,CRI,Costa Rica,country:CRI,owid_insecticide_use_fao,False,candidate_pending_fetch_snapshot_license_and_QA,owid-insecticide-use-fao,,,,insecticide use proxy from FAOSTAT via OWID
release-candidate-2026-07-07.country-context.v0,CRI,Costa Rica,country:CRI,fishcount_farmed_fish_terms_review,False,candidate_pending_fetch_snapshot_license_and_QA,fishcount-farmed-fish,,,,block until redistribution terms verified
release-candidate-2026-07-07.country-context.v0,CRI,Costa Rica,country:CRI,fishcount_wild_fish_terms_review,False,candidate_pending_fetch_snapshot_license_and_QA,fishcount-wild-fish,,,,block until redistribution terms verified
release-candidate-2026-07-07.country-context.v0,CRI,Costa Rica,country:CRI,fishcount_crustaceans_terms_review,False,candidate_pending_fetch_snapshot_license_and_QA,fishcount-farmed-decapods,,,,block until redistribution terms verified
release-candidate-2026-07-07.country-context.v0,CUB,Cuba,country:CUB,identity_boundary,True,candidate_pending_fetch_snapshot_license_and_QA,natural-earth-admin0;geoboundaries-adm1,,,,boundaries/context only
release-candidate-2026-07-07.country-context.v0,CUB,Cuba,country:CUB,wdi_population_land_agriculture,True,candidate_pending_fetch_snapshot_license_and_QA,world-bank-wdi-api,,,,"population, land area, agricultural land denominators"
release-candidate-2026-07-07.country-context.v0,CUB,Cuba,country:CUB,owid_land_animals_slaughtered,True,candidate_pending_fetch_snapshot_license_and_QA,owid-land-animals-slaughtered,,,,land animal slaughter proxy
release-candidate-2026-07-07.country-context.v0,CUB,Cuba,country:CUB,owid_farmed_fish,False,candidate_pending_fetch_snapshot_license_and_QA,owid-farmed-fish-killed,,,,farmed fish proxy
release-candidate-2026-07-07.country-context.v0,CUB,Cuba,country:CUB,owid_wild_caught_fish,False,candidate_pending_fetch_snapshot_license_and_QA,owid-wild-caught-fish,,,,wild caught fish proxy
release-candidate-2026-07-07.country-context.v0,CUB,Cuba,country:CUB,owid_farmed_crustaceans,False,candidate_pending_fetch_snapshot_license_and_QA,owid-farmed-crustaceans,,,,farmed crustacean proxy
release-candidate-2026-07-07.country-context.v0,CUB,Cuba,country:CUB,owid_insecticide_use_fao,False,candidate_pending_fetch_snapshot_license_and_QA,owid-insecticide-use-fao,,,,insecticide use proxy from FAOSTAT via OWID
release-candidate-2026-07-07.country-context.v0,CUB,Cuba,country:CUB,fishcount_farmed_fish_terms_review,False,candidate_pending_fetch_snapshot_license_and_QA,fishcount-farmed-fish,,,,block until redistribution terms verified
release-candidate-2026-07-07.country-context.v0,CUB,Cuba,country:CUB,fishcount_wild_fish_terms_review,False,candidate_pending_fetch_snapshot_license_and_QA,fishcount-wild-fish,,,,block until redistribution terms verified
release-candidate-2026-07-07.country-context.v0,CUB,Cuba,country:CUB,fishcount_crustaceans_terms_review,False,candidate_pending_fetch_snapshot_license_and_QA,fishcount-farmed-decapods,,,,block until redistribution terms verified
release-candidate-2026-07-07.country-context.v0,CUW,Curaçao,country:CUW,identity_boundary,True,candidate_pending_fetch_snapshot_license_and_QA,natural-earth-admin0;geoboundaries-adm1,,,,boundaries/context only
release-candidate-2026-07-07.country-context.v0,CUW,Curaçao,country:CUW,wdi_population_land_agriculture,True,candidate_pending_fetch_snapshot_license_and_QA,world-bank-wdi-api,,,,"population, land area, agricultural land denominators"
release-candidate-2026-07-07.country-context.v0,CUW,Curaçao,country:CUW,owid_land_animals_slaughtered,True,candidate_pending_fetch_snapshot_license_and_QA,owid-land-animals-slaughtered,,,,land animal slaughter proxy
release-candidate-2026-07-07.country-context.v0,CUW,Curaçao,country:CUW,owid_farmed_fish,False,candidate_pending_fetch_snapshot_license_and_QA,owid-farmed-fish-killed,,,,farmed fish proxy
release-candidate-2026-07-07.country-context.v0,CUW,Curaçao,country:CUW,owid_wild_caught_fish,False,candidate_pending_fetch_snapshot_license_and_QA,owid-wild-caught-fish,,,,wild caught fish proxy
release-candidate-2026-07-07.country-context.v0,CUW,Curaçao,country:CUW,owid_farmed_crustaceans,False,candidate_pending_fetch_snapshot_license_and_QA,owid-farmed-crustaceans,,,,farmed crustacean proxy
release-candidate-2026-07-07.country-context.v0,CUW,Curaçao,country:CUW,owid_insecticide_use_fao,False,candidate_pending_fetch_snapshot_license_and_QA,owid-insecticide-use-fao,,,,insecticide use proxy from FAOSTAT via OWID
release-candidate-2026-07-07.country-context.v0,CUW,Curaçao,country:CUW,fishcount_farmed_fish_terms_review,False,candidate_pending_fetch_snapshot_license_and_QA,fishcount-farmed-fish,,,,block until redistribution terms verified
release-candidate-2026-07-07.country-context.v0,CUW,Curaçao,country:CUW,fishcount_wild_fish_terms_review,False,candidate_pending_fetch_snapshot_license_and_QA,fishcount-wild-fish,,,,block until redistribution terms verified
release-candidate-2026-07-07.country-context.v0,CUW,Curaçao,country:CUW,fishcount_crustaceans_terms_review,False,candidate_pending_fetch_snapshot_license_and_QA,fishcount-farmed-decapods,,,,block until redistribution terms verified
release-candidate-2026-07-07.country-context.v0,CXR,Christmas Island,country:CXR,identity_boundary,True,candidate_pending_fetch_snapshot_license_and_QA,natural-earth-admin0;geoboundaries-adm1,,,,boundaries/context only
release-candidate-2026-07-07.country-context.v0,CXR,Christmas Island,country:CXR,wdi_population_land_agriculture,True,candidate_pending_fetch_snapshot_license_and_QA,world-bank-wdi-api,,,,"population, land area, agricultural land denominators"
release-candidate-2026-07-07.country-context.v0,CXR,Christmas Island,country:CXR,owid_land_animals_slaughtered,True,candidate_pending_fetch_snapshot_license_and_QA,owid-land-animals-slaughtered,,,,land animal slaughter proxy
release-candidate-2026-07-07.country-context.v0,CXR,Christmas Island,country:CXR,owid_farmed_fish,False,candidate_pending_fetch_snapshot_license_and_QA,owid-farmed-fish-killed,,,,farmed fish proxy
release-candidate-2026-07-07.country-context.v0,CXR,Christmas Island,country:CXR,owid_wild_caught_fish,False,candidate_pending_fetch_snapshot_license_and_QA,owid-wild-caught-fish,,,,wild caught fish proxy
release-candidate-2026-07-07.country-context.v0,CXR,Christmas Island,country:CXR,owid_farmed_crustaceans,False,candidate_pending_fetch_snapshot_license_and_QA,owid-farmed-crustaceans,,,,farmed crustacean proxy
release-candidate-2026-07-07.country-context.v0,CXR,Christmas Island,country:CXR,owid_insecticide_use_fao,False,candidate_pending_fetch_snapshot_license_and_QA,owid-insecticide-use-fao,,,,insecticide use proxy from FAOSTAT via OWID
release-candidate-2026-07-07.country-context.v0,CXR,Christmas Island,country:CXR,fishcount_farmed_fish_terms_review,False,candidate_pending_fetch_snapshot_license_and_QA,fishcount-farmed-fish,,,,block until redistribution terms verified
release-candidate-2026-07-07.country-context.v0,CXR,Christmas Island,country:CXR,fishcount_wild_fish_terms_review,False,candidate_pending_fetch_snapshot_license_and_QA,fishcount-wild-fish,,,,block until redistribution terms verified
release-candidate-2026-07-07.country-context.v0,CXR,Christmas Island,country:CXR,fishcount_crustaceans_terms_review,False,candidate_pending_fetch_snapshot_license_and_QA,fishcount-farmed-decapods,,,,block until redistribution terms verified
release-candidate-2026-07-07.country-context.v0,CYM,Cayman Islands,country:CYM,identity_boundary,True,candidate_pending_fetch_snapshot_license_and_QA,natural-earth-admin0;geoboundaries-adm1,,,,boundaries/context only
release-candidate-2026-07-07.country-context.v0,CYM,Cayman Islands,country:CYM,wdi_population_land_agriculture,True,candidate_pending_fetch_snapshot_license_and_QA,world-bank-wdi-api,,,,"population, land area, agricultural land denominators"
release-candidate-2026-07-07.country-context.v0,CYM,Cayman Islands,country:CYM,owid_land_animals_slaughtered,True,candidate_pending_fetch_snapshot_license_and_QA,owid-land-animals-slaughtered,,,,land animal slaughter proxy
release-candidate-2026-07-07.country-context.v0,CYM,Cayman Islands,country:CYM,owid_farmed_fish,False,candidate_pending_fetch_snapshot_license_and_QA,owid-farmed-fish-killed,,,,farmed fish proxy
release-candidate-2026-07-07.country-context.v0,CYM,Cayman Islands,country:CYM,owid_wild_caught_fish,False,candidate_pending_fetch_snapshot_license_and_QA,owid-wild-caught-fish,,,,wild caught fish proxy
release-candidate-2026-07-07.country-context.v0,CYM,Cayman Islands,country:CYM,owid_farmed_crustaceans,False,candidate_pending_fetch_snapshot_license_and_QA,owid-farmed-crustaceans,,,,farmed crustacean proxy
release-candidate-2026-07-07.country-context.v0,CYM,Cayman Islands,country:CYM,owid_insecticide_use_fao,False,candidate_pending_fetch_snapshot_license_and_QA,owid-insecticide-use-fao,,,,insecticide use proxy from FAOSTAT via OWID
release-candidate-2026-07-07.country-context.v0,CYM,Cayman Islands,country:CYM,fishcount_farmed_fish_terms_review,False,candidate_pending_fetch_snapshot_license_and_QA,fishcount-farmed-fish,,,,block until redistribution terms verified
release-candidate-2026-07-07.country-context.v0,CYM,Cayman Islands,country:CYM,fishcount_wild_fish_terms_review,False,candidate_pending_fetch_snapshot_license_and_QA,fishcount-wild-fish,,,,block until redistribution terms verified
release-candidate-2026-07-07.country-context.v0,CYM,Cayman Islands,country:CYM,fishcount_crustaceans_terms_review,False,candidate_pending_fetch_snapshot_license_and_QA,fishcount-farmed-decapods,,,,block until redistribution terms verified
release-candidate-2026-07-07.country-context.v0,CYP,Cyprus,country:CYP,identity_boundary,True,candidate_pending_fetch_snapshot_license_and_QA,natural-earth-admin0;geoboundaries-adm1,,,,boundaries/context only
release-candidate-2026-07-07.country-context.v0,CYP,Cyprus,country:CYP,wdi_population_land_agriculture,True,candidate_pending_fetch_snapshot_license_and_QA,world-bank-wdi-api,,,,"population, land area, agricultural land denominators"
release-candidate-2026-07-07.country-context.v0,CYP,Cyprus,country:CYP,owid_land_animals_slaughtered,True,candidate_pending_fetch_snapshot_license_and_QA,owid-land-animals-slaughtered,,,,land animal slaughter proxy
release-candidate-2026-07-07.country-context.v0,CYP,Cyprus,country:CYP,owid_farmed_fish,False,candidate_pending_fetch_snapshot_license_and_QA,owid-farmed-fish-killed,,,,farmed fish proxy
release-candidate-2026-07-07.country-context.v0,CYP,Cyprus,country:CYP,owid_wild_caught_fish,False,candidate_pending_fetch_snapshot_license_and_QA,owid-wild-caught-fish,,,,wild caught fish proxy
release-candidate-2026-07-07.country-context.v0,CYP,Cyprus,country:CYP,owid_farmed_crustaceans,False,candidate_pending_fetch_snapshot_license_and_QA,owid-farmed-crustaceans,,,,farmed crustacean proxy
release-candidate-2026-07-07.country-context.v0,CYP,Cyprus,country:CYP,owid_insecticide_use_fao,False,candidate_pending_fetch_snapshot_license_and_QA,owid-insecticide-use-fao,,,,insecticide use proxy from FAOSTAT via OWID
release-candidate-2026-07-07.country-context.v0,CYP,Cyprus,country:CYP,fishcount_farmed_fish_terms_review,False,candidate_pending_fetch_snapshot_license_and_QA,fishcount-farmed-fish,,,,block until redistribution terms verified
release-candidate-2026-07-07.country-context.v0,CYP,Cyprus,country:CYP,fishcount_wild_fish_terms_review,False,candidate_pending_fetch_snapshot_license_and_QA,fishcount-wild-fish,,,,block until redistribution terms verified
release-candidate-2026-07-07.country-context.v0,CYP,Cyprus,country:CYP,fishcount_crustaceans_terms_review,False,candidate_pending_fetch_snapshot_license_and_QA,fishcount-farmed-decapods,,,,block until redistribution terms verified
release-candidate-2026-07-07.country-context.v0,CZE,Czechia,country:CZE,identity_boundary,True,candidate_pending_fetch_snapshot_license_and_QA,natural-earth-admin0;geoboundaries-adm1,,,,boundaries/context only
release-candidate-2026-07-07.country-context.v0,CZE,Czechia,country:CZE,wdi_population_land_agriculture,True,candidate_pending_fetch_snapshot_license_and_QA,world-bank-wdi-api,,,,"population, land area, agricultural land denominators"
release-candidate-2026-07-07.country-context.v0,CZE,Czechia,country:CZE,owid_land_animals_slaughtered,True,candidate_pending_fetch_snapshot_license_and_QA,owid-land-animals-slaughtered,,,,land animal slaughter proxy
release-candidate-2026-07-07.country-context.v0,CZE,Czechia,country:CZE,owid_farmed_fish,False,candidate_pending_fetch_snapshot_license_and_QA,owid-farmed-fish-killed,,,,farmed fish proxy
release-candidate-2026-07-07.country-context.v0,CZE,Czechia,country:CZE,owid_wild_caught_fish,False,candidate_pending_fetch_snapshot_license_and_QA,owid-wild-caught-fish,,,,wild caught fish proxy
release-candidate-2026-07-07.country-context.v0,CZE,Czechia,country:CZE,owid_farmed_crustaceans,False,candidate_pending_fetch_snapshot_license_and_QA,owid-farmed-crustaceans,,,,farmed crustacean proxy
release-candidate-2026-07-07.country-context.v0,CZE,Czechia,country:CZE,owid_insecticide_use_fao,False,candidate_pending_fetch_snapshot_license_and_QA,owid-insecticide-use-fao,,,,insecticide use proxy from FAOSTAT via OWID
release-candidate-2026-07-07.country-context.v0,CZE,Czechia,country:CZE,fishcount_farmed_fish_terms_review,False,candidate_pending_fetch_snapshot_license_and_QA,fishcount-farmed-fish,,,,block until redistribution terms verified
release-candidate-2026-07-07.country-context.v0,CZE,Czechia,country:CZE,fishcount_wild_fish_terms_review,False,candidate_pending_fetch_snapshot_license_and_QA,fishcount-wild-fish,,,,block until redistribution terms verified
release-candidate-2026-07-07.country-context.v0,CZE,Czechia,country:CZE,fishcount_crustaceans_terms_review,False,candidate_pending_fetch_snapshot_license_and_QA,fishcount-farmed-decapods,,,,block until redistribution terms verified
release-candidate-2026-07-07.country-context.v0,DEU,Germany,country:DEU,identity_boundary,True,candidate_pending_fetch_snapshot_license_and_QA,natural-earth-admin0;geoboundaries-adm1,,,,boundaries/context only
release-candidate-2026-07-07.country-context.v0,DEU,Germany,country:DEU,wdi_population_land_agriculture,True,candidate_pending_fetch_snapshot_license_and_QA,world-bank-wdi-api,,,,"population, land area, agricultural land denominators"
release-candidate-2026-07-07.country-context.v0,DEU,Germany,country:DEU,owid_land_animals_slaughtered,True,candidate_pending_fetch_snapshot_license_and_QA,owid-land-animals-slaughtered,,,,land animal slaughter proxy
release-candidate-2026-07-07.country-context.v0,DEU,Germany,country:DEU,owid_farmed_fish,False,candidate_pending_fetch_snapshot_license_and_QA,owid-farmed-fish-killed,,,,farmed fish proxy
release-candidate-2026-07-07.country-context.v0,DEU,Germany,country:DEU,owid_wild_caught_fish,False,candidate_pending_fetch_snapshot_license_and_QA,owid-wild-caught-fish,,,,wild caught fish proxy
release-candidate-2026-07-07.country-context.v0,DEU,Germany,country:DEU,owid_farmed_crustaceans,False,candidate_pending_fetch_snapshot_license_and_QA,owid-farmed-crustaceans,,,,farmed crustacean proxy
release-candidate-2026-07-07.country-context.v0,DEU,Germany,country:DEU,owid_insecticide_use_fao,False,candidate_pending_fetch_snapshot_license_and_QA,owid-insecticide-use-fao,,,,insecticide use proxy from FAOSTAT via OWID
release-candidate-2026-07-07.country-context.v0,DEU,Germany,country:DEU,fishcount_farmed_fish_terms_review,False,candidate_pending_fetch_snapshot_license_and_QA,fishcount-farmed-fish,,,,block until redistribution terms verified
release-candidate-2026-07-07.country-context.v0,DEU,Germany,country:DEU,fishcount_wild_fish_terms_review,False,candidate_pending_fetch_snapshot_license_and_QA,fishcount-wild-fish,,,,block until redistribution terms verified
release-candidate-2026-07-07.country-context.v0,DEU,Germany,country:DEU,fishcount_crustaceans_terms_review,False,candidate_pending_fetch_snapshot_license_and_QA,fishcount-farmed-decapods,,,,block until redistribution terms verified
release-candidate-2026-07-07.country-context.v0,DJI,Djibouti,country:DJI,identity_boundary,True,candidate_pending_fetch_snapshot_license_and_QA,natural-earth-admin0;geoboundaries-adm1,,,,boundaries/context only
release-candidate-2026-07-07.country-context.v0,DJI,Djibouti,country:DJI,wdi_population_land_agriculture,True,candidate_pending_fetch_snapshot_license_and_QA,world-bank-wdi-api,,,,"population, land area, agricultural land denominators"
release-candidate-2026-07-07.country-context.v0,DJI,Djibouti,country:DJI,owid_land_animals_slaughtered,True,candidate_pending_fetch_snapshot_license_and_QA,owid-land-animals-slaughtered,,,,land animal slaughter proxy
release-candidate-2026-07-07.country-context.v0,DJI,Djibouti,country:DJI,owid_farmed_fish,False,candidate_pending_fetch_snapshot_license_and_QA,owid-farmed-fish-killed,,,,farmed fish proxy
release-candidate-2026-07-07.country-context.v0,DJI,Djibouti,country:DJI,owid_wild_caught_fish,False,candidate_pending_fetch_snapshot_license_and_QA,owid-wild-caught-fish,,,,wild caught fish proxy
release-candidate-2026-07-07.country-context.v0,DJI,Djibouti,country:DJI,owid_farmed_crustaceans,False,candidate_pending_fetch_snapshot_license_and_QA,owid-farmed-crustaceans,,,,farmed crustacean proxy
release-candidate-2026-07-07.country-context.v0,DJI,Djibouti,country:DJI,owid_insecticide_use_fao,False,candidate_pending_fetch_snapshot_license_and_QA,owid-insecticide-use-fao,,,,insecticide use proxy from FAOSTAT via OWID
release-candidate-2026-07-07.country-context.v0,DJI,Djibouti,country:DJI,fishcount_farmed_fish_terms_review,False,candidate_pending_fetch_snapshot_license_and_QA,fishcount-farmed-fish,,,,block until redistribution terms verified
release-candidate-2026-07-07.country-context.v0,DJI,Djibouti,country:DJI,fishcount_wild_fish_terms_review,False,candidate_pending_fetch_snapshot_license_and_QA,fishcount-wild-fish,,,,block until redistribution terms verified
release-candidate-2026-07-07.country-context.v0,DJI,Djibouti,country:DJI,fishcount_crustaceans_terms_review,False,candidate_pending_fetch_snapshot_license_and_QA,fishcount-farmed-decapods,,,,block until redistribution terms verified
release-candidate-2026-07-07.country-context.v0,DMA,Dominica,country:DMA,identity_boundary,True,candidate_pending_fetch_snapshot_license_and_QA,natural-earth-admin0;geoboundaries-adm1,,,,boundaries/context only
release-candidate-2026-07-07.country-context.v0,DMA,Dominica,country:DMA,wdi_population_land_agriculture,True,candidate_pending_fetch_snapshot_license_and_QA,world-bank-wdi-api,,,,"population, land area, agricultural land denominators"
release-candidate-2026-07-07.country-context.v0,DMA,Dominica,country:DMA,owid_land_animals_slaughtered,True,candidate_pending_fetch_snapshot_license_and_QA,owid-land-animals-slaughtered,,,,land animal slaughter proxy
release-candidate-2026-07-07.country-context.v0,DMA,Dominica,country:DMA,owid_farmed_fish,False,candidate_pending_fetch_snapshot_license_and_QA,owid-farmed-fish-killed,,,,farmed fish proxy
release-candidate-2026-07-07.country-context.v0,DMA,Dominica,country:DMA,owid_wild_caught_fish,False,candidate_pending_fetch_snapshot_license_and_QA,owid-wild-caught-fish,,,,wild caught fish proxy
release-candidate-2026-07-07.country-context.v0,DMA,Dominica,country:DMA,owid_farmed_crustaceans,False,candidate_pending_fetch_snapshot_license_and_QA,owid-farmed-crustaceans,,,,farmed crustacean proxy
release-candidate-2026-07-07.country-context.v0,DMA,Dominica,country:DMA,owid_insecticide_use_fao,False,candidate_pending_fetch_snapshot_license_and_QA,owid-insecticide-use-fao,,,,insecticide use proxy from FAOSTAT via OWID
release-candidate-2026-07-07.country-context.v0,DMA,Dominica,country:DMA,fishcount_farmed_fish_terms_review,False,candidate_pending_fetch_snapshot_license_and_QA,fishcount-farmed-fish,,,,block until redistribution terms verified
release-candidate-2026-07-07.country-context.v0,DMA,Dominica,country:DMA,fishcount_wild_fish_terms_review,False,candidate_pending_fetch_snapshot_license_and_QA,fishcount-wild-fish,,,,block until redistribution terms verified
release-candidate-2026-07-07.country-context.v0,DMA,Dominica,country:DMA,fishcount_crustaceans_terms_review,False,candidate_pending_fetch_snapshot_license_and_QA,fishcount-farmed-decapods,,,,block until redistribution terms verified
release-candidate-2026-07-07.country-context.v0,DNK,Denmark,country:DNK,identity_boundary,True,candidate_pending_fetch_snapshot_license_and_QA,natural-earth-admin0;geoboundaries-adm1,,,,boundaries/context only
release-candidate-2026-07-07.country-context.v0,DNK,Denmark,country:DNK,wdi_population_land_agriculture,True,candidate_pending_fetch_snapshot_license_and_QA,world-bank-wdi-api,,,,"population, land area, agricultural land denominators"
release-candidate-2026-07-07.country-context.v0,DNK,Denmark,country:DNK,owid_land_animals_slaughtered,True,candidate_pending_fetch_snapshot_license_and_QA,owid-land-animals-slaughtered,,,,land animal slaughter proxy
release-candidate-2026-07-07.country-context.v0,DNK,Denmark,country:DNK,owid_farmed_fish,False,candidate_pending_fetch_snapshot_license_and_QA,owid-farmed-fish-killed,,,,farmed fish proxy
release-candidate-2026-07-07.country-context.v0,DNK,Denmark,country:DNK,owid_wild_caught_fish,False,candidate_pending_fetch_snapshot_license_and_QA,owid-wild-caught-fish,,,,wild caught fish proxy
release-candidate-2026-07-07.country-context.v0,DNK,Denmark,country:DNK,owid_farmed_crustaceans,False,candidate_pending_fetch_snapshot_license_and_QA,owid-farmed-crustaceans,,,,farmed crustacean proxy
release-candidate-2026-07-07.country-context.v0,DNK,Denmark,country:DNK,owid_insecticide_use_fao,False,candidate_pending_fetch_snapshot_license_and_QA,owid-insecticide-use-fao,,,,insecticide use proxy from FAOSTAT via OWID
release-candidate-2026-07-07.country-context.v0,DNK,Denmark,country:DNK,fishcount_farmed_fish_terms_review,False,candidate_pending_fetch_snapshot_license_and_QA,fishcount-farmed-fish,,,,block until redistribution terms verified
release-candidate-2026-07-07.country-context.v0,DNK,Denmark,country:DNK,fishcount_wild_fish_terms_review,False,candidate_pending_fetch_snapshot_license_and_QA,fishcount-wild-fish,,,,block until redistribution terms verified
release-candidate-2026-07-07.country-context.v0,DNK,Denmark,country:DNK,fishcount_crustaceans_terms_review,False,candidate_pending_fetch_snapshot_license_and_QA,fishcount-farmed-decapods,,,,block until redistribution terms verified
release-candidate-2026-07-07.country-context.v0,DOM,Dominican Republic,country:DOM,identity_boundary,True,candidate_pending_fetch_snapshot_license_and_QA,natural-earth-admin0;geoboundaries-adm1,,,,boundaries/context only
release-candidate-2026-07-07.country-context.v0,DOM,Dominican Republic,country:DOM,wdi_population_land_agriculture,True,candidate_pending_fetch_snapshot_license_and_QA,world-bank-wdi-api,,,,"population, land area, agricultural land denominators"
release-candidate-2026-07-07.country-context.v0,DOM,Dominican Republic,country:DOM,owid_land_animals_slaughtered,True,candidate_pending_fetch_snapshot_license_and_QA,owid-land-animals-slaughtered,,,,land animal slaughter proxy
release-candidate-2026-07-07.country-context.v0,DOM,Dominican Republic,country:DOM,owid_farmed_fish,False,candidate_pending_fetch_snapshot_license_and_QA,owid-farmed-fish-killed,,,,farmed fish proxy
release-candidate-2026-07-07.country-context.v0,DOM,Dominican Republic,country:DOM,owid_wild_caught_fish,False,candidate_pending_fetch_snapshot_license_and_QA,owid-wild-caught-fish,,,,wild caught fish proxy
release-candidate-2026-07-07.country-context.v0,DOM,Dominican Republic,country:DOM,owid_farmed_crustaceans,False,candidate_pending_fetch_snapshot_license_and_QA,owid-farmed-crustaceans,,,,farmed crustacean proxy
release-candidate-2026-07-07.country-context.v0,DOM,Dominican Republic,country:DOM,owid_insecticide_use_fao,False,candidate_pending_fetch_snapshot_license_and_QA,owid-insecticide-use-fao,,,,insecticide use proxy from FAOSTAT via OWID
release-candidate-2026-07-07.country-context.v0,DOM,Dominican Republic,country:DOM,fishcount_farmed_fish_terms_review,False,candidate_pending_fetch_snapshot_license_and_QA,fishcount-farmed-fish,,,,block until redistribution terms verified
release-candidate-2026-07-07.country-context.v0,DOM,Dominican Republic,country:DOM,fishcount_wild_fish_terms_review,False,candidate_pending_fetch_snapshot_license_and_QA,fishcount-wild-fish,,,,block until redistribution terms verified
release-candidate-2026-07-07.country-context.v0,DOM,Dominican Republic,country:DOM,fishcount_crustaceans_terms_review,False,candidate_pending_fetch_snapshot_license_and_QA,fishcount-farmed-decapods,,,,block until redistribution terms verified
release-candidate-2026-07-07.country-context.v0,DZA,Algeria,country:DZA,identity_boundary,True,candidate_pending_fetch_snapshot_license_and_QA,natural-earth-admin0;geoboundaries-adm1,,,,boundaries/context only
release-candidate-2026-07-07.country-context.v0,DZA,Algeria,country:DZA,wdi_population_land_agriculture,True,candidate_pending_fetch_snapshot_license_and_QA,world-bank-wdi-api,,,,"population, land area, agricultural land denominators"
release-candidate-2026-07-07.country-context.v0,DZA,Algeria,country:DZA,owid_land_animals_slaughtered,True,candidate_pending_fetch_snapshot_license_and_QA,owid-land-animals-slaughtered,,,,land animal slaughter proxy
release-candidate-2026-07-07.country-context.v0,DZA,Algeria,country:DZA,owid_farmed_fish,False,candidate_pending_fetch_snapshot_license_and_QA,owid-farmed-fish-killed,,,,farmed fish proxy
release-candidate-2026-07-07.country-context.v0,DZA,Algeria,country:DZA,owid_wild_caught_fish,False,candidate_pending_fetch_snapshot_license_and_QA,owid-wild-caught-fish,,,,wild caught fish proxy
release-candidate-2026-07-07.country-context.v0,DZA,Algeria,country:DZA,owid_farmed_crustaceans,False,candidate_pending_fetch_snapshot_license_and_QA,owid-farmed-crustaceans,,,,farmed crustacean proxy
release-candidate-2026-07-07.country-context.v0,DZA,Algeria,country:DZA,owid_insecticide_use_fao,False,candidate_pending_fetch_snapshot_license_and_QA,owid-insecticide-use-fao,,,,insecticide use proxy from FAOSTAT via OWID
release-candidate-2026-07-07.country-context.v0,DZA,Algeria,country:DZA,fishcount_farmed_fish_terms_review,False,candidate_pending_fetch_snapshot_license_and_QA,fishcount-farmed-fish,,,,block until redistribution terms verified
release-candidate-2026-07-07.country-context.v0,DZA,Algeria,country:DZA,fishcount_wild_fish_terms_review,False,candidate_pending_fetch_snapshot_license_and_QA,fishcount-wild-fish,,,,block until redistribution terms verified
release-candidate-2026-07-07.country-context.v0,DZA,Algeria,country:DZA,fishcount_crustaceans_terms_review,False,candidate_pending_fetch_snapshot_license_and_QA,fishcount-farmed-decapods,,,,block until redistribution terms verified
release-candidate-2026-07-07.country-context.v0,ECU,Ecuador,country:ECU,identity_boundary,True,candidate_pending_fetch_snapshot_license_and_QA,natural-earth-admin0;geoboundaries-adm1,,,,boundaries/context only
release-candidate-2026-07-07.country-context.v0,ECU,Ecuador,country:ECU,wdi_population_land_agriculture,True,candidate_pending_fetch_snapshot_license_and_QA,world-bank-wdi-api,,,,"population, land area, agricultural land denominators"
release-candidate-2026-07-07.country-context.v0,ECU,Ecuador,country:ECU,owid_land_animals_slaughtered,True,candidate_pending_fetch_snapshot_license_and_QA,owid-land-animals-slaughtered,,,,land animal slaughter proxy
release-candidate-2026-07-07.country-context.v0,ECU,Ecuador,country:ECU,owid_farmed_fish,False,candidate_pending_fetch_snapshot_license_and_QA,owid-farmed-fish-killed,,,,farmed fish proxy
release-candidate-2026-07-07.country-context.v0,ECU,Ecuador,country:ECU,owid_wild_caught_fish,False,candidate_pending_fetch_snapshot_license_and_QA,owid-wild-caught-fish,,,,wild caught fish proxy
release-candidate-2026-07-07.country-context.v0,ECU,Ecuador,country:ECU,owid_farmed_crustaceans,False,candidate_pending_fetch_snapshot_license_and_QA,owid-farmed-crustaceans,,,,farmed crustacean proxy
release-candidate-2026-07-07.country-context.v0,ECU,Ecuador,country:ECU,owid_insecticide_use_fao,False,candidate_pending_fetch_snapshot_license_and_QA,owid-insecticide-use-fao,,,,insecticide use proxy from FAOSTAT via OWID
release-candidate-2026-07-07.country-context.v0,ECU,Ecuador,country:ECU,fishcount_farmed_fish_terms_review,False,candidate_pending_fetch_snapshot_license_and_QA,fishcount-farmed-fish,,,,block until redistribution terms verified
release-candidate-2026-07-07.country-context.v0,ECU,Ecuador,country:ECU,fishcount_wild_fish_terms_review,False,candidate_pending_fetch_snapshot_license_and_QA,fishcount-wild-fish,,,,block until redistribution terms verified
release-candidate-2026-07-07.country-context.v0,ECU,Ecuador,country:ECU,fishcount_crustaceans_terms_review,False,candidate_pending_fetch_snapshot_license_and_QA,fishcount-farmed-decapods,,,,block until redistribution terms verified
release-candidate-2026-07-07.country-context.v0,EGY,Egypt,country:EGY,identity_boundary,True,candidate_pending_fetch_snapshot_license_and_QA,natural-earth-admin0;geoboundaries-adm1,,,,boundaries/context only
release-candidate-2026-07-07.country-context.v0,EGY,Egypt,country:EGY,wdi_population_land_agriculture,True,candidate_pending_fetch_snapshot_license_and_QA,world-bank-wdi-api,,,,"population, land area, agricultural land denominators"
release-candidate-2026-07-07.country-context.v0,EGY,Egypt,country:EGY,owid_land_animals_slaughtered,True,candidate_pending_fetch_snapshot_license_and_QA,owid-land-animals-slaughtered,,,,land animal slaughter proxy
release-candidate-2026-07-07.country-context.v0,EGY,Egypt,country:EGY,owid_farmed_fish,False,candidate_pending_fetch_snapshot_license_and_QA,owid-farmed-fish-killed,,,,farmed fish proxy
release-candidate-2026-07-07.country-context.v0,EGY,Egypt,country:EGY,owid_wild_caught_fish,False,candidate_pending_fetch_snapshot_license_and_QA,owid-wild-caught-fish,,,,wild caught fish proxy
release-candidate-2026-07-07.country-context.v0,EGY,Egypt,country:EGY,owid_farmed_crustaceans,False,candidate_pending_fetch_snapshot_license_and_QA,owid-farmed-crustaceans,,,,farmed crustacean proxy
release-candidate-2026-07-07.country-context.v0,EGY,Egypt,country:EGY,owid_insecticide_use_fao,False,candidate_pending_fetch_snapshot_license_and_QA,owid-insecticide-use-fao,,,,insecticide use proxy from FAOSTAT via OWID
release-candidate-2026-07-07.country-context.v0,EGY,Egypt,country:EGY,fishcount_farmed_fish_terms_review,False,candidate_pending_fetch_snapshot_license_and_QA,fishcount-farmed-fish,,,,block until redistribution terms verified
release-candidate-2026-07-07.country-context.v0,EGY,Egypt,country:EGY,fishcount_wild_fish_terms_review,False,candidate_pending_fetch_snapshot_license_and_QA,fishcount-wild-fish,,,,block until redistribution terms verified
release-candidate-2026-07-07.country-context.v0,EGY,Egypt,country:EGY,fishcount_crustaceans_terms_review,False,candidate_pending_fetch_snapshot_license_and_QA,fishcount-farmed-decapods,,,,block until redistribution terms verified
release-candidate-2026-07-07.country-context.v0,ERI,Eritrea,country:ERI,identity_boundary,True,candidate_pending_fetch_snapshot_license_and_QA,natural-earth-admin0;geoboundaries-adm1,,,,boundaries/context only
release-candidate-2026-07-07.country-context.v0,ERI,Eritrea,country:ERI,wdi_population_land_agriculture,True,candidate_pending_fetch_snapshot_license_and_QA,world-bank-wdi-api,,,,"population, land area, agricultural land denominators"
release-candidate-2026-07-07.country-context.v0,ERI,Eritrea,country:ERI,owid_land_animals_slaughtered,True,candidate_pending_fetch_snapshot_license_and_QA,owid-land-animals-slaughtered,,,,land animal slaughter proxy
release-candidate-2026-07-07.country-context.v0,ERI,Eritrea,country:ERI,owid_farmed_fish,False,candidate_pending_fetch_snapshot_license_and_QA,owid-farmed-fish-killed,,,,farmed fish proxy
release-candidate-2026-07-07.country-context.v0,ERI,Eritrea,country:ERI,owid_wild_caught_fish,False,candidate_pending_fetch_snapshot_license_and_QA,owid-wild-caught-fish,,,,wild caught fish proxy
release-candidate-2026-07-07.country-context.v0,ERI,Eritrea,country:ERI,owid_farmed_crustaceans,False,candidate_pending_fetch_snapshot_license_and_QA,owid-farmed-crustaceans,,,,farmed crustacean proxy
release-candidate-2026-07-07.country-context.v0,ERI,Eritrea,country:ERI,owid_insecticide_use_fao,False,candidate_pending_fetch_snapshot_license_and_QA,owid-insecticide-use-fao,,,,insecticide use proxy from FAOSTAT via OWID
release-candidate-2026-07-07.country-context.v0,ERI,Eritrea,country:ERI,fishcount_farmed_fish_terms_review,False,candidate_pending_fetch_snapshot_license_and_QA,fishcount-farmed-fish,,,,block until redistribution terms verified
release-candidate-2026-07-07.country-context.v0,ERI,Eritrea,country:ERI,fishcount_wild_fish_terms_review,False,candidate_pending_fetch_snapshot_license_and_QA,fishcount-wild-fish,,,,block until redistribution terms verified
release-candidate-2026-07-07.country-context.v0,ERI,Eritrea,country:ERI,fishcount_crustaceans_terms_review,False,candidate_pending_fetch_snapshot_license_and_QA,fishcount-farmed-decapods,,,,block until redistribution terms verified
release-candidate-2026-07-07.country-context.v0,ESH,Western Sahara,country:ESH,identity_boundary,True,candidate_pending_fetch_snapshot_license_and_QA,natural-earth-admin0;geoboundaries-adm1,,,,boundaries/context only
release-candidate-2026-07-07.country-context.v0,ESH,Western Sahara,country:ESH,wdi_population_land_agriculture,True,candidate_pending_fetch_snapshot_license_and_QA,world-bank-wdi-api,,,,"population, land area, agricultural land denominators"
release-candidate-2026-07-07.country-context.v0,ESH,Western Sahara,country:ESH,owid_land_animals_slaughtered,True,candidate_pending_fetch_snapshot_license_and_QA,owid-land-animals-slaughtered,,,,land animal slaughter proxy
release-candidate-2026-07-07.country-context.v0,ESH,Western Sahara,country:ESH,owid_farmed_fish,False,candidate_pending_fetch_snapshot_license_and_QA,owid-farmed-fish-killed,,,,farmed fish proxy
release-candidate-2026-07-07.country-context.v0,ESH,Western Sahara,country:ESH,owid_wild_caught_fish,False,candidate_pending_fetch_snapshot_license_and_QA,owid-wild-caught-fish,,,,wild caught fish proxy
release-candidate-2026-07-07.country-context.v0,ESH,Western Sahara,country:ESH,owid_farmed_crustaceans,False,candidate_pending_fetch_snapshot_license_and_QA,owid-farmed-crustaceans,,,,farmed crustacean proxy
release-candidate-2026-07-07.country-context.v0,ESH,Western Sahara,country:ESH,owid_insecticide_use_fao,False,candidate_pending_fetch_snapshot_license_and_QA,owid-insecticide-use-fao,,,,insecticide use proxy from FAOSTAT via OWID
release-candidate-2026-07-07.country-context.v0,ESH,Western Sahara,country:ESH,fishcount_farmed_fish_terms_review,False,candidate_pending_fetch_snapshot_license_and_QA,fishcount-farmed-fish,,,,block until redistribution terms verified
release-candidate-2026-07-07.country-context.v0,ESH,Western Sahara,country:ESH,fishcount_wild_fish_terms_review,False,candidate_pending_fetch_snapshot_license_and_QA,fishcount-wild-fish,,,,block until redistribution terms verified
release-candidate-2026-07-07.country-context.v0,ESH,Western Sahara,country:ESH,fishcount_crustaceans_terms_review,False,candidate_pending_fetch_snapshot_license_and_QA,fishcount-farmed-decapods,,,,block until redistribution terms verified
release-candidate-2026-07-07.country-context.v0,ESP,Spain,country:ESP,identity_boundary,True,candidate_pending_fetch_snapshot_license_and_QA,natural-earth-admin0;geoboundaries-adm1,,,,boundaries/context only
release-candidate-2026-07-07.country-context.v0,ESP,Spain,country:ESP,wdi_population_land_agriculture,True,candidate_pending_fetch_snapshot_license_and_QA,world-bank-wdi-api,,,,"population, land area, agricultural land denominators"
release-candidate-2026-07-07.country-context.v0,ESP,Spain,country:ESP,owid_land_animals_slaughtered,True,candidate_pending_fetch_snapshot_license_and_QA,owid-land-animals-slaughtered,,,,land animal slaughter proxy
release-candidate-2026-07-07.country-context.v0,ESP,Spain,country:ESP,owid_farmed_fish,False,candidate_pending_fetch_snapshot_license_and_QA,owid-farmed-fish-killed,,,,farmed fish proxy
release-candidate-2026-07-07.country-context.v0,ESP,Spain,country:ESP,owid_wild_caught_fish,False,candidate_pending_fetch_snapshot_license_and_QA,owid-wild-caught-fish,,,,wild caught fish proxy
release-candidate-2026-07-07.country-context.v0,ESP,Spain,country:ESP,owid_farmed_crustaceans,False,candidate_pending_fetch_snapshot_license_and_QA,owid-farmed-crustaceans,,,,farmed crustacean proxy
release-candidate-2026-07-07.country-context.v0,ESP,Spain,country:ESP,owid_insecticide_use_fao,False,candidate_pending_fetch_snapshot_license_and_QA,owid-insecticide-use-fao,,,,insecticide use proxy from FAOSTAT via OWID
release-candidate-2026-07-07.country-context.v0,ESP,Spain,country:ESP,fishcount_farmed_fish_terms_review,False,candidate_pending_fetch_snapshot_license_and_QA,fishcount-farmed-fish,,,,block until redistribution terms verified
release-candidate-2026-07-07.country-context.v0,ESP,Spain,country:ESP,fishcount_wild_fish_terms_review,False,candidate_pending_fetch_snapshot_license_and_QA,fishcount-wild-fish,,,,block until redistribution terms verified
release-candidate-2026-07-07.country-context.v0,ESP,Spain,country:ESP,fishcount_crustaceans_terms_review,False,candidate_pending_fetch_snapshot_license_and_QA,fishcount-farmed-decapods,,,,block until redistribution terms verified
release-candidate-2026-07-07.country-context.v0,EST,Estonia,country:EST,identity_boundary,True,candidate_pending_fetch_snapshot_license_and_QA,natural-earth-admin0;geoboundaries-adm1,,,,boundaries/context only
release-candidate-2026-07-07.country-context.v0,EST,Estonia,country:EST,wdi_population_land_agriculture,True,candidate_pending_fetch_snapshot_license_and_QA,world-bank-wdi-api,,,,"population, land area, agricultural land denominators"
release-candidate-2026-07-07.country-context.v0,EST,Estonia,country:EST,owid_land_animals_slaughtered,True,candidate_pending_fetch_snapshot_license_and_QA,owid-land-animals-slaughtered,,,,land animal slaughter proxy
release-candidate-2026-07-07.country-context.v0,EST,Estonia,country:EST,owid_farmed_fish,False,candidate_pending_fetch_snapshot_license_and_QA,owid-farmed-fish-killed,,,,farmed fish proxy
release-candidate-2026-07-07.country-context.v0,EST,Estonia,country:EST,owid_wild_caught_fish,False,candidate_pending_fetch_snapshot_license_and_QA,owid-wild-caught-fish,,,,wild caught fish proxy
release-candidate-2026-07-07.country-context.v0,EST,Estonia,country:EST,owid_farmed_crustaceans,False,candidate_pending_fetch_snapshot_license_and_QA,owid-farmed-crustaceans,,,,farmed crustacean proxy
release-candidate-2026-07-07.country-context.v0,EST,Estonia,country:EST,owid_insecticide_use_fao,False,candidate_pending_fetch_snapshot_license_and_QA,owid-insecticide-use-fao,,,,insecticide use proxy from FAOSTAT via OWID
release-candidate-2026-07-07.country-context.v0,EST,Estonia,country:EST,fishcount_farmed_fish_terms_review,False,candidate_pending_fetch_snapshot_license_and_QA,fishcount-farmed-fish,,,,block until redistribution terms verified
release-candidate-2026-07-07.country-context.v0,EST,Estonia,country:EST,fishcount_wild_fish_terms_review,False,candidate_pending_fetch_snapshot_license_and_QA,fishcount-wild-fish,,,,block until redistribution terms verified
release-candidate-2026-07-07.country-context.v0,EST,Estonia,country:EST,fishcount_crustaceans_terms_review,False,candidate_pending_fetch_snapshot_license_and_QA,fishcount-farmed-decapods,,,,block until redistribution terms verified
release-candidate-2026-07-07.country-context.v0,ETH,Ethiopia,country:ETH,identity_boundary,True,candidate_pending_fetch_snapshot_license_and_QA,natural-earth-admin0;geoboundaries-adm1,,,,boundaries/context only
release-candidate-2026-07-07.country-context.v0,ETH,Ethiopia,country:ETH,wdi_population_land_agriculture,True,candidate_pending_fetch_snapshot_license_and_QA,world-bank-wdi-api,,,,"population, land area, agricultural land denominators"
release-candidate-2026-07-07.country-context.v0,ETH,Ethiopia,country:ETH,owid_land_animals_slaughtered,True,candidate_pending_fetch_snapshot_license_and_QA,owid-land-animals-slaughtered,,,,land animal slaughter proxy
release-candidate-2026-07-07.country-context.v0,ETH,Ethiopia,country:ETH,owid_farmed_fish,False,candidate_pending_fetch_snapshot_license_and_QA,owid-farmed-fish-killed,,,,farmed fish proxy
release-candidate-2026-07-07.country-context.v0,ETH,Ethiopia,country:ETH,owid_wild_caught_fish,False,candidate_pending_fetch_snapshot_license_and_QA,owid-wild-caught-fish,,,,wild caught fish proxy
release-candidate-2026-07-07.country-context.v0,ETH,Ethiopia,country:ETH,owid_farmed_crustaceans,False,candidate_pending_fetch_snapshot_license_and_QA,owid-farmed-crustaceans,,,,farmed crustacean proxy
release-candidate-2026-07-07.country-context.v0,ETH,Ethiopia,country:ETH,owid_insecticide_use_fao,False,candidate_pending_fetch_snapshot_license_and_QA,owid-insecticide-use-fao,,,,insecticide use proxy from FAOSTAT via OWID
release-candidate-2026-07-07.country-context.v0,ETH,Ethiopia,country:ETH,fishcount_farmed_fish_terms_review,False,candidate_pending_fetch_snapshot_license_and_QA,fishcount-farmed-fish,,,,block until redistribution terms verified
release-candidate-2026-07-07.country-context.v0,ETH,Ethiopia,country:ETH,fishcount_wild_fish_terms_review,False,candidate_pending_fetch_snapshot_license_and_QA,fishcount-wild-fish,,,,block until redistribution terms verified
release-candidate-2026-07-07.country-context.v0,ETH,Ethiopia,country:ETH,fishcount_crustaceans_terms_review,False,candidate_pending_fetch_snapshot_license_and_QA,fishcount-farmed-decapods,,,,block until redistribution terms verified
release-candidate-2026-07-07.country-context.v0,FIN,Finland,country:FIN,identity_boundary,True,candidate_pending_fetch_snapshot_license_and_QA,natural-earth-admin0;geoboundaries-adm1,,,,boundaries/context only
release-candidate-2026-07-07.country-context.v0,FIN,Finland,country:FIN,wdi_population_land_agriculture,True,candidate_pending_fetch_snapshot_license_and_QA,world-bank-wdi-api,,,,"population, land area, agricultural land denominators"
release-candidate-2026-07-07.country-context.v0,FIN,Finland,country:FIN,owid_land_animals_slaughtered,True,candidate_pending_fetch_snapshot_license_and_QA,owid-land-animals-slaughtered,,,,land animal slaughter proxy
release-candidate-2026-07-07.country-context.v0,FIN,Finland,country:FIN,owid_farmed_fish,False,candidate_pending_fetch_snapshot_license_and_QA,owid-farmed-fish-killed,,,,farmed fish proxy
release-candidate-2026-07-07.country-context.v0,FIN,Finland,country:FIN,owid_wild_caught_fish,False,candidate_pending_fetch_snapshot_license_and_QA,owid-wild-caught-fish,,,,wild caught fish proxy
release-candidate-2026-07-07.country-context.v0,FIN,Finland,country:FIN,owid_farmed_crustaceans,False,candidate_pending_fetch_snapshot_license_and_QA,owid-farmed-crustaceans,,,,farmed crustacean proxy
release-candidate-2026-07-07.country-context.v0,FIN,Finland,country:FIN,owid_insecticide_use_fao,False,candidate_pending_fetch_snapshot_license_and_QA,owid-insecticide-use-fao,,,,insecticide use proxy from FAOSTAT via OWID
release-candidate-2026-07-07.country-context.v0,FIN,Finland,country:FIN,fishcount_farmed_fish_terms_review,False,candidate_pending_fetch_snapshot_license_and_QA,fishcount-farmed-fish,,,,block until redistribution terms verified
release-candidate-2026-07-07.country-context.v0,FIN,Finland,country:FIN,fishcount_wild_fish_terms_review,False,candidate_pending_fetch_snapshot_license_and_QA,fishcount-wild-fish,,,,block until redistribution terms verified
release-candidate-2026-07-07.country-context.v0,FIN,Finland,country:FIN,fishcount_crustaceans_terms_review,False,candidate_pending_fetch_snapshot_license_and_QA,fishcount-farmed-decapods,,,,block until redistribution terms verified
release-candidate-2026-07-07.country-context.v0,FJI,Fiji,country:FJI,identity_boundary,True,candidate_pending_fetch_snapshot_license_and_QA,natural-earth-admin0;geoboundaries-adm1,,,,boundaries/context only
release-candidate-2026-07-07.country-context.v0,FJI,Fiji,country:FJI,wdi_population_land_agriculture,True,candidate_pending_fetch_snapshot_license_and_QA,world-bank-wdi-api,,,,"population, land area, agricultural land denominators"
release-candidate-2026-07-07.country-context.v0,FJI,Fiji,country:FJI,owid_land_animals_slaughtered,True,candidate_pending_fetch_snapshot_license_and_QA,owid-land-animals-slaughtered,,,,land animal slaughter proxy
release-candidate-2026-07-07.country-context.v0,FJI,Fiji,country:FJI,owid_farmed_fish,False,candidate_pending_fetch_snapshot_license_and_QA,owid-farmed-fish-killed,,,,farmed fish proxy
release-candidate-2026-07-07.country-context.v0,FJI,Fiji,country:FJI,owid_wild_caught_fish,False,candidate_pending_fetch_snapshot_license_and_QA,owid-wild-caught-fish,,,,wild caught fish proxy
release-candidate-2026-07-07.country-context.v0,FJI,Fiji,country:FJI,owid_farmed_crustaceans,False,candidate_pending_fetch_snapshot_license_and_QA,owid-farmed-crustaceans,,,,farmed crustacean proxy
release-candidate-2026-07-07.country-context.v0,FJI,Fiji,country:FJI,owid_insecticide_use_fao,False,candidate_pending_fetch_snapshot_license_and_QA,owid-insecticide-use-fao,,,,insecticide use proxy from FAOSTAT via OWID
release-candidate-2026-07-07.country-context.v0,FJI,Fiji,country:FJI,fishcount_farmed_fish_terms_review,False,candidate_pending_fetch_snapshot_license_and_QA,fishcount-farmed-fish,,,,block until redistribution terms verified
release-candidate-2026-07-07.country-context.v0,FJI,Fiji,country:FJI,fishcount_wild_fish_terms_review,False,candidate_pending_fetch_snapshot_license_and_QA,fishcount-wild-fish,,,,block until redistribution terms verified
release-candidate-2026-07-07.country-context.v0,FJI,Fiji,country:FJI,fishcount_crustaceans_terms_review,False,candidate_pending_fetch_snapshot_license_and_QA,fishcount-farmed-decapods,,,,block until redistribution terms verified
release-candidate-2026-07-07.country-context.v0,FLK,Falkland Islands (Malvinas),country:FLK,identity_boundary,True,candidate_pending_fetch_snapshot_license_and_QA,natural-earth-admin0;geoboundaries-adm1,,,,boundaries/context only
release-candidate-2026-07-07.country-context.v0,FLK,Falkland Islands (Malvinas),country:FLK,wdi_population_land_agriculture,True,candidate_pending_fetch_snapshot_license_and_QA,world-bank-wdi-api,,,,"population, land area, agricultural land denominators"
release-candidate-2026-07-07.country-context.v0,FLK,Falkland Islands (Malvinas),country:FLK,owid_land_animals_slaughtered,True,candidate_pending_fetch_snapshot_license_and_QA,owid-land-animals-slaughtered,,,,land animal slaughter proxy
release-candidate-2026-07-07.country-context.v0,FLK,Falkland Islands (Malvinas),country:FLK,owid_farmed_fish,False,candidate_pending_fetch_snapshot_license_and_QA,owid-farmed-fish-killed,,,,farmed fish proxy
release-candidate-2026-07-07.country-context.v0,FLK,Falkland Islands (Malvinas),country:FLK,owid_wild_caught_fish,False,candidate_pending_fetch_snapshot_license_and_QA,owid-wild-caught-fish,,,,wild caught fish proxy
release-candidate-2026-07-07.country-context.v0,FLK,Falkland Islands (Malvinas),country:FLK,owid_farmed_crustaceans,False,candidate_pending_fetch_snapshot_license_and_QA,owid-farmed-crustaceans,,,,farmed crustacean proxy
release-candidate-2026-07-07.country-context.v0,FLK,Falkland Islands (Malvinas),country:FLK,owid_insecticide_use_fao,False,candidate_pending_fetch_snapshot_license_and_QA,owid-insecticide-use-fao,,,,insecticide use proxy from FAOSTAT via OWID
release-candidate-2026-07-07.country-context.v0,FLK,Falkland Islands (Malvinas),country:FLK,fishcount_farmed_fish_terms_review,False,candidate_pending_fetch_snapshot_license_and_QA,fishcount-farmed-fish,,,,block until redistribution terms verified
release-candidate-2026-07-07.country-context.v0,FLK,Falkland Islands (Malvinas),country:FLK,fishcount_wild_fish_terms_review,False,candidate_pending_fetch_snapshot_license_and_QA,fishcount-wild-fish,,,,block until redistribution terms verified
release-candidate-2026-07-07.country-context.v0,FLK,Falkland Islands (Malvinas),country:FLK,fishcount_crustaceans_terms_review,False,candidate_pending_fetch_snapshot_license_and_QA,fishcount-farmed-decapods,,,,block until redistribution terms verified
release-candidate-2026-07-07.country-context.v0,FRA,France,country:FRA,identity_boundary,True,candidate_pending_fetch_snapshot_license_and_QA,natural-earth-admin0;geoboundaries-adm1,,,,boundaries/context only
release-candidate-2026-07-07.country-context.v0,FRA,France,country:FRA,wdi_population_land_agriculture,True,candidate_pending_fetch_snapshot_license_and_QA,world-bank-wdi-api,,,,"population, land area, agricultural land denominators"
release-candidate-2026-07-07.country-context.v0,FRA,France,country:FRA,owid_land_animals_slaughtered,True,candidate_pending_fetch_snapshot_license_and_QA,owid-land-animals-slaughtered,,,,land animal slaughter proxy
release-candidate-2026-07-07.country-context.v0,FRA,France,country:FRA,owid_farmed_fish,False,candidate_pending_fetch_snapshot_license_and_QA,owid-farmed-fish-killed,,,,farmed fish proxy
release-candidate-2026-07-07.country-context.v0,FRA,France,country:FRA,owid_wild_caught_fish,False,candidate_pending_fetch_snapshot_license_and_QA,owid-wild-caught-fish,,,,wild caught fish proxy
release-candidate-2026-07-07.country-context.v0,FRA,France,country:FRA,owid_farmed_crustaceans,False,candidate_pending_fetch_snapshot_license_and_QA,owid-farmed-crustaceans,,,,farmed crustacean proxy
release-candidate-2026-07-07.country-context.v0,FRA,France,country:FRA,owid_insecticide_use_fao,False,candidate_pending_fetch_snapshot_license_and_QA,owid-insecticide-use-fao,,,,insecticide use proxy from FAOSTAT via OWID
release-candidate-2026-07-07.country-context.v0,FRA,France,country:FRA,fishcount_farmed_fish_terms_review,False,candidate_pending_fetch_snapshot_license_and_QA,fishcount-farmed-fish,,,,block until redistribution terms verified
release-candidate-2026-07-07.country-context.v0,FRA,France,country:FRA,fishcount_wild_fish_terms_review,False,candidate_pending_fetch_snapshot_license_and_QA,fishcount-wild-fish,,,,block until redistribution terms verified
release-candidate-2026-07-07.country-context.v0,FRA,France,country:FRA,fishcount_crustaceans_terms_review,False,candidate_pending_fetch_snapshot_license_and_QA,fishcount-farmed-decapods,,,,block until redistribution terms verified
release-candidate-2026-07-07.country-context.v0,FRO,Faroe Islands,country:FRO,identity_boundary,True,candidate_pending_fetch_snapshot_license_and_QA,natural-earth-admin0;geoboundaries-adm1,,,,boundaries/context only
release-candidate-2026-07-07.country-context.v0,FRO,Faroe Islands,country:FRO,wdi_population_land_agriculture,True,candidate_pending_fetch_snapshot_license_and_QA,world-bank-wdi-api,,,,"population, land area, agricultural land denominators"
release-candidate-2026-07-07.country-context.v0,FRO,Faroe Islands,country:FRO,owid_land_animals_slaughtered,True,candidate_pending_fetch_snapshot_license_and_QA,owid-land-animals-slaughtered,,,,land animal slaughter proxy
release-candidate-2026-07-07.country-context.v0,FRO,Faroe Islands,country:FRO,owid_farmed_fish,False,candidate_pending_fetch_snapshot_license_and_QA,owid-farmed-fish-killed,,,,farmed fish proxy
release-candidate-2026-07-07.country-context.v0,FRO,Faroe Islands,country:FRO,owid_wild_caught_fish,False,candidate_pending_fetch_snapshot_license_and_QA,owid-wild-caught-fish,,,,wild caught fish proxy
release-candidate-2026-07-07.country-context.v0,FRO,Faroe Islands,country:FRO,owid_farmed_crustaceans,False,candidate_pending_fetch_snapshot_license_and_QA,owid-farmed-crustaceans,,,,farmed crustacean proxy
release-candidate-2026-07-07.country-context.v0,FRO,Faroe Islands,country:FRO,owid_insecticide_use_fao,False,candidate_pending_fetch_snapshot_license_and_QA,owid-insecticide-use-fao,,,,insecticide use proxy from FAOSTAT via OWID
release-candidate-2026-07-07.country-context.v0,FRO,Faroe Islands,country:FRO,fishcount_farmed_fish_terms_review,False,candidate_pending_fetch_snapshot_license_and_QA,fishcount-farmed-fish,,,,block until redistribution terms verified
release-candidate-2026-07-07.country-context.v0,FRO,Faroe Islands,country:FRO,fishcount_wild_fish_terms_review,False,candidate_pending_fetch_snapshot_license_and_QA,fishcount-wild-fish,,,,block until redistribution terms verified
release-candidate-2026-07-07.country-context.v0,FRO,Faroe Islands,country:FRO,fishcount_crustaceans_terms_review,False,candidate_pending_fetch_snapshot_license_and_QA,fishcount-farmed-decapods,,,,block until redistribution terms verified
release-candidate-2026-07-07.country-context.v0,FSM,"Micronesia, Federated States of",country:FSM,identity_boundary,True,candidate_pending_fetch_snapshot_license_and_QA,natural-earth-admin0;geoboundaries-adm1,,,,boundaries/context only
release-candidate-2026-07-07.country-context.v0,FSM,"Micronesia, Federated States of",country:FSM,wdi_population_land_agriculture,True,candidate_pending_fetch_snapshot_license_and_QA,world-bank-wdi-api,,,,"population, land area, agricultural land denominators"
release-candidate-2026-07-07.country-context.v0,FSM,"Micronesia, Federated States of",country:FSM,owid_land_animals_slaughtered,True,candidate_pending_fetch_snapshot_license_and_QA,owid-land-animals-slaughtered,,,,land animal slaughter proxy
release-candidate-2026-07-07.country-context.v0,FSM,"Micronesia, Federated States of",country:FSM,owid_farmed_fish,False,candidate_pending_fetch_snapshot_license_and_QA,owid-farmed-fish-killed,,,,farmed fish proxy
release-candidate-2026-07-07.country-context.v0,FSM,"Micronesia, Federated States of",country:FSM,owid_wild_caught_fish,False,candidate_pending_fetch_snapshot_license_and_QA,owid-wild-caught-fish,,,,wild caught fish proxy
release-candidate-2026-07-07.country-context.v0,FSM,"Micronesia, Federated States of",country:FSM,owid_farmed_crustaceans,False,candidate_pending_fetch_snapshot_license_and_QA,owid-farmed-crustaceans,,,,farmed crustacean proxy
release-candidate-2026-07-07.country-context.v0,FSM,"Micronesia, Federated States of",country:FSM,owid_insecticide_use_fao,False,candidate_pending_fetch_snapshot_license_and_QA,owid-insecticide-use-fao,,,,insecticide use proxy from FAOSTAT via OWID
release-candidate-2026-07-07.country-context.v0,FSM,"Micronesia, Federated States of",country:FSM,fishcount_farmed_fish_terms_review,False,candidate_pending_fetch_snapshot_license_and_QA,fishcount-farmed-fish,,,,block until redistribution terms verified
release-candidate-2026-07-07.country-context.v0,FSM,"Micronesia, Federated States of",country:FSM,fishcount_wild_fish_terms_review,False,candidate_pending_fetch_snapshot_license_and_QA,fishcount-wild-fish,,,,block until redistribution terms verified
release-candidate-2026-07-07.country-context.v0,FSM,"Micronesia, Federated States of",country:FSM,fishcount_crustaceans_terms_review,False,candidate_pending_fetch_snapshot_license_and_QA,fishcount-farmed-decapods,,,,block until redistribution terms verified
release-candidate-2026-07-07.country-context.v0,GAB,Gabon,country:GAB,identity_boundary,True,candidate_pending_fetch_snapshot_license_and_QA,natural-earth-admin0;geoboundaries-adm1,,,,boundaries/context only
release-candidate-2026-07-07.country-context.v0,GAB,Gabon,country:GAB,wdi_population_land_agriculture,True,candidate_pending_fetch_snapshot_license_and_QA,world-bank-wdi-api,,,,"population, land area, agricultural land denominators"
release-candidate-2026-07-07.country-context.v0,GAB,Gabon,country:GAB,owid_land_animals_slaughtered,True,candidate_pending_fetch_snapshot_license_and_QA,owid-land-animals-slaughtered,,,,land animal slaughter proxy
release-candidate-2026-07-07.country-context.v0,GAB,Gabon,country:GAB,owid_farmed_fish,False,candidate_pending_fetch_snapshot_license_and_QA,owid-farmed-fish-killed,,,,farmed fish proxy
release-candidate-2026-07-07.country-context.v0,GAB,Gabon,country:GAB,owid_wild_caught_fish,False,candidate_pending_fetch_snapshot_license_and_QA,owid-wild-caught-fish,,,,wild caught fish proxy
release-candidate-2026-07-07.country-context.v0,GAB,Gabon,country:GAB,owid_farmed_crustaceans,False,candidate_pending_fetch_snapshot_license_and_QA,owid-farmed-crustaceans,,,,farmed crustacean proxy
release-candidate-2026-07-07.country-context.v0,GAB,Gabon,country:GAB,owid_insecticide_use_fao,False,candidate_pending_fetch_snapshot_license_and_QA,owid-insecticide-use-fao,,,,insecticide use proxy from FAOSTAT via OWID
release-candidate-2026-07-07.country-context.v0,GAB,Gabon,country:GAB,fishcount_farmed_fish_terms_review,False,candidate_pending_fetch_snapshot_license_and_QA,fishcount-farmed-fish,,,,block until redistribution terms verified
release-candidate-2026-07-07.country-context.v0,GAB,Gabon,country:GAB,fishcount_wild_fish_terms_review,False,candidate_pending_fetch_snapshot_license_and_QA,fishcount-wild-fish,,,,block until redistribution terms verified
release-candidate-2026-07-07.country-context.v0,GAB,Gabon,country:GAB,fishcount_crustaceans_terms_review,False,candidate_pending_fetch_snapshot_license_and_QA,fishcount-farmed-decapods,,,,block until redistribution terms verified
release-candidate-2026-07-07.country-context.v0,GBR,United Kingdom,country:GBR,identity_boundary,True,candidate_pending_fetch_snapshot_license_and_QA,natural-earth-admin0;geoboundaries-adm1,,,,boundaries/context only
release-candidate-2026-07-07.country-context.v0,GBR,United Kingdom,country:GBR,wdi_population_land_agriculture,True,candidate_pending_fetch_snapshot_license_and_QA,world-bank-wdi-api,,,,"population, land area, agricultural land denominators"
release-candidate-2026-07-07.country-context.v0,GBR,United Kingdom,country:GBR,owid_land_animals_slaughtered,True,candidate_pending_fetch_snapshot_license_and_QA,owid-land-animals-slaughtered,,,,land animal slaughter proxy
release-candidate-2026-07-07.country-context.v0,GBR,United Kingdom,country:GBR,owid_farmed_fish,False,candidate_pending_fetch_snapshot_license_and_QA,owid-farmed-fish-killed,,,,farmed fish proxy
release-candidate-2026-07-07.country-context.v0,GBR,United Kingdom,country:GBR,owid_wild_caught_fish,False,candidate_pending_fetch_snapshot_license_and_QA,owid-wild-caught-fish,,,,wild caught fish proxy
release-candidate-2026-07-07.country-context.v0,GBR,United Kingdom,country:GBR,owid_farmed_crustaceans,False,candidate_pending_fetch_snapshot_license_and_QA,owid-farmed-crustaceans,,,,farmed crustacean proxy
release-candidate-2026-07-07.country-context.v0,GBR,United Kingdom,country:GBR,owid_insecticide_use_fao,False,candidate_pending_fetch_snapshot_license_and_QA,owid-insecticide-use-fao,,,,insecticide use proxy from FAOSTAT via OWID
release-candidate-2026-07-07.country-context.v0,GBR,United Kingdom,country:GBR,fishcount_farmed_fish_terms_review,False,candidate_pending_fetch_snapshot_license_and_QA,fishcount-farmed-fish,,,,block until redistribution terms verified
release-candidate-2026-07-07.country-context.v0,GBR,United Kingdom,country:GBR,fishcount_wild_fish_terms_review,False,candidate_pending_fetch_snapshot_license_and_QA,fishcount-wild-fish,,,,block until redistribution terms verified
release-candidate-2026-07-07.country-context.v0,GBR,United Kingdom,country:GBR,fishcount_crustaceans_terms_review,False,candidate_pending_fetch_snapshot_license_and_QA,fishcount-farmed-decapods,,,,block until redistribution terms verified
release-candidate-2026-07-07.country-context.v0,GEO,Georgia,country:GEO,identity_boundary,True,candidate_pending_fetch_snapshot_license_and_QA,natural-earth-admin0;geoboundaries-adm1,,,,boundaries/context only
release-candidate-2026-07-07.country-context.v0,GEO,Georgia,country:GEO,wdi_population_land_agriculture,True,candidate_pending_fetch_snapshot_license_and_QA,world-bank-wdi-api,,,,"population, land area, agricultural land denominators"
release-candidate-2026-07-07.country-context.v0,GEO,Georgia,country:GEO,owid_land_animals_slaughtered,True,candidate_pending_fetch_snapshot_license_and_QA,owid-land-animals-slaughtered,,,,land animal slaughter proxy
release-candidate-2026-07-07.country-context.v0,GEO,Georgia,country:GEO,owid_farmed_fish,False,candidate_pending_fetch_snapshot_license_and_QA,owid-farmed-fish-killed,,,,farmed fish proxy
release-candidate-2026-07-07.country-context.v0,GEO,Georgia,country:GEO,owid_wild_caught_fish,False,candidate_pending_fetch_snapshot_license_and_QA,owid-wild-caught-fish,,,,wild caught fish proxy
release-candidate-2026-07-07.country-context.v0,GEO,Georgia,country:GEO,owid_farmed_crustaceans,False,candidate_pending_fetch_snapshot_license_and_QA,owid-farmed-crustaceans,,,,farmed crustacean proxy
release-candidate-2026-07-07.country-context.v0,GEO,Georgia,country:GEO,owid_insecticide_use_fao,False,candidate_pending_fetch_snapshot_license_and_QA,owid-insecticide-use-fao,,,,insecticide use proxy from FAOSTAT via OWID
release-candidate-2026-07-07.country-context.v0,GEO,Georgia,country:GEO,fishcount_farmed_fish_terms_review,False,candidate_pending_fetch_snapshot_license_and_QA,fishcount-farmed-fish,,,,block until redistribution terms verified
release-candidate-2026-07-07.country-context.v0,GEO,Georgia,country:GEO,fishcount_wild_fish_terms_review,False,candidate_pending_fetch_snapshot_license_and_QA,fishcount-wild-fish,,,,block until redistribution terms verified
release-candidate-2026-07-07.country-context.v0,GEO,Georgia,country:GEO,fishcount_crustaceans_terms_review,False,candidate_pending_fetch_snapshot_license_and_QA,fishcount-farmed-decapods,,,,block until redistribution terms verified
release-candidate-2026-07-07.country-context.v0,GGY,Guernsey,country:GGY,identity_boundary,True,candidate_pending_fetch_snapshot_license_and_QA,natural-earth-admin0;geoboundaries-adm1,,,,boundaries/context only
release-candidate-2026-07-07.country-context.v0,GGY,Guernsey,country:GGY,wdi_population_land_agriculture,True,candidate_pending_fetch_snapshot_license_and_QA,world-bank-wdi-api,,,,"population, land area, agricultural land denominators"
release-candidate-2026-07-07.country-context.v0,GGY,Guernsey,country:GGY,owid_land_animals_slaughtered,True,candidate_pending_fetch_snapshot_license_and_QA,owid-land-animals-slaughtered,,,,land animal slaughter proxy
release-candidate-2026-07-07.country-context.v0,GGY,Guernsey,country:GGY,owid_farmed_fish,False,candidate_pending_fetch_snapshot_license_and_QA,owid-farmed-fish-killed,,,,farmed fish proxy
release-candidate-2026-07-07.country-context.v0,GGY,Guernsey,country:GGY,owid_wild_caught_fish,False,candidate_pending_fetch_snapshot_license_and_QA,owid-wild-caught-fish,,,,wild caught fish proxy
release-candidate-2026-07-07.country-context.v0,GGY,Guernsey,country:GGY,owid_farmed_crustaceans,False,candidate_pending_fetch_snapshot_license_and_QA,owid-farmed-crustaceans,,,,farmed crustacean proxy
release-candidate-2026-07-07.country-context.v0,GGY,Guernsey,country:GGY,owid_insecticide_use_fao,False,candidate_pending_fetch_snapshot_license_and_QA,owid-insecticide-use-fao,,,,insecticide use proxy from FAOSTAT via OWID
release-candidate-2026-07-07.country-context.v0,GGY,Guernsey,country:GGY,fishcount_farmed_fish_terms_review,False,candidate_pending_fetch_snapshot_license_and_QA,fishcount-farmed-fish,,,,block until redistribution terms verified
release-candidate-2026-07-07.country-context.v0,GGY,Guernsey,country:GGY,fishcount_wild_fish_terms_review,False,candidate_pending_fetch_snapshot_license_and_QA,fishcount-wild-fish,,,,block until redistribution terms verified
release-candidate-2026-07-07.country-context.v0,GGY,Guernsey,country:GGY,fishcount_crustaceans_terms_review,False,candidate_pending_fetch_snapshot_license_and_QA,fishcount-farmed-decapods,,,,block until redistribution terms verified
release-candidate-2026-07-07.country-context.v0,GHA,Ghana,country:GHA,identity_boundary,True,candidate_pending_fetch_snapshot_license_and_QA,natural-earth-admin0;geoboundaries-adm1,,,,boundaries/context only
release-candidate-2026-07-07.country-context.v0,GHA,Ghana,country:GHA,wdi_population_land_agriculture,True,candidate_pending_fetch_snapshot_license_and_QA,world-bank-wdi-api,,,,"population, land area, agricultural land denominators"
release-candidate-2026-07-07.country-context.v0,GHA,Ghana,country:GHA,owid_land_animals_slaughtered,True,candidate_pending_fetch_snapshot_license_and_QA,owid-land-animals-slaughtered,,,,land animal slaughter proxy
release-candidate-2026-07-07.country-context.v0,GHA,Ghana,country:GHA,owid_farmed_fish,False,candidate_pending_fetch_snapshot_license_and_QA,owid-farmed-fish-killed,,,,farmed fish proxy
release-candidate-2026-07-07.country-context.v0,GHA,Ghana,country:GHA,owid_wild_caught_fish,False,candidate_pending_fetch_snapshot_license_and_QA,owid-wild-caught-fish,,,,wild caught fish proxy
release-candidate-2026-07-07.country-context.v0,GHA,Ghana,country:GHA,owid_farmed_crustaceans,False,candidate_pending_fetch_snapshot_license_and_QA,owid-farmed-crustaceans,,,,farmed crustacean proxy
release-candidate-2026-07-07.country-context.v0,GHA,Ghana,country:GHA,owid_insecticide_use_fao,False,candidate_pending_fetch_snapshot_license_and_QA,owid-insecticide-use-fao,,,,insecticide use proxy from FAOSTAT via OWID
release-candidate-2026-07-07.country-context.v0,GHA,Ghana,country:GHA,fishcount_farmed_fish_terms_review,False,candidate_pending_fetch_snapshot_license_and_QA,fishcount-farmed-fish,,,,block until redistribution terms verified
release-candidate-2026-07-07.country-context.v0,GHA,Ghana,country:GHA,fishcount_wild_fish_terms_review,False,candidate_pending_fetch_snapshot_license_and_QA,fishcount-wild-fish,,,,block until redistribution terms verified
release-candidate-2026-07-07.country-context.v0,GHA,Ghana,country:GHA,fishcount_crustaceans_terms_review,False,candidate_pending_fetch_snapshot_license_and_QA,fishcount-farmed-decapods,,,,block until redistribution terms verified
release-candidate-2026-07-07.country-context.v0,GIB,Gibraltar,country:GIB,identity_boundary,True,candidate_pending_fetch_snapshot_license_and_QA,natural-earth-admin0;geoboundaries-adm1,,,,boundaries/context only
release-candidate-2026-07-07.country-context.v0,GIB,Gibraltar,country:GIB,wdi_population_land_agriculture,True,candidate_pending_fetch_snapshot_license_and_QA,world-bank-wdi-api,,,,"population, land area, agricultural land denominators"
release-candidate-2026-07-07.country-context.v0,GIB,Gibraltar,country:GIB,owid_land_animals_slaughtered,True,candidate_pending_fetch_snapshot_license_and_QA,owid-land-animals-slaughtered,,,,land animal slaughter proxy
release-candidate-2026-07-07.country-context.v0,GIB,Gibraltar,country:GIB,owid_farmed_fish,False,candidate_pending_fetch_snapshot_license_and_QA,owid-farmed-fish-killed,,,,farmed fish proxy
release-candidate-2026-07-07.country-context.v0,GIB,Gibraltar,country:GIB,owid_wild_caught_fish,False,candidate_pending_fetch_snapshot_license_and_QA,owid-wild-caught-fish,,,,wild caught fish proxy
release-candidate-2026-07-07.country-context.v0,GIB,Gibraltar,country:GIB,owid_farmed_crustaceans,False,candidate_pending_fetch_snapshot_license_and_QA,owid-farmed-crustaceans,,,,farmed crustacean proxy
release-candidate-2026-07-07.country-context.v0,GIB,Gibraltar,country:GIB,owid_insecticide_use_fao,False,candidate_pending_fetch_snapshot_license_and_QA,owid-insecticide-use-fao,,,,insecticide use proxy from FAOSTAT via OWID
release-candidate-2026-07-07.country-context.v0,GIB,Gibraltar,country:GIB,fishcount_farmed_fish_terms_review,False,candidate_pending_fetch_snapshot_license_and_QA,fishcount-farmed-fish,,,,block until redistribution terms verified
release-candidate-2026-07-07.country-context.v0,GIB,Gibraltar,country:GIB,fishcount_wild_fish_terms_review,False,candidate_pending_fetch_snapshot_license_and_QA,fishcount-wild-fish,,,,block until redistribution terms verified
release-candidate-2026-07-07.country-context.v0,GIB,Gibraltar,country:GIB,fishcount_crustaceans_terms_review,False,candidate_pending_fetch_snapshot_license_and_QA,fishcount-farmed-decapods,,,,block until redistribution terms verified
release-candidate-2026-07-07.country-context.v0,GIN,Guinea,country:GIN,identity_boundary,True,candidate_pending_fetch_snapshot_license_and_QA,natural-earth-admin0;geoboundaries-adm1,,,,boundaries/context only
release-candidate-2026-07-07.country-context.v0,GIN,Guinea,country:GIN,wdi_population_land_agriculture,True,candidate_pending_fetch_snapshot_license_and_QA,world-bank-wdi-api,,,,"population, land area, agricultural land denominators"
release-candidate-2026-07-07.country-context.v0,GIN,Guinea,country:GIN,owid_land_animals_slaughtered,True,candidate_pending_fetch_snapshot_license_and_QA,owid-land-animals-slaughtered,,,,land animal slaughter proxy
release-candidate-2026-07-07.country-context.v0,GIN,Guinea,country:GIN,owid_farmed_fish,False,candidate_pending_fetch_snapshot_license_and_QA,owid-farmed-fish-killed,,,,farmed fish proxy
release-candidate-2026-07-07.country-context.v0,GIN,Guinea,country:GIN,owid_wild_caught_fish,False,candidate_pending_fetch_snapshot_license_and_QA,owid-wild-caught-fish,,,,wild caught fish proxy
release-candidate-2026-07-07.country-context.v0,GIN,Guinea,country:GIN,owid_farmed_crustaceans,False,candidate_pending_fetch_snapshot_license_and_QA,owid-farmed-crustaceans,,,,farmed crustacean proxy
release-candidate-2026-07-07.country-context.v0,GIN,Guinea,country:GIN,owid_insecticide_use_fao,False,candidate_pending_fetch_snapshot_license_and_QA,owid-insecticide-use-fao,,,,insecticide use proxy from FAOSTAT via OWID
release-candidate-2026-07-07.country-context.v0,GIN,Guinea,country:GIN,fishcount_farmed_fish_terms_review,False,candidate_pending_fetch_snapshot_license_and_QA,fishcount-farmed-fish,,,,block until redistribution terms verified
release-candidate-2026-07-07.country-context.v0,GIN,Guinea,country:GIN,fishcount_wild_fish_terms_review,False,candidate_pending_fetch_snapshot_license_and_QA,fishcount-wild-fish,,,,block until redistribution terms verified
release-candidate-2026-07-07.country-context.v0,GIN,Guinea,country:GIN,fishcount_crustaceans_terms_review,False,candidate_pending_fetch_snapshot_license_and_QA,fishcount-farmed-decapods,,,,block until redistribution terms verified
release-candidate-2026-07-07.country-context.v0,GLP,Guadeloupe,country:GLP,identity_boundary,True,candidate_pending_fetch_snapshot_license_and_QA,natural-earth-admin0;geoboundaries-adm1,,,,boundaries/context only
release-candidate-2026-07-07.country-context.v0,GLP,Guadeloupe,country:GLP,wdi_population_land_agriculture,True,candidate_pending_fetch_snapshot_license_and_QA,world-bank-wdi-api,,,,"population, land area, agricultural land denominators"
release-candidate-2026-07-07.country-context.v0,GLP,Guadeloupe,country:GLP,owid_land_animals_slaughtered,True,candidate_pending_fetch_snapshot_license_and_QA,owid-land-animals-slaughtered,,,,land animal slaughter proxy
release-candidate-2026-07-07.country-context.v0,GLP,Guadeloupe,country:GLP,owid_farmed_fish,False,candidate_pending_fetch_snapshot_license_and_QA,owid-farmed-fish-killed,,,,farmed fish proxy
release-candidate-2026-07-07.country-context.v0,GLP,Guadeloupe,country:GLP,owid_wild_caught_fish,False,candidate_pending_fetch_snapshot_license_and_QA,owid-wild-caught-fish,,,,wild caught fish proxy
release-candidate-2026-07-07.country-context.v0,GLP,Guadeloupe,country:GLP,owid_farmed_crustaceans,False,candidate_pending_fetch_snapshot_license_and_QA,owid-farmed-crustaceans,,,,farmed crustacean proxy
release-candidate-2026-07-07.country-context.v0,GLP,Guadeloupe,country:GLP,owid_insecticide_use_fao,False,candidate_pending_fetch_snapshot_license_and_QA,owid-insecticide-use-fao,,,,insecticide use proxy from FAOSTAT via OWID
release-candidate-2026-07-07.country-context.v0,GLP,Guadeloupe,country:GLP,fishcount_farmed_fish_terms_review,False,candidate_pending_fetch_snapshot_license_and_QA,fishcount-farmed-fish,,,,block until redistribution terms verified
release-candidate-2026-07-07.country-context.v0,GLP,Guadeloupe,country:GLP,fishcount_wild_fish_terms_review,False,candidate_pending_fetch_snapshot_license_and_QA,fishcount-wild-fish,,,,block until redistribution terms verified
release-candidate-2026-07-07.country-context.v0,GLP,Guadeloupe,country:GLP,fishcount_crustaceans_terms_review,False,candidate_pending_fetch_snapshot_license_and_QA,fishcount-farmed-decapods,,,,block until redistribution terms verified
release-candidate-2026-07-07.country-context.v0,GMB,Gambia,country:GMB,identity_boundary,True,candidate_pending_fetch_snapshot_license_and_QA,natural-earth-admin0;geoboundaries-adm1,,,,boundaries/context only
release-candidate-2026-07-07.country-context.v0,GMB,Gambia,country:GMB,wdi_population_land_agriculture,True,candidate_pending_fetch_snapshot_license_and_QA,world-bank-wdi-api,,,,"population, land area, agricultural land denominators"
release-candidate-2026-07-07.country-context.v0,GMB,Gambia,country:GMB,owid_land_animals_slaughtered,True,candidate_pending_fetch_snapshot_license_and_QA,owid-land-animals-slaughtered,,,,land animal slaughter proxy
release-candidate-2026-07-07.country-context.v0,GMB,Gambia,country:GMB,owid_farmed_fish,False,candidate_pending_fetch_snapshot_license_and_QA,owid-farmed-fish-killed,,,,farmed fish proxy
release-candidate-2026-07-07.country-context.v0,GMB,Gambia,country:GMB,owid_wild_caught_fish,False,candidate_pending_fetch_snapshot_license_and_QA,owid-wild-caught-fish,,,,wild caught fish proxy
release-candidate-2026-07-07.country-context.v0,GMB,Gambia,country:GMB,owid_farmed_crustaceans,False,candidate_pending_fetch_snapshot_license_and_QA,owid-farmed-crustaceans,,,,farmed crustacean proxy
release-candidate-2026-07-07.country-context.v0,GMB,Gambia,country:GMB,owid_insecticide_use_fao,False,candidate_pending_fetch_snapshot_license_and_QA,owid-insecticide-use-fao,,,,insecticide use proxy from FAOSTAT via OWID
release-candidate-2026-07-07.country-context.v0,GMB,Gambia,country:GMB,fishcount_farmed_fish_terms_review,False,candidate_pending_fetch_snapshot_license_and_QA,fishcount-farmed-fish,,,,block until redistribution terms verified
release-candidate-2026-07-07.country-context.v0,GMB,Gambia,country:GMB,fishcount_wild_fish_terms_review,False,candidate_pending_fetch_snapshot_license_and_QA,fishcount-wild-fish,,,,block until redistribution terms verified
release-candidate-2026-07-07.country-context.v0,GMB,Gambia,country:GMB,fishcount_crustaceans_terms_review,False,candidate_pending_fetch_snapshot_license_and_QA,fishcount-farmed-decapods,,,,block until redistribution terms verified
release-candidate-2026-07-07.country-context.v0,GNB,Guinea-Bissau,country:GNB,identity_boundary,True,candidate_pending_fetch_snapshot_license_and_QA,natural-earth-admin0;geoboundaries-adm1,,,,boundaries/context only
release-candidate-2026-07-07.country-context.v0,GNB,Guinea-Bissau,country:GNB,wdi_population_land_agriculture,True,candidate_pending_fetch_snapshot_license_and_QA,world-bank-wdi-api,,,,"population, land area, agricultural land denominators"
release-candidate-2026-07-07.country-context.v0,GNB,Guinea-Bissau,country:GNB,owid_land_animals_slaughtered,True,candidate_pending_fetch_snapshot_license_and_QA,owid-land-animals-slaughtered,,,,land animal slaughter proxy
release-candidate-2026-07-07.country-context.v0,GNB,Guinea-Bissau,country:GNB,owid_farmed_fish,False,candidate_pending_fetch_snapshot_license_and_QA,owid-farmed-fish-killed,,,,farmed fish proxy
release-candidate-2026-07-07.country-context.v0,GNB,Guinea-Bissau,country:GNB,owid_wild_caught_fish,False,candidate_pending_fetch_snapshot_license_and_QA,owid-wild-caught-fish,,,,wild caught fish proxy
release-candidate-2026-07-07.country-context.v0,GNB,Guinea-Bissau,country:GNB,owid_farmed_crustaceans,False,candidate_pending_fetch_snapshot_license_and_QA,owid-farmed-crustaceans,,,,farmed crustacean proxy
release-candidate-2026-07-07.country-context.v0,GNB,Guinea-Bissau,country:GNB,owid_insecticide_use_fao,False,candidate_pending_fetch_snapshot_license_and_QA,owid-insecticide-use-fao,,,,insecticide use proxy from FAOSTAT via OWID
release-candidate-2026-07-07.country-context.v0,GNB,Guinea-Bissau,country:GNB,fishcount_farmed_fish_terms_review,False,candidate_pending_fetch_snapshot_license_and_QA,fishcount-farmed-fish,,,,block until redistribution terms verified
release-candidate-2026-07-07.country-context.v0,GNB,Guinea-Bissau,country:GNB,fishcount_wild_fish_terms_review,False,candidate_pending_fetch_snapshot_license_and_QA,fishcount-wild-fish,,,,block until redistribution terms verified
release-candidate-2026-07-07.country-context.v0,GNB,Guinea-Bissau,country:GNB,fishcount_crustaceans_terms_review,False,candidate_pending_fetch_snapshot_license_and_QA,fishcount-farmed-decapods,,,,block until redistribution terms verified
release-candidate-2026-07-07.country-context.v0,GNQ,Equatorial Guinea,country:GNQ,identity_boundary,True,candidate_pending_fetch_snapshot_license_and_QA,natural-earth-admin0;geoboundaries-adm1,,,,boundaries/context only
release-candidate-2026-07-07.country-context.v0,GNQ,Equatorial Guinea,country:GNQ,wdi_population_land_agriculture,True,candidate_pending_fetch_snapshot_license_and_QA,world-bank-wdi-api,,,,"population, land area, agricultural land denominators"
release-candidate-2026-07-07.country-context.v0,GNQ,Equatorial Guinea,country:GNQ,owid_land_animals_slaughtered,True,candidate_pending_fetch_snapshot_license_and_QA,owid-land-animals-slaughtered,,,,land animal slaughter proxy
release-candidate-2026-07-07.country-context.v0,GNQ,Equatorial Guinea,country:GNQ,owid_farmed_fish,False,candidate_pending_fetch_snapshot_license_and_QA,owid-farmed-fish-killed,,,,farmed fish proxy
release-candidate-2026-07-07.country-context.v0,GNQ,Equatorial Guinea,country:GNQ,owid_wild_caught_fish,False,candidate_pending_fetch_snapshot_license_and_QA,owid-wild-caught-fish,,,,wild caught fish proxy
release-candidate-2026-07-07.country-context.v0,GNQ,Equatorial Guinea,country:GNQ,owid_farmed_crustaceans,False,candidate_pending_fetch_snapshot_license_and_QA,owid-farmed-crustaceans,,,,farmed crustacean proxy
release-candidate-2026-07-07.country-context.v0,GNQ,Equatorial Guinea,country:GNQ,owid_insecticide_use_fao,False,candidate_pending_fetch_snapshot_license_and_QA,owid-insecticide-use-fao,,,,insecticide use proxy from FAOSTAT via OWID
release-candidate-2026-07-07.country-context.v0,GNQ,Equatorial Guinea,country:GNQ,fishcount_farmed_fish_terms_review,False,candidate_pending_fetch_snapshot_license_and_QA,fishcount-farmed-fish,,,,block until redistribution terms verified
release-candidate-2026-07-07.country-context.v0,GNQ,Equatorial Guinea,country:GNQ,fishcount_wild_fish_terms_review,False,candidate_pending_fetch_snapshot_license_and_QA,fishcount-wild-fish,,,,block until redistribution terms verified
release-candidate-2026-07-07.country-context.v0,GNQ,Equatorial Guinea,country:GNQ,fishcount_crustaceans_terms_review,False,candidate_pending_fetch_snapshot_license_and_QA,fishcount-farmed-decapods,,,,block until redistribution terms verified
release-candidate-2026-07-07.country-context.v0,GRC,Greece,country:GRC,identity_boundary,True,candidate_pending_fetch_snapshot_license_and_QA,natural-earth-admin0;geoboundaries-adm1,,,,boundaries/context only
release-candidate-2026-07-07.country-context.v0,GRC,Greece,country:GRC,wdi_population_land_agriculture,True,candidate_pending_fetch_snapshot_license_and_QA,world-bank-wdi-api,,,,"population, land area, agricultural land denominators"
release-candidate-2026-07-07.country-context.v0,GRC,Greece,country:GRC,owid_land_animals_slaughtered,True,candidate_pending_fetch_snapshot_license_and_QA,owid-land-animals-slaughtered,,,,land animal slaughter proxy
release-candidate-2026-07-07.country-context.v0,GRC,Greece,country:GRC,owid_farmed_fish,False,candidate_pending_fetch_snapshot_license_and_QA,owid-farmed-fish-killed,,,,farmed fish proxy
release-candidate-2026-07-07.country-context.v0,GRC,Greece,country:GRC,owid_wild_caught_fish,False,candidate_pending_fetch_snapshot_license_and_QA,owid-wild-caught-fish,,,,wild caught fish proxy
release-candidate-2026-07-07.country-context.v0,GRC,Greece,country:GRC,owid_farmed_crustaceans,False,candidate_pending_fetch_snapshot_license_and_QA,owid-farmed-crustaceans,,,,farmed crustacean proxy
release-candidate-2026-07-07.country-context.v0,GRC,Greece,country:GRC,owid_insecticide_use_fao,False,candidate_pending_fetch_snapshot_license_and_QA,owid-insecticide-use-fao,,,,insecticide use proxy from FAOSTAT via OWID
release-candidate-2026-07-07.country-context.v0,GRC,Greece,country:GRC,fishcount_farmed_fish_terms_review,False,candidate_pending_fetch_snapshot_license_and_QA,fishcount-farmed-fish,,,,block until redistribution terms verified
release-candidate-2026-07-07.country-context.v0,GRC,Greece,country:GRC,fishcount_wild_fish_terms_review,False,candidate_pending_fetch_snapshot_license_and_QA,fishcount-wild-fish,,,,block until redistribution terms verified
release-candidate-2026-07-07.country-context.v0,GRC,Greece,country:GRC,fishcount_crustaceans_terms_review,False,candidate_pending_fetch_snapshot_license_and_QA,fishcount-farmed-decapods,,,,block until redistribution terms verified
release-candidate-2026-07-07.country-context.v0,GRD,Grenada,country:GRD,identity_boundary,True,candidate_pending_fetch_snapshot_license_and_QA,natural-earth-admin0;geoboundaries-adm1,,,,boundaries/context only
release-candidate-2026-07-07.country-context.v0,GRD,Grenada,country:GRD,wdi_population_land_agriculture,True,candidate_pending_fetch_snapshot_license_and_QA,world-bank-wdi-api,,,,"population, land area, agricultural land denominators"
release-candidate-2026-07-07.country-context.v0,GRD,Grenada,country:GRD,owid_land_animals_slaughtered,True,candidate_pending_fetch_snapshot_license_and_QA,owid-land-animals-slaughtered,,,,land animal slaughter proxy
release-candidate-2026-07-07.country-context.v0,GRD,Grenada,country:GRD,owid_farmed_fish,False,candidate_pending_fetch_snapshot_license_and_QA,owid-farmed-fish-killed,,,,farmed fish proxy
release-candidate-2026-07-07.country-context.v0,GRD,Grenada,country:GRD,owid_wild_caught_fish,False,candidate_pending_fetch_snapshot_license_and_QA,owid-wild-caught-fish,,,,wild caught fish proxy
release-candidate-2026-07-07.country-context.v0,GRD,Grenada,country:GRD,owid_farmed_crustaceans,False,candidate_pending_fetch_snapshot_license_and_QA,owid-farmed-crustaceans,,,,farmed crustacean proxy
release-candidate-2026-07-07.country-context.v0,GRD,Grenada,country:GRD,owid_insecticide_use_fao,False,candidate_pending_fetch_snapshot_license_and_QA,owid-insecticide-use-fao,,,,insecticide use proxy from FAOSTAT via OWID
release-candidate-2026-07-07.country-context.v0,GRD,Grenada,country:GRD,fishcount_farmed_fish_terms_review,False,candidate_pending_fetch_snapshot_license_and_QA,fishcount-farmed-fish,,,,block until redistribution terms verified
release-candidate-2026-07-07.country-context.v0,GRD,Grenada,country:GRD,fishcount_wild_fish_terms_review,False,candidate_pending_fetch_snapshot_license_and_QA,fishcount-wild-fish,,,,block until redistribution terms verified
release-candidate-2026-07-07.country-context.v0,GRD,Grenada,country:GRD,fishcount_crustaceans_terms_review,False,candidate_pending_fetch_snapshot_license_and_QA,fishcount-farmed-decapods,,,,block until redistribution terms verified
release-candidate-2026-07-07.country-context.v0,GRL,Greenland,country:GRL,identity_boundary,True,candidate_pending_fetch_snapshot_license_and_QA,natural-earth-admin0;geoboundaries-adm1,,,,boundaries/context only
release-candidate-2026-07-07.country-context.v0,GRL,Greenland,country:GRL,wdi_population_land_agriculture,True,candidate_pending_fetch_snapshot_license_and_QA,world-bank-wdi-api,,,,"population, land area, agricultural land denominators"
release-candidate-2026-07-07.country-context.v0,GRL,Greenland,country:GRL,owid_land_animals_slaughtered,True,candidate_pending_fetch_snapshot_license_and_QA,owid-land-animals-slaughtered,,,,land animal slaughter proxy
release-candidate-2026-07-07.country-context.v0,GRL,Greenland,country:GRL,owid_farmed_fish,False,candidate_pending_fetch_snapshot_license_and_QA,owid-farmed-fish-killed,,,,farmed fish proxy
release-candidate-2026-07-07.country-context.v0,GRL,Greenland,country:GRL,owid_wild_caught_fish,False,candidate_pending_fetch_snapshot_license_and_QA,owid-wild-caught-fish,,,,wild caught fish proxy
release-candidate-2026-07-07.country-context.v0,GRL,Greenland,country:GRL,owid_farmed_crustaceans,False,candidate_pending_fetch_snapshot_license_and_QA,owid-farmed-crustaceans,,,,farmed crustacean proxy
release-candidate-2026-07-07.country-context.v0,GRL,Greenland,country:GRL,owid_insecticide_use_fao,False,candidate_pending_fetch_snapshot_license_and_QA,owid-insecticide-use-fao,,,,insecticide use proxy from FAOSTAT via OWID
release-candidate-2026-07-07.country-context.v0,GRL,Greenland,country:GRL,fishcount_farmed_fish_terms_review,False,candidate_pending_fetch_snapshot_license_and_QA,fishcount-farmed-fish,,,,block until redistribution terms verified
release-candidate-2026-07-07.country-context.v0,GRL,Greenland,country:GRL,fishcount_wild_fish_terms_review,False,candidate_pending_fetch_snapshot_license_and_QA,fishcount-wild-fish,,,,block until redistribution terms verified
release-candidate-2026-07-07.country-context.v0,GRL,Greenland,country:GRL,fishcount_crustaceans_terms_review,False,candidate_pending_fetch_snapshot_license_and_QA,fishcount-farmed-decapods,,,,block until redistribution terms verified
release-candidate-2026-07-07.country-context.v0,GTM,Guatemala,country:GTM,identity_boundary,True,candidate_pending_fetch_snapshot_license_and_QA,natural-earth-admin0;geoboundaries-adm1,,,,boundaries/context only
release-candidate-2026-07-07.country-context.v0,GTM,Guatemala,country:GTM,wdi_population_land_agriculture,True,candidate_pending_fetch_snapshot_license_and_QA,world-bank-wdi-api,,,,"population, land area, agricultural land denominators"
release-candidate-2026-07-07.country-context.v0,GTM,Guatemala,country:GTM,owid_land_animals_slaughtered,True,candidate_pending_fetch_snapshot_license_and_QA,owid-land-animals-slaughtered,,,,land animal slaughter proxy
release-candidate-2026-07-07.country-context.v0,GTM,Guatemala,country:GTM,owid_farmed_fish,False,candidate_pending_fetch_snapshot_license_and_QA,owid-farmed-fish-killed,,,,farmed fish proxy
release-candidate-2026-07-07.country-context.v0,GTM,Guatemala,country:GTM,owid_wild_caught_fish,False,candidate_pending_fetch_snapshot_license_and_QA,owid-wild-caught-fish,,,,wild caught fish proxy
release-candidate-2026-07-07.country-context.v0,GTM,Guatemala,country:GTM,owid_farmed_crustaceans,False,candidate_pending_fetch_snapshot_license_and_QA,owid-farmed-crustaceans,,,,farmed crustacean proxy
release-candidate-2026-07-07.country-context.v0,GTM,Guatemala,country:GTM,owid_insecticide_use_fao,False,candidate_pending_fetch_snapshot_license_and_QA,owid-insecticide-use-fao,,,,insecticide use proxy from FAOSTAT via OWID
release-candidate-2026-07-07.country-context.v0,GTM,Guatemala,country:GTM,fishcount_farmed_fish_terms_review,False,candidate_pending_fetch_snapshot_license_and_QA,fishcount-farmed-fish,,,,block until redistribution terms verified
release-candidate-2026-07-07.country-context.v0,GTM,Guatemala,country:GTM,fishcount_wild_fish_terms_review,False,candidate_pending_fetch_snapshot_license_and_QA,fishcount-wild-fish,,,,block until redistribution terms verified
release-candidate-2026-07-07.country-context.v0,GTM,Guatemala,country:GTM,fishcount_crustaceans_terms_review,False,candidate_pending_fetch_snapshot_license_and_QA,fishcount-farmed-decapods,,,,block until redistribution terms verified
release-candidate-2026-07-07.country-context.v0,GUF,French Guiana,country:GUF,identity_boundary,True,candidate_pending_fetch_snapshot_license_and_QA,natural-earth-admin0;geoboundaries-adm1,,,,boundaries/context only
release-candidate-2026-07-07.country-context.v0,GUF,French Guiana,country:GUF,wdi_population_land_agriculture,True,candidate_pending_fetch_snapshot_license_and_QA,world-bank-wdi-api,,,,"population, land area, agricultural land denominators"
release-candidate-2026-07-07.country-context.v0,GUF,French Guiana,country:GUF,owid_land_animals_slaughtered,True,candidate_pending_fetch_snapshot_license_and_QA,owid-land-animals-slaughtered,,,,land animal slaughter proxy
release-candidate-2026-07-07.country-context.v0,GUF,French Guiana,country:GUF,owid_farmed_fish,False,candidate_pending_fetch_snapshot_license_and_QA,owid-farmed-fish-killed,,,,farmed fish proxy
release-candidate-2026-07-07.country-context.v0,GUF,French Guiana,country:GUF,owid_wild_caught_fish,False,candidate_pending_fetch_snapshot_license_and_QA,owid-wild-caught-fish,,,,wild caught fish proxy
release-candidate-2026-07-07.country-context.v0,GUF,French Guiana,country:GUF,owid_farmed_crustaceans,False,candidate_pending_fetch_snapshot_license_and_QA,owid-farmed-crustaceans,,,,farmed crustacean proxy
release-candidate-2026-07-07.country-context.v0,GUF,French Guiana,country:GUF,owid_insecticide_use_fao,False,candidate_pending_fetch_snapshot_license_and_QA,owid-insecticide-use-fao,,,,insecticide use proxy from FAOSTAT via OWID
release-candidate-2026-07-07.country-context.v0,GUF,French Guiana,country:GUF,fishcount_farmed_fish_terms_review,False,candidate_pending_fetch_snapshot_license_and_QA,fishcount-farmed-fish,,,,block until redistribution terms verified
release-candidate-2026-07-07.country-context.v0,GUF,French Guiana,country:GUF,fishcount_wild_fish_terms_review,False,candidate_pending_fetch_snapshot_license_and_QA,fishcount-wild-fish,,,,block until redistribution terms verified
release-candidate-2026-07-07.country-context.v0,GUF,French Guiana,country:GUF,fishcount_crustaceans_terms_review,False,candidate_pending_fetch_snapshot_license_and_QA,fishcount-farmed-decapods,,,,block until redistribution terms verified
release-candidate-2026-07-07.country-context.v0,GUM,Guam,country:GUM,identity_boundary,True,candidate_pending_fetch_snapshot_license_and_QA,natural-earth-admin0;geoboundaries-adm1,,,,boundaries/context only
release-candidate-2026-07-07.country-context.v0,GUM,Guam,country:GUM,wdi_population_land_agriculture,True,candidate_pending_fetch_snapshot_license_and_QA,world-bank-wdi-api,,,,"population, land area, agricultural land denominators"
release-candidate-2026-07-07.country-context.v0,GUM,Guam,country:GUM,owid_land_animals_slaughtered,True,candidate_pending_fetch_snapshot_license_and_QA,owid-land-animals-slaughtered,,,,land animal slaughter proxy
release-candidate-2026-07-07.country-context.v0,GUM,Guam,country:GUM,owid_farmed_fish,False,candidate_pending_fetch_snapshot_license_and_QA,owid-farmed-fish-killed,,,,farmed fish proxy
release-candidate-2026-07-07.country-context.v0,GUM,Guam,country:GUM,owid_wild_caught_fish,False,candidate_pending_fetch_snapshot_license_and_QA,owid-wild-caught-fish,,,,wild caught fish proxy
release-candidate-2026-07-07.country-context.v0,GUM,Guam,country:GUM,owid_farmed_crustaceans,False,candidate_pending_fetch_snapshot_license_and_QA,owid-farmed-crustaceans,,,,farmed crustacean proxy
release-candidate-2026-07-07.country-context.v0,GUM,Guam,country:GUM,owid_insecticide_use_fao,False,candidate_pending_fetch_snapshot_license_and_QA,owid-insecticide-use-fao,,,,insecticide use proxy from FAOSTAT via OWID
release-candidate-2026-07-07.country-context.v0,GUM,Guam,country:GUM,fishcount_farmed_fish_terms_review,False,candidate_pending_fetch_snapshot_license_and_QA,fishcount-farmed-fish,,,,block until redistribution terms verified
release-candidate-2026-07-07.country-context.v0,GUM,Guam,country:GUM,fishcount_wild_fish_terms_review,False,candidate_pending_fetch_snapshot_license_and_QA,fishcount-wild-fish,,,,block until redistribution terms verified
release-candidate-2026-07-07.country-context.v0,GUM,Guam,country:GUM,fishcount_crustaceans_terms_review,False,candidate_pending_fetch_snapshot_license_and_QA,fishcount-farmed-decapods,,,,block until redistribution terms verified
release-candidate-2026-07-07.country-context.v0,GUY,Guyana,country:GUY,identity_boundary,True,candidate_pending_fetch_snapshot_license_and_QA,natural-earth-admin0;geoboundaries-adm1,,,,boundaries/context only
release-candidate-2026-07-07.country-context.v0,GUY,Guyana,country:GUY,wdi_population_land_agriculture,True,candidate_pending_fetch_snapshot_license_and_QA,world-bank-wdi-api,,,,"population, land area, agricultural land denominators"
release-candidate-2026-07-07.country-context.v0,GUY,Guyana,country:GUY,owid_land_animals_slaughtered,True,candidate_pending_fetch_snapshot_license_and_QA,owid-land-animals-slaughtered,,,,land animal slaughter proxy
release-candidate-2026-07-07.country-context.v0,GUY,Guyana,country:GUY,owid_farmed_fish,False,candidate_pending_fetch_snapshot_license_and_QA,owid-farmed-fish-killed,,,,farmed fish proxy
release-candidate-2026-07-07.country-context.v0,GUY,Guyana,country:GUY,owid_wild_caught_fish,False,candidate_pending_fetch_snapshot_license_and_QA,owid-wild-caught-fish,,,,wild caught fish proxy
release-candidate-2026-07-07.country-context.v0,GUY,Guyana,country:GUY,owid_farmed_crustaceans,False,candidate_pending_fetch_snapshot_license_and_QA,owid-farmed-crustaceans,,,,farmed crustacean proxy
release-candidate-2026-07-07.country-context.v0,GUY,Guyana,country:GUY,owid_insecticide_use_fao,False,candidate_pending_fetch_snapshot_license_and_QA,owid-insecticide-use-fao,,,,insecticide use proxy from FAOSTAT via OWID
release-candidate-2026-07-07.country-context.v0,GUY,Guyana,country:GUY,fishcount_farmed_fish_terms_review,False,candidate_pending_fetch_snapshot_license_and_QA,fishcount-farmed-fish,,,,block until redistribution terms verified
release-candidate-2026-07-07.country-context.v0,GUY,Guyana,country:GUY,fishcount_wild_fish_terms_review,False,candidate_pending_fetch_snapshot_license_and_QA,fishcount-wild-fish,,,,block until redistribution terms verified
release-candidate-2026-07-07.country-context.v0,GUY,Guyana,country:GUY,fishcount_crustaceans_terms_review,False,candidate_pending_fetch_snapshot_license_and_QA,fishcount-farmed-decapods,,,,block until redistribution terms verified
release-candidate-2026-07-07.country-context.v0,HKG,Hong Kong,country:HKG,identity_boundary,True,candidate_pending_fetch_snapshot_license_and_QA,natural-earth-admin0;geoboundaries-adm1,,,,boundaries/context only
release-candidate-2026-07-07.country-context.v0,HKG,Hong Kong,country:HKG,wdi_population_land_agriculture,True,candidate_pending_fetch_snapshot_license_and_QA,world-bank-wdi-api,,,,"population, land area, agricultural land denominators"
release-candidate-2026-07-07.country-context.v0,HKG,Hong Kong,country:HKG,owid_land_animals_slaughtered,True,candidate_pending_fetch_snapshot_license_and_QA,owid-land-animals-slaughtered,,,,land animal slaughter proxy
release-candidate-2026-07-07.country-context.v0,HKG,Hong Kong,country:HKG,owid_farmed_fish,False,candidate_pending_fetch_snapshot_license_and_QA,owid-farmed-fish-killed,,,,farmed fish proxy
release-candidate-2026-07-07.country-context.v0,HKG,Hong Kong,country:HKG,owid_wild_caught_fish,False,candidate_pending_fetch_snapshot_license_and_QA,owid-wild-caught-fish,,,,wild caught fish proxy
release-candidate-2026-07-07.country-context.v0,HKG,Hong Kong,country:HKG,owid_farmed_crustaceans,False,candidate_pending_fetch_snapshot_license_and_QA,owid-farmed-crustaceans,,,,farmed crustacean proxy
release-candidate-2026-07-07.country-context.v0,HKG,Hong Kong,country:HKG,owid_insecticide_use_fao,False,candidate_pending_fetch_snapshot_license_and_QA,owid-insecticide-use-fao,,,,insecticide use proxy from FAOSTAT via OWID
release-candidate-2026-07-07.country-context.v0,HKG,Hong Kong,country:HKG,fishcount_farmed_fish_terms_review,False,candidate_pending_fetch_snapshot_license_and_QA,fishcount-farmed-fish,,,,block until redistribution terms verified
release-candidate-2026-07-07.country-context.v0,HKG,Hong Kong,country:HKG,fishcount_wild_fish_terms_review,False,candidate_pending_fetch_snapshot_license_and_QA,fishcount-wild-fish,,,,block until redistribution terms verified
release-candidate-2026-07-07.country-context.v0,HKG,Hong Kong,country:HKG,fishcount_crustaceans_terms_review,False,candidate_pending_fetch_snapshot_license_and_QA,fishcount-farmed-decapods,,,,block until redistribution terms verified
release-candidate-2026-07-07.country-context.v0,HMD,Heard Island and McDonald Islands,country:HMD,identity_boundary,True,candidate_pending_fetch_snapshot_license_and_QA,natural-earth-admin0;geoboundaries-adm1,,,,boundaries/context only
release-candidate-2026-07-07.country-context.v0,HMD,Heard Island and McDonald Islands,country:HMD,wdi_population_land_agriculture,True,candidate_pending_fetch_snapshot_license_and_QA,world-bank-wdi-api,,,,"population, land area, agricultural land denominators"
release-candidate-2026-07-07.country-context.v0,HMD,Heard Island and McDonald Islands,country:HMD,owid_land_animals_slaughtered,True,candidate_pending_fetch_snapshot_license_and_QA,owid-land-animals-slaughtered,,,,land animal slaughter proxy
release-candidate-2026-07-07.country-context.v0,HMD,Heard Island and McDonald Islands,country:HMD,owid_farmed_fish,False,candidate_pending_fetch_snapshot_license_and_QA,owid-farmed-fish-killed,,,,farmed fish proxy
release-candidate-2026-07-07.country-context.v0,HMD,Heard Island and McDonald Islands,country:HMD,owid_wild_caught_fish,False,candidate_pending_fetch_snapshot_license_and_QA,owid-wild-caught-fish,,,,wild caught fish proxy
release-candidate-2026-07-07.country-context.v0,HMD,Heard Island and McDonald Islands,country:HMD,owid_farmed_crustaceans,False,candidate_pending_fetch_snapshot_license_and_QA,owid-farmed-crustaceans,,,,farmed crustacean proxy
release-candidate-2026-07-07.country-context.v0,HMD,Heard Island and McDonald Islands,country:HMD,owid_insecticide_use_fao,False,candidate_pending_fetch_snapshot_license_and_QA,owid-insecticide-use-fao,,,,insecticide use proxy from FAOSTAT via OWID
release-candidate-2026-07-07.country-context.v0,HMD,Heard Island and McDonald Islands,country:HMD,fishcount_farmed_fish_terms_review,False,candidate_pending_fetch_snapshot_license_and_QA,fishcount-farmed-fish,,,,block until redistribution terms verified
release-candidate-2026-07-07.country-context.v0,HMD,Heard Island and McDonald Islands,country:HMD,fishcount_wild_fish_terms_review,False,candidate_pending_fetch_snapshot_license_and_QA,fishcount-wild-fish,,,,block until redistribution terms verified
release-candidate-2026-07-07.country-context.v0,HMD,Heard Island and McDonald Islands,country:HMD,fishcount_crustaceans_terms_review,False,candidate_pending_fetch_snapshot_license_and_QA,fishcount-farmed-decapods,,,,block until redistribution terms verified
release-candidate-2026-07-07.country-context.v0,HND,Honduras,country:HND,identity_boundary,True,candidate_pending_fetch_snapshot_license_and_QA,natural-earth-admin0;geoboundaries-adm1,,,,boundaries/context only
release-candidate-2026-07-07.country-context.v0,HND,Honduras,country:HND,wdi_population_land_agriculture,True,candidate_pending_fetch_snapshot_license_and_QA,world-bank-wdi-api,,,,"population, land area, agricultural land denominators"
release-candidate-2026-07-07.country-context.v0,HND,Honduras,country:HND,owid_land_animals_slaughtered,True,candidate_pending_fetch_snapshot_license_and_QA,owid-land-animals-slaughtered,,,,land animal slaughter proxy
release-candidate-2026-07-07.country-context.v0,HND,Honduras,country:HND,owid_farmed_fish,False,candidate_pending_fetch_snapshot_license_and_QA,owid-farmed-fish-killed,,,,farmed fish proxy
release-candidate-2026-07-07.country-context.v0,HND,Honduras,country:HND,owid_wild_caught_fish,False,candidate_pending_fetch_snapshot_license_and_QA,owid-wild-caught-fish,,,,wild caught fish proxy
release-candidate-2026-07-07.country-context.v0,HND,Honduras,country:HND,owid_farmed_crustaceans,False,candidate_pending_fetch_snapshot_license_and_QA,owid-farmed-crustaceans,,,,farmed crustacean proxy
release-candidate-2026-07-07.country-context.v0,HND,Honduras,country:HND,owid_insecticide_use_fao,False,candidate_pending_fetch_snapshot_license_and_QA,owid-insecticide-use-fao,,,,insecticide use proxy from FAOSTAT via OWID
release-candidate-2026-07-07.country-context.v0,HND,Honduras,country:HND,fishcount_farmed_fish_terms_review,False,candidate_pending_fetch_snapshot_license_and_QA,fishcount-farmed-fish,,,,block until redistribution terms verified
release-candidate-2026-07-07.country-context.v0,HND,Honduras,country:HND,fishcount_wild_fish_terms_review,False,candidate_pending_fetch_snapshot_license_and_QA,fishcount-wild-fish,,,,block until redistribution terms verified
release-candidate-2026-07-07.country-context.v0,HND,Honduras,country:HND,fishcount_crustaceans_terms_review,False,candidate_pending_fetch_snapshot_license_and_QA,fishcount-farmed-decapods,,,,block until redistribution terms verified
release-candidate-2026-07-07.country-context.v0,HRV,Croatia,country:HRV,identity_boundary,True,candidate_pending_fetch_snapshot_license_and_QA,natural-earth-admin0;geoboundaries-adm1,,,,boundaries/context only
release-candidate-2026-07-07.country-context.v0,HRV,Croatia,country:HRV,wdi_population_land_agriculture,True,candidate_pending_fetch_snapshot_license_and_QA,world-bank-wdi-api,,,,"population, land area, agricultural land denominators"
release-candidate-2026-07-07.country-context.v0,HRV,Croatia,country:HRV,owid_land_animals_slaughtered,True,candidate_pending_fetch_snapshot_license_and_QA,owid-land-animals-slaughtered,,,,land animal slaughter proxy
release-candidate-2026-07-07.country-context.v0,HRV,Croatia,country:HRV,owid_farmed_fish,False,candidate_pending_fetch_snapshot_license_and_QA,owid-farmed-fish-killed,,,,farmed fish proxy
release-candidate-2026-07-07.country-context.v0,HRV,Croatia,country:HRV,owid_wild_caught_fish,False,candidate_pending_fetch_snapshot_license_and_QA,owid-wild-caught-fish,,,,wild caught fish proxy
release-candidate-2026-07-07.country-context.v0,HRV,Croatia,country:HRV,owid_farmed_crustaceans,False,candidate_pending_fetch_snapshot_license_and_QA,owid-farmed-crustaceans,,,,farmed crustacean proxy
release-candidate-2026-07-07.country-context.v0,HRV,Croatia,country:HRV,owid_insecticide_use_fao,False,candidate_pending_fetch_snapshot_license_and_QA,owid-insecticide-use-fao,,,,insecticide use proxy from FAOSTAT via OWID
release-candidate-2026-07-07.country-context.v0,HRV,Croatia,country:HRV,fishcount_farmed_fish_terms_review,False,candidate_pending_fetch_snapshot_license_and_QA,fishcount-farmed-fish,,,,block until redistribution terms verified
release-candidate-2026-07-07.country-context.v0,HRV,Croatia,country:HRV,fishcount_wild_fish_terms_review,False,candidate_pending_fetch_snapshot_license_and_QA,fishcount-wild-fish,,,,block until redistribution terms verified
release-candidate-2026-07-07.country-context.v0,HRV,Croatia,country:HRV,fishcount_crustaceans_terms_review,False,candidate_pending_fetch_snapshot_license_and_QA,fishcount-farmed-decapods,,,,block until redistribution terms verified
release-candidate-2026-07-07.country-context.v0,HTI,Haiti,country:HTI,identity_boundary,True,candidate_pending_fetch_snapshot_license_and_QA,natural-earth-admin0;geoboundaries-adm1,,,,boundaries/context only
release-candidate-2026-07-07.country-context.v0,HTI,Haiti,country:HTI,wdi_population_land_agriculture,True,candidate_pending_fetch_snapshot_license_and_QA,world-bank-wdi-api,,,,"population, land area, agricultural land denominators"
release-candidate-2026-07-07.country-context.v0,HTI,Haiti,country:HTI,owid_land_animals_slaughtered,True,candidate_pending_fetch_snapshot_license_and_QA,owid-land-animals-slaughtered,,,,land animal slaughter proxy
release-candidate-2026-07-07.country-context.v0,HTI,Haiti,country:HTI,owid_farmed_fish,False,candidate_pending_fetch_snapshot_license_and_QA,owid-farmed-fish-killed,,,,farmed fish proxy
release-candidate-2026-07-07.country-context.v0,HTI,Haiti,country:HTI,owid_wild_caught_fish,False,candidate_pending_fetch_snapshot_license_and_QA,owid-wild-caught-fish,,,,wild caught fish proxy
release-candidate-2026-07-07.country-context.v0,HTI,Haiti,country:HTI,owid_farmed_crustaceans,False,candidate_pending_fetch_snapshot_license_and_QA,owid-farmed-crustaceans,,,,farmed crustacean proxy
release-candidate-2026-07-07.country-context.v0,HTI,Haiti,country:HTI,owid_insecticide_use_fao,False,candidate_pending_fetch_snapshot_license_and_QA,owid-insecticide-use-fao,,,,insecticide use proxy from FAOSTAT via OWID
release-candidate-2026-07-07.country-context.v0,HTI,Haiti,country:HTI,fishcount_farmed_fish_terms_review,False,candidate_pending_fetch_snapshot_license_and_QA,fishcount-farmed-fish,,,,block until redistribution terms verified
release-candidate-2026-07-07.country-context.v0,HTI,Haiti,country:HTI,fishcount_wild_fish_terms_review,False,candidate_pending_fetch_snapshot_license_and_QA,fishcount-wild-fish,,,,block until redistribution terms verified
release-candidate-2026-07-07.country-context.v0,HTI,Haiti,country:HTI,fishcount_crustaceans_terms_review,False,candidate_pending_fetch_snapshot_license_and_QA,fishcount-farmed-decapods,,,,block until redistribution terms verified
release-candidate-2026-07-07.country-context.v0,HUN,Hungary,country:HUN,identity_boundary,True,candidate_pending_fetch_snapshot_license_and_QA,natural-earth-admin0;geoboundaries-adm1,,,,boundaries/context only
release-candidate-2026-07-07.country-context.v0,HUN,Hungary,country:HUN,wdi_population_land_agriculture,True,candidate_pending_fetch_snapshot_license_and_QA,world-bank-wdi-api,,,,"population, land area, agricultural land denominators"
release-candidate-2026-07-07.country-context.v0,HUN,Hungary,country:HUN,owid_land_animals_slaughtered,True,candidate_pending_fetch_snapshot_license_and_QA,owid-land-animals-slaughtered,,,,land animal slaughter proxy
release-candidate-2026-07-07.country-context.v0,HUN,Hungary,country:HUN,owid_farmed_fish,False,candidate_pending_fetch_snapshot_license_and_QA,owid-farmed-fish-killed,,,,farmed fish proxy
release-candidate-2026-07-07.country-context.v0,HUN,Hungary,country:HUN,owid_wild_caught_fish,False,candidate_pending_fetch_snapshot_license_and_QA,owid-wild-caught-fish,,,,wild caught fish proxy
release-candidate-2026-07-07.country-context.v0,HUN,Hungary,country:HUN,owid_farmed_crustaceans,False,candidate_pending_fetch_snapshot_license_and_QA,owid-farmed-crustaceans,,,,farmed crustacean proxy
release-candidate-2026-07-07.country-context.v0,HUN,Hungary,country:HUN,owid_insecticide_use_fao,False,candidate_pending_fetch_snapshot_license_and_QA,owid-insecticide-use-fao,,,,insecticide use proxy from FAOSTAT via OWID
release-candidate-2026-07-07.country-context.v0,HUN,Hungary,country:HUN,fishcount_farmed_fish_terms_review,False,candidate_pending_fetch_snapshot_license_and_QA,fishcount-farmed-fish,,,,block until redistribution terms verified
release-candidate-2026-07-07.country-context.v0,HUN,Hungary,country:HUN,fishcount_wild_fish_terms_review,False,candidate_pending_fetch_snapshot_license_and_QA,fishcount-wild-fish,,,,block until redistribution terms verified
release-candidate-2026-07-07.country-context.v0,HUN,Hungary,country:HUN,fishcount_crustaceans_terms_review,False,candidate_pending_fetch_snapshot_license_and_QA,fishcount-farmed-decapods,,,,block until redistribution terms verified
release-candidate-2026-07-07.country-context.v0,IDN,Indonesia,country:IDN,identity_boundary,True,candidate_pending_fetch_snapshot_license_and_QA,natural-earth-admin0;geoboundaries-adm1,,,,boundaries/context only
release-candidate-2026-07-07.country-context.v0,IDN,Indonesia,country:IDN,wdi_population_land_agriculture,True,candidate_pending_fetch_snapshot_license_and_QA,world-bank-wdi-api,,,,"population, land area, agricultural land denominators"
release-candidate-2026-07-07.country-context.v0,IDN,Indonesia,country:IDN,owid_land_animals_slaughtered,True,candidate_pending_fetch_snapshot_license_and_QA,owid-land-animals-slaughtered,,,,land animal slaughter proxy
release-candidate-2026-07-07.country-context.v0,IDN,Indonesia,country:IDN,owid_farmed_fish,False,candidate_pending_fetch_snapshot_license_and_QA,owid-farmed-fish-killed,,,,farmed fish proxy
release-candidate-2026-07-07.country-context.v0,IDN,Indonesia,country:IDN,owid_wild_caught_fish,False,candidate_pending_fetch_snapshot_license_and_QA,owid-wild-caught-fish,,,,wild caught fish proxy
release-candidate-2026-07-07.country-context.v0,IDN,Indonesia,country:IDN,owid_farmed_crustaceans,False,candidate_pending_fetch_snapshot_license_and_QA,owid-farmed-crustaceans,,,,farmed crustacean proxy
release-candidate-2026-07-07.country-context.v0,IDN,Indonesia,country:IDN,owid_insecticide_use_fao,False,candidate_pending_fetch_snapshot_license_and_QA,owid-insecticide-use-fao,,,,insecticide use proxy from FAOSTAT via OWID
release-candidate-2026-07-07.country-context.v0,IDN,Indonesia,country:IDN,fishcount_farmed_fish_terms_review,False,candidate_pending_fetch_snapshot_license_and_QA,fishcount-farmed-fish,,,,block until redistribution terms verified
release-candidate-2026-07-07.country-context.v0,IDN,Indonesia,country:IDN,fishcount_wild_fish_terms_review,False,candidate_pending_fetch_snapshot_license_and_QA,fishcount-wild-fish,,,,block until redistribution terms verified
release-candidate-2026-07-07.country-context.v0,IDN,Indonesia,country:IDN,fishcount_crustaceans_terms_review,False,candidate_pending_fetch_snapshot_license_and_QA,fishcount-farmed-decapods,,,,block until redistribution terms verified
release-candidate-2026-07-07.country-context.v0,IMN,Isle of Man,country:IMN,identity_boundary,True,candidate_pending_fetch_snapshot_license_and_QA,natural-earth-admin0;geoboundaries-adm1,,,,boundaries/context only
release-candidate-2026-07-07.country-context.v0,IMN,Isle of Man,country:IMN,wdi_population_land_agriculture,True,candidate_pending_fetch_snapshot_license_and_QA,world-bank-wdi-api,,,,"population, land area, agricultural land denominators"
release-candidate-2026-07-07.country-context.v0,IMN,Isle of Man,country:IMN,owid_land_animals_slaughtered,True,candidate_pending_fetch_snapshot_license_and_QA,owid-land-animals-slaughtered,,,,land animal slaughter proxy
release-candidate-2026-07-07.country-context.v0,IMN,Isle of Man,country:IMN,owid_farmed_fish,False,candidate_pending_fetch_snapshot_license_and_QA,owid-farmed-fish-killed,,,,farmed fish proxy
release-candidate-2026-07-07.country-context.v0,IMN,Isle of Man,country:IMN,owid_wild_caught_fish,False,candidate_pending_fetch_snapshot_license_and_QA,owid-wild-caught-fish,,,,wild caught fish proxy
release-candidate-2026-07-07.country-context.v0,IMN,Isle of Man,country:IMN,owid_farmed_crustaceans,False,candidate_pending_fetch_snapshot_license_and_QA,owid-farmed-crustaceans,,,,farmed crustacean proxy
release-candidate-2026-07-07.country-context.v0,IMN,Isle of Man,country:IMN,owid_insecticide_use_fao,False,candidate_pending_fetch_snapshot_license_and_QA,owid-insecticide-use-fao,,,,insecticide use proxy from FAOSTAT via OWID
release-candidate-2026-07-07.country-context.v0,IMN,Isle of Man,country:IMN,fishcount_farmed_fish_terms_review,False,candidate_pending_fetch_snapshot_license_and_QA,fishcount-farmed-fish,,,,block until redistribution terms verified
release-candidate-2026-07-07.country-context.v0,IMN,Isle of Man,country:IMN,fishcount_wild_fish_terms_review,False,candidate_pending_fetch_snapshot_license_and_QA,fishcount-wild-fish,,,,block until redistribution terms verified
release-candidate-2026-07-07.country-context.v0,IMN,Isle of Man,country:IMN,fishcount_crustaceans_terms_review,False,candidate_pending_fetch_snapshot_license_and_QA,fishcount-farmed-decapods,,,,block until redistribution terms verified
release-candidate-2026-07-07.country-context.v0,IND,India,country:IND,identity_boundary,True,already_canonical_requires_revalidation,natural-earth-admin0;geoboundaries-adm1,,,,boundaries/context only
release-candidate-2026-07-07.country-context.v0,IND,India,country:IND,wdi_population_land_agriculture,True,already_canonical_requires_revalidation,world-bank-wdi-api,,,,"population, land area, agricultural land denominators"
release-candidate-2026-07-07.country-context.v0,IND,India,country:IND,owid_land_animals_slaughtered,True,already_canonical_requires_revalidation,owid-land-animals-slaughtered,,,,land animal slaughter proxy
release-candidate-2026-07-07.country-context.v0,IND,India,country:IND,owid_farmed_fish,False,already_canonical_requires_revalidation,owid-farmed-fish-killed,,,,farmed fish proxy
release-candidate-2026-07-07.country-context.v0,IND,India,country:IND,owid_wild_caught_fish,False,already_canonical_requires_revalidation,owid-wild-caught-fish,,,,wild caught fish proxy
release-candidate-2026-07-07.country-context.v0,IND,India,country:IND,owid_farmed_crustaceans,False,already_canonical_requires_revalidation,owid-farmed-crustaceans,,,,farmed crustacean proxy
release-candidate-2026-07-07.country-context.v0,IND,India,country:IND,owid_insecticide_use_fao,False,already_canonical_requires_revalidation,owid-insecticide-use-fao,,,,insecticide use proxy from FAOSTAT via OWID
release-candidate-2026-07-07.country-context.v0,IND,India,country:IND,fishcount_farmed_fish_terms_review,False,already_canonical_requires_revalidation,fishcount-farmed-fish,,,,block until redistribution terms verified
release-candidate-2026-07-07.country-context.v0,IND,India,country:IND,fishcount_wild_fish_terms_review,False,already_canonical_requires_revalidation,fishcount-wild-fish,,,,block until redistribution terms verified
release-candidate-2026-07-07.country-context.v0,IND,India,country:IND,fishcount_crustaceans_terms_review,False,already_canonical_requires_revalidation,fishcount-farmed-decapods,,,,block until redistribution terms verified
release-candidate-2026-07-07.country-context.v0,IOT,British Indian Ocean Territory,country:IOT,identity_boundary,True,candidate_pending_fetch_snapshot_license_and_QA,natural-earth-admin0;geoboundaries-adm1,,,,boundaries/context only
release-candidate-2026-07-07.country-context.v0,IOT,British Indian Ocean Territory,country:IOT,wdi_population_land_agriculture,True,candidate_pending_fetch_snapshot_license_and_QA,world-bank-wdi-api,,,,"population, land area, agricultural land denominators"
release-candidate-2026-07-07.country-context.v0,IOT,British Indian Ocean Territory,country:IOT,owid_land_animals_slaughtered,True,candidate_pending_fetch_snapshot_license_and_QA,owid-land-animals-slaughtered,,,,land animal slaughter proxy
release-candidate-2026-07-07.country-context.v0,IOT,British Indian Ocean Territory,country:IOT,owid_farmed_fish,False,candidate_pending_fetch_snapshot_license_and_QA,owid-farmed-fish-killed,,,,farmed fish proxy
release-candidate-2026-07-07.country-context.v0,IOT,British Indian Ocean Territory,country:IOT,owid_wild_caught_fish,False,candidate_pending_fetch_snapshot_license_and_QA,owid-wild-caught-fish,,,,wild caught fish proxy
release-candidate-2026-07-07.country-context.v0,IOT,British Indian Ocean Territory,country:IOT,owid_farmed_crustaceans,False,candidate_pending_fetch_snapshot_license_and_QA,owid-farmed-crustaceans,,,,farmed crustacean proxy
release-candidate-2026-07-07.country-context.v0,IOT,British Indian Ocean Territory,country:IOT,owid_insecticide_use_fao,False,candidate_pending_fetch_snapshot_license_and_QA,owid-insecticide-use-fao,,,,insecticide use proxy from FAOSTAT via OWID
release-candidate-2026-07-07.country-context.v0,IOT,British Indian Ocean Territory,country:IOT,fishcount_farmed_fish_terms_review,False,candidate_pending_fetch_snapshot_license_and_QA,fishcount-farmed-fish,,,,block until redistribution terms verified
release-candidate-2026-07-07.country-context.v0,IOT,British Indian Ocean Territory,country:IOT,fishcount_wild_fish_terms_review,False,candidate_pending_fetch_snapshot_license_and_QA,fishcount-wild-fish,,,,block until redistribution terms verified
release-candidate-2026-07-07.country-context.v0,IOT,British Indian Ocean Territory,country:IOT,fishcount_crustaceans_terms_review,False,candidate_pending_fetch_snapshot_license_and_QA,fishcount-farmed-decapods,,,,block until redistribution terms verified
release-candidate-2026-07-07.country-context.v0,IRL,Ireland,country:IRL,identity_boundary,True,candidate_pending_fetch_snapshot_license_and_QA,natural-earth-admin0;geoboundaries-adm1,,,,boundaries/context only
release-candidate-2026-07-07.country-context.v0,IRL,Ireland,country:IRL,wdi_population_land_agriculture,True,candidate_pending_fetch_snapshot_license_and_QA,world-bank-wdi-api,,,,"population, land area, agricultural land denominators"
release-candidate-2026-07-07.country-context.v0,IRL,Ireland,country:IRL,owid_land_animals_slaughtered,True,candidate_pending_fetch_snapshot_license_and_QA,owid-land-animals-slaughtered,,,,land animal slaughter proxy
release-candidate-2026-07-07.country-context.v0,IRL,Ireland,country:IRL,owid_farmed_fish,False,candidate_pending_fetch_snapshot_license_and_QA,owid-farmed-fish-killed,,,,farmed fish proxy
release-candidate-2026-07-07.country-context.v0,IRL,Ireland,country:IRL,owid_wild_caught_fish,False,candidate_pending_fetch_snapshot_license_and_QA,owid-wild-caught-fish,,,,wild caught fish proxy
release-candidate-2026-07-07.country-context.v0,IRL,Ireland,country:IRL,owid_farmed_crustaceans,False,candidate_pending_fetch_snapshot_license_and_QA,owid-farmed-crustaceans,,,,farmed crustacean proxy
release-candidate-2026-07-07.country-context.v0,IRL,Ireland,country:IRL,owid_insecticide_use_fao,False,candidate_pending_fetch_snapshot_license_and_QA,owid-insecticide-use-fao,,,,insecticide use proxy from FAOSTAT via OWID
release-candidate-2026-07-07.country-context.v0,IRL,Ireland,country:IRL,fishcount_farmed_fish_terms_review,False,candidate_pending_fetch_snapshot_license_and_QA,fishcount-farmed-fish,,,,block until redistribution terms verified
release-candidate-2026-07-07.country-context.v0,IRL,Ireland,country:IRL,fishcount_wild_fish_terms_review,False,candidate_pending_fetch_snapshot_license_and_QA,fishcount-wild-fish,,,,block until redistribution terms verified
release-candidate-2026-07-07.country-context.v0,IRL,Ireland,country:IRL,fishcount_crustaceans_terms_review,False,candidate_pending_fetch_snapshot_license_and_QA,fishcount-farmed-decapods,,,,block until redistribution terms verified
release-candidate-2026-07-07.country-context.v0,IRN,"Iran, Islamic Republic of",country:IRN,identity_boundary,True,candidate_pending_fetch_snapshot_license_and_QA,natural-earth-admin0;geoboundaries-adm1,,,,boundaries/context only
release-candidate-2026-07-07.country-context.v0,IRN,"Iran, Islamic Republic of",country:IRN,wdi_population_land_agriculture,True,candidate_pending_fetch_snapshot_license_and_QA,world-bank-wdi-api,,,,"population, land area, agricultural land denominators"
release-candidate-2026-07-07.country-context.v0,IRN,"Iran, Islamic Republic of",country:IRN,owid_land_animals_slaughtered,True,candidate_pending_fetch_snapshot_license_and_QA,owid-land-animals-slaughtered,,,,land animal slaughter proxy
release-candidate-2026-07-07.country-context.v0,IRN,"Iran, Islamic Republic of",country:IRN,owid_farmed_fish,False,candidate_pending_fetch_snapshot_license_and_QA,owid-farmed-fish-killed,,,,farmed fish proxy
release-candidate-2026-07-07.country-context.v0,IRN,"Iran, Islamic Republic of",country:IRN,owid_wild_caught_fish,False,candidate_pending_fetch_snapshot_license_and_QA,owid-wild-caught-fish,,,,wild caught fish proxy
release-candidate-2026-07-07.country-context.v0,IRN,"Iran, Islamic Republic of",country:IRN,owid_farmed_crustaceans,False,candidate_pending_fetch_snapshot_license_and_QA,owid-farmed-crustaceans,,,,farmed crustacean proxy
release-candidate-2026-07-07.country-context.v0,IRN,"Iran, Islamic Republic of",country:IRN,owid_insecticide_use_fao,False,candidate_pending_fetch_snapshot_license_and_QA,owid-insecticide-use-fao,,,,insecticide use proxy from FAOSTAT via OWID
release-candidate-2026-07-07.country-context.v0,IRN,"Iran, Islamic Republic of",country:IRN,fishcount_farmed_fish_terms_review,False,candidate_pending_fetch_snapshot_license_and_QA,fishcount-farmed-fish,,,,block until redistribution terms verified
release-candidate-2026-07-07.country-context.v0,IRN,"Iran, Islamic Republic of",country:IRN,fishcount_wild_fish_terms_review,False,candidate_pending_fetch_snapshot_license_and_QA,fishcount-wild-fish,,,,block until redistribution terms verified
release-candidate-2026-07-07.country-context.v0,IRN,"Iran, Islamic Republic of",country:IRN,fishcount_crustaceans_terms_review,False,candidate_pending_fetch_snapshot_license_and_QA,fishcount-farmed-decapods,,,,block until redistribution terms verified
release-candidate-2026-07-07.country-context.v0,IRQ,Iraq,country:IRQ,identity_boundary,True,candidate_pending_fetch_snapshot_license_and_QA,natural-earth-admin0;geoboundaries-adm1,,,,boundaries/context only
release-candidate-2026-07-07.country-context.v0,IRQ,Iraq,country:IRQ,wdi_population_land_agriculture,True,candidate_pending_fetch_snapshot_license_and_QA,world-bank-wdi-api,,,,"population, land area, agricultural land denominators"
release-candidate-2026-07-07.country-context.v0,IRQ,Iraq,country:IRQ,owid_land_animals_slaughtered,True,candidate_pending_fetch_snapshot_license_and_QA,owid-land-animals-slaughtered,,,,land animal slaughter proxy
release-candidate-2026-07-07.country-context.v0,IRQ,Iraq,country:IRQ,owid_farmed_fish,False,candidate_pending_fetch_snapshot_license_and_QA,owid-farmed-fish-killed,,,,farmed fish proxy
release-candidate-2026-07-07.country-context.v0,IRQ,Iraq,country:IRQ,owid_wild_caught_fish,False,candidate_pending_fetch_snapshot_license_and_QA,owid-wild-caught-fish,,,,wild caught fish proxy
release-candidate-2026-07-07.country-context.v0,IRQ,Iraq,country:IRQ,owid_farmed_crustaceans,False,candidate_pending_fetch_snapshot_license_and_QA,owid-farmed-crustaceans,,,,farmed crustacean proxy
release-candidate-2026-07-07.country-context.v0,IRQ,Iraq,country:IRQ,owid_insecticide_use_fao,False,candidate_pending_fetch_snapshot_license_and_QA,owid-insecticide-use-fao,,,,insecticide use proxy from FAOSTAT via OWID
release-candidate-2026-07-07.country-context.v0,IRQ,Iraq,country:IRQ,fishcount_farmed_fish_terms_review,False,candidate_pending_fetch_snapshot_license_and_QA,fishcount-farmed-fish,,,,block until redistribution terms verified
release-candidate-2026-07-07.country-context.v0,IRQ,Iraq,country:IRQ,fishcount_wild_fish_terms_review,False,candidate_pending_fetch_snapshot_license_and_QA,fishcount-wild-fish,,,,block until redistribution terms verified
release-candidate-2026-07-07.country-context.v0,IRQ,Iraq,country:IRQ,fishcount_crustaceans_terms_review,False,candidate_pending_fetch_snapshot_license_and_QA,fishcount-farmed-decapods,,,,block until redistribution terms verified
release-candidate-2026-07-07.country-context.v0,ISL,Iceland,country:ISL,identity_boundary,True,candidate_pending_fetch_snapshot_license_and_QA,natural-earth-admin0;geoboundaries-adm1,,,,boundaries/context only
release-candidate-2026-07-07.country-context.v0,ISL,Iceland,country:ISL,wdi_population_land_agriculture,True,candidate_pending_fetch_snapshot_license_and_QA,world-bank-wdi-api,,,,"population, land area, agricultural land denominators"
release-candidate-2026-07-07.country-context.v0,ISL,Iceland,country:ISL,owid_land_animals_slaughtered,True,candidate_pending_fetch_snapshot_license_and_QA,owid-land-animals-slaughtered,,,,land animal slaughter proxy
release-candidate-2026-07-07.country-context.v0,ISL,Iceland,country:ISL,owid_farmed_fish,False,candidate_pending_fetch_snapshot_license_and_QA,owid-farmed-fish-killed,,,,farmed fish proxy
release-candidate-2026-07-07.country-context.v0,ISL,Iceland,country:ISL,owid_wild_caught_fish,False,candidate_pending_fetch_snapshot_license_and_QA,owid-wild-caught-fish,,,,wild caught fish proxy
release-candidate-2026-07-07.country-context.v0,ISL,Iceland,country:ISL,owid_farmed_crustaceans,False,candidate_pending_fetch_snapshot_license_and_QA,owid-farmed-crustaceans,,,,farmed crustacean proxy
release-candidate-2026-07-07.country-context.v0,ISL,Iceland,country:ISL,owid_insecticide_use_fao,False,candidate_pending_fetch_snapshot_license_and_QA,owid-insecticide-use-fao,,,,insecticide use proxy from FAOSTAT via OWID
release-candidate-2026-07-07.country-context.v0,ISL,Iceland,country:ISL,fishcount_farmed_fish_terms_review,False,candidate_pending_fetch_snapshot_license_and_QA,fishcount-farmed-fish,,,,block until redistribution terms verified
release-candidate-2026-07-07.country-context.v0,ISL,Iceland,country:ISL,fishcount_wild_fish_terms_review,False,candidate_pending_fetch_snapshot_license_and_QA,fishcount-wild-fish,,,,block until redistribution terms verified
release-candidate-2026-07-07.country-context.v0,ISL,Iceland,country:ISL,fishcount_crustaceans_terms_review,False,candidate_pending_fetch_snapshot_license_and_QA,fishcount-farmed-decapods,,,,block until redistribution terms verified
release-candidate-2026-07-07.country-context.v0,ISR,Israel,country:ISR,identity_boundary,True,candidate_pending_fetch_snapshot_license_and_QA,natural-earth-admin0;geoboundaries-adm1,,,,boundaries/context only
release-candidate-2026-07-07.country-context.v0,ISR,Israel,country:ISR,wdi_population_land_agriculture,True,candidate_pending_fetch_snapshot_license_and_QA,world-bank-wdi-api,,,,"population, land area, agricultural land denominators"
release-candidate-2026-07-07.country-context.v0,ISR,Israel,country:ISR,owid_land_animals_slaughtered,True,candidate_pending_fetch_snapshot_license_and_QA,owid-land-animals-slaughtered,,,,land animal slaughter proxy
release-candidate-2026-07-07.country-context.v0,ISR,Israel,country:ISR,owid_farmed_fish,False,candidate_pending_fetch_snapshot_license_and_QA,owid-farmed-fish-killed,,,,farmed fish proxy
release-candidate-2026-07-07.country-context.v0,ISR,Israel,country:ISR,owid_wild_caught_fish,False,candidate_pending_fetch_snapshot_license_and_QA,owid-wild-caught-fish,,,,wild caught fish proxy
release-candidate-2026-07-07.country-context.v0,ISR,Israel,country:ISR,owid_farmed_crustaceans,False,candidate_pending_fetch_snapshot_license_and_QA,owid-farmed-crustaceans,,,,farmed crustacean proxy
release-candidate-2026-07-07.country-context.v0,ISR,Israel,country:ISR,owid_insecticide_use_fao,False,candidate_pending_fetch_snapshot_license_and_QA,owid-insecticide-use-fao,,,,insecticide use proxy from FAOSTAT via OWID
release-candidate-2026-07-07.country-context.v0,ISR,Israel,country:ISR,fishcount_farmed_fish_terms_review,False,candidate_pending_fetch_snapshot_license_and_QA,fishcount-farmed-fish,,,,block until redistribution terms verified
release-candidate-2026-07-07.country-context.v0,ISR,Israel,country:ISR,fishcount_wild_fish_terms_review,False,candidate_pending_fetch_snapshot_license_and_QA,fishcount-wild-fish,,,,block until redistribution terms verified
release-candidate-2026-07-07.country-context.v0,ISR,Israel,country:ISR,fishcount_crustaceans_terms_review,False,candidate_pending_fetch_snapshot_license_and_QA,fishcount-farmed-decapods,,,,block until redistribution terms verified
release-candidate-2026-07-07.country-context.v0,ITA,Italy,country:ITA,identity_boundary,True,candidate_pending_fetch_snapshot_license_and_QA,natural-earth-admin0;geoboundaries-adm1,,,,boundaries/context only
release-candidate-2026-07-07.country-context.v0,ITA,Italy,country:ITA,wdi_population_land_agriculture,True,candidate_pending_fetch_snapshot_license_and_QA,world-bank-wdi-api,,,,"population, land area, agricultural land denominators"
release-candidate-2026-07-07.country-context.v0,ITA,Italy,country:ITA,owid_land_animals_slaughtered,True,candidate_pending_fetch_snapshot_license_and_QA,owid-land-animals-slaughtered,,,,land animal slaughter proxy
release-candidate-2026-07-07.country-context.v0,ITA,Italy,country:ITA,owid_farmed_fish,False,candidate_pending_fetch_snapshot_license_and_QA,owid-farmed-fish-killed,,,,farmed fish proxy
release-candidate-2026-07-07.country-context.v0,ITA,Italy,country:ITA,owid_wild_caught_fish,False,candidate_pending_fetch_snapshot_license_and_QA,owid-wild-caught-fish,,,,wild caught fish proxy
release-candidate-2026-07-07.country-context.v0,ITA,Italy,country:ITA,owid_farmed_crustaceans,False,candidate_pending_fetch_snapshot_license_and_QA,owid-farmed-crustaceans,,,,farmed crustacean proxy
release-candidate-2026-07-07.country-context.v0,ITA,Italy,country:ITA,owid_insecticide_use_fao,False,candidate_pending_fetch_snapshot_license_and_QA,owid-insecticide-use-fao,,,,insecticide use proxy from FAOSTAT via OWID
release-candidate-2026-07-07.country-context.v0,ITA,Italy,country:ITA,fishcount_farmed_fish_terms_review,False,candidate_pending_fetch_snapshot_license_and_QA,fishcount-farmed-fish,,,,block until redistribution terms verified
release-candidate-2026-07-07.country-context.v0,ITA,Italy,country:ITA,fishcount_wild_fish_terms_review,False,candidate_pending_fetch_snapshot_license_and_QA,fishcount-wild-fish,,,,block until redistribution terms verified
release-candidate-2026-07-07.country-context.v0,ITA,Italy,country:ITA,fishcount_crustaceans_terms_review,False,candidate_pending_fetch_snapshot_license_and_QA,fishcount-farmed-decapods,,,,block until redistribution terms verified
release-candidate-2026-07-07.country-context.v0,JAM,Jamaica,country:JAM,identity_boundary,True,candidate_pending_fetch_snapshot_license_and_QA,natural-earth-admin0;geoboundaries-adm1,,,,boundaries/context only
release-candidate-2026-07-07.country-context.v0,JAM,Jamaica,country:JAM,wdi_population_land_agriculture,True,candidate_pending_fetch_snapshot_license_and_QA,world-bank-wdi-api,,,,"population, land area, agricultural land denominators"
release-candidate-2026-07-07.country-context.v0,JAM,Jamaica,country:JAM,owid_land_animals_slaughtered,True,candidate_pending_fetch_snapshot_license_and_QA,owid-land-animals-slaughtered,,,,land animal slaughter proxy
release-candidate-2026-07-07.country-context.v0,JAM,Jamaica,country:JAM,owid_farmed_fish,False,candidate_pending_fetch_snapshot_license_and_QA,owid-farmed-fish-killed,,,,farmed fish proxy
release-candidate-2026-07-07.country-context.v0,JAM,Jamaica,country:JAM,owid_wild_caught_fish,False,candidate_pending_fetch_snapshot_license_and_QA,owid-wild-caught-fish,,,,wild caught fish proxy
release-candidate-2026-07-07.country-context.v0,JAM,Jamaica,country:JAM,owid_farmed_crustaceans,False,candidate_pending_fetch_snapshot_license_and_QA,owid-farmed-crustaceans,,,,farmed crustacean proxy
release-candidate-2026-07-07.country-context.v0,JAM,Jamaica,country:JAM,owid_insecticide_use_fao,False,candidate_pending_fetch_snapshot_license_and_QA,owid-insecticide-use-fao,,,,insecticide use proxy from FAOSTAT via OWID
release-candidate-2026-07-07.country-context.v0,JAM,Jamaica,country:JAM,fishcount_farmed_fish_terms_review,False,candidate_pending_fetch_snapshot_license_and_QA,fishcount-farmed-fish,,,,block until redistribution terms verified
release-candidate-2026-07-07.country-context.v0,JAM,Jamaica,country:JAM,fishcount_wild_fish_terms_review,False,candidate_pending_fetch_snapshot_license_and_QA,fishcount-wild-fish,,,,block until redistribution terms verified
release-candidate-2026-07-07.country-context.v0,JAM,Jamaica,country:JAM,fishcount_crustaceans_terms_review,False,candidate_pending_fetch_snapshot_license_and_QA,fishcount-farmed-decapods,,,,block until redistribution terms verified
release-candidate-2026-07-07.country-context.v0,JEY,Jersey,country:JEY,identity_boundary,True,candidate_pending_fetch_snapshot_license_and_QA,natural-earth-admin0;geoboundaries-adm1,,,,boundaries/context only
release-candidate-2026-07-07.country-context.v0,JEY,Jersey,country:JEY,wdi_population_land_agriculture,True,candidate_pending_fetch_snapshot_license_and_QA,world-bank-wdi-api,,,,"population, land area, agricultural land denominators"
release-candidate-2026-07-07.country-context.v0,JEY,Jersey,country:JEY,owid_land_animals_slaughtered,True,candidate_pending_fetch_snapshot_license_and_QA,owid-land-animals-slaughtered,,,,land animal slaughter proxy
release-candidate-2026-07-07.country-context.v0,JEY,Jersey,country:JEY,owid_farmed_fish,False,candidate_pending_fetch_snapshot_license_and_QA,owid-farmed-fish-killed,,,,farmed fish proxy
release-candidate-2026-07-07.country-context.v0,JEY,Jersey,country:JEY,owid_wild_caught_fish,False,candidate_pending_fetch_snapshot_license_and_QA,owid-wild-caught-fish,,,,wild caught fish proxy
release-candidate-2026-07-07.country-context.v0,JEY,Jersey,country:JEY,owid_farmed_crustaceans,False,candidate_pending_fetch_snapshot_license_and_QA,owid-farmed-crustaceans,,,,farmed crustacean proxy
release-candidate-2026-07-07.country-context.v0,JEY,Jersey,country:JEY,owid_insecticide_use_fao,False,candidate_pending_fetch_snapshot_license_and_QA,owid-insecticide-use-fao,,,,insecticide use proxy from FAOSTAT via OWID
release-candidate-2026-07-07.country-context.v0,JEY,Jersey,country:JEY,fishcount_farmed_fish_terms_review,False,candidate_pending_fetch_snapshot_license_and_QA,fishcount-farmed-fish,,,,block until redistribution terms verified
release-candidate-2026-07-07.country-context.v0,JEY,Jersey,country:JEY,fishcount_wild_fish_terms_review,False,candidate_pending_fetch_snapshot_license_and_QA,fishcount-wild-fish,,,,block until redistribution terms verified
release-candidate-2026-07-07.country-context.v0,JEY,Jersey,country:JEY,fishcount_crustaceans_terms_review,False,candidate_pending_fetch_snapshot_license_and_QA,fishcount-farmed-decapods,,,,block until redistribution terms verified
release-candidate-2026-07-07.country-context.v0,JOR,Jordan,country:JOR,identity_boundary,True,candidate_pending_fetch_snapshot_license_and_QA,natural-earth-admin0;geoboundaries-adm1,,,,boundaries/context only
release-candidate-2026-07-07.country-context.v0,JOR,Jordan,country:JOR,wdi_population_land_agriculture,True,candidate_pending_fetch_snapshot_license_and_QA,world-bank-wdi-api,,,,"population, land area, agricultural land denominators"
release-candidate-2026-07-07.country-context.v0,JOR,Jordan,country:JOR,owid_land_animals_slaughtered,True,candidate_pending_fetch_snapshot_license_and_QA,owid-land-animals-slaughtered,,,,land animal slaughter proxy
release-candidate-2026-07-07.country-context.v0,JOR,Jordan,country:JOR,owid_farmed_fish,False,candidate_pending_fetch_snapshot_license_and_QA,owid-farmed-fish-killed,,,,farmed fish proxy
release-candidate-2026-07-07.country-context.v0,JOR,Jordan,country:JOR,owid_wild_caught_fish,False,candidate_pending_fetch_snapshot_license_and_QA,owid-wild-caught-fish,,,,wild caught fish proxy
release-candidate-2026-07-07.country-context.v0,JOR,Jordan,country:JOR,owid_farmed_crustaceans,False,candidate_pending_fetch_snapshot_license_and_QA,owid-farmed-crustaceans,,,,farmed crustacean proxy
release-candidate-2026-07-07.country-context.v0,JOR,Jordan,country:JOR,owid_insecticide_use_fao,False,candidate_pending_fetch_snapshot_license_and_QA,owid-insecticide-use-fao,,,,insecticide use proxy from FAOSTAT via OWID
release-candidate-2026-07-07.country-context.v0,JOR,Jordan,country:JOR,fishcount_farmed_fish_terms_review,False,candidate_pending_fetch_snapshot_license_and_QA,fishcount-farmed-fish,,,,block until redistribution terms verified
release-candidate-2026-07-07.country-context.v0,JOR,Jordan,country:JOR,fishcount_wild_fish_terms_review,False,candidate_pending_fetch_snapshot_license_and_QA,fishcount-wild-fish,,,,block until redistribution terms verified
release-candidate-2026-07-07.country-context.v0,JOR,Jordan,country:JOR,fishcount_crustaceans_terms_review,False,candidate_pending_fetch_snapshot_license_and_QA,fishcount-farmed-decapods,,,,block until redistribution terms verified
release-candidate-2026-07-07.country-context.v0,JPN,Japan,country:JPN,identity_boundary,True,candidate_pending_fetch_snapshot_license_and_QA,natural-earth-admin0;geoboundaries-adm1,,,,boundaries/context only
release-candidate-2026-07-07.country-context.v0,JPN,Japan,country:JPN,wdi_population_land_agriculture,True,candidate_pending_fetch_snapshot_license_and_QA,world-bank-wdi-api,,,,"population, land area, agricultural land denominators"
release-candidate-2026-07-07.country-context.v0,JPN,Japan,country:JPN,owid_land_animals_slaughtered,True,candidate_pending_fetch_snapshot_license_and_QA,owid-land-animals-slaughtered,,,,land animal slaughter proxy
release-candidate-2026-07-07.country-context.v0,JPN,Japan,country:JPN,owid_farmed_fish,False,candidate_pending_fetch_snapshot_license_and_QA,owid-farmed-fish-killed,,,,farmed fish proxy
release-candidate-2026-07-07.country-context.v0,JPN,Japan,country:JPN,owid_wild_caught_fish,False,candidate_pending_fetch_snapshot_license_and_QA,owid-wild-caught-fish,,,,wild caught fish proxy
release-candidate-2026-07-07.country-context.v0,JPN,Japan,country:JPN,owid_farmed_crustaceans,False,candidate_pending_fetch_snapshot_license_and_QA,owid-farmed-crustaceans,,,,farmed crustacean proxy
release-candidate-2026-07-07.country-context.v0,JPN,Japan,country:JPN,owid_insecticide_use_fao,False,candidate_pending_fetch_snapshot_license_and_QA,owid-insecticide-use-fao,,,,insecticide use proxy from FAOSTAT via OWID
release-candidate-2026-07-07.country-context.v0,JPN,Japan,country:JPN,fishcount_farmed_fish_terms_review,False,candidate_pending_fetch_snapshot_license_and_QA,fishcount-farmed-fish,,,,block until redistribution terms verified
release-candidate-2026-07-07.country-context.v0,JPN,Japan,country:JPN,fishcount_wild_fish_terms_review,False,candidate_pending_fetch_snapshot_license_and_QA,fishcount-wild-fish,,,,block until redistribution terms verified
release-candidate-2026-07-07.country-context.v0,JPN,Japan,country:JPN,fishcount_crustaceans_terms_review,False,candidate_pending_fetch_snapshot_license_and_QA,fishcount-farmed-decapods,,,,block until redistribution terms verified
release-candidate-2026-07-07.country-context.v0,KAZ,Kazakhstan,country:KAZ,identity_boundary,True,candidate_pending_fetch_snapshot_license_and_QA,natural-earth-admin0;geoboundaries-adm1,,,,boundaries/context only
release-candidate-2026-07-07.country-context.v0,KAZ,Kazakhstan,country:KAZ,wdi_population_land_agriculture,True,candidate_pending_fetch_snapshot_license_and_QA,world-bank-wdi-api,,,,"population, land area, agricultural land denominators"
release-candidate-2026-07-07.country-context.v0,KAZ,Kazakhstan,country:KAZ,owid_land_animals_slaughtered,True,candidate_pending_fetch_snapshot_license_and_QA,owid-land-animals-slaughtered,,,,land animal slaughter proxy
release-candidate-2026-07-07.country-context.v0,KAZ,Kazakhstan,country:KAZ,owid_farmed_fish,False,candidate_pending_fetch_snapshot_license_and_QA,owid-farmed-fish-killed,,,,farmed fish proxy
release-candidate-2026-07-07.country-context.v0,KAZ,Kazakhstan,country:KAZ,owid_wild_caught_fish,False,candidate_pending_fetch_snapshot_license_and_QA,owid-wild-caught-fish,,,,wild caught fish proxy
release-candidate-2026-07-07.country-context.v0,KAZ,Kazakhstan,country:KAZ,owid_farmed_crustaceans,False,candidate_pending_fetch_snapshot_license_and_QA,owid-farmed-crustaceans,,,,farmed crustacean proxy
release-candidate-2026-07-07.country-context.v0,KAZ,Kazakhstan,country:KAZ,owid_insecticide_use_fao,False,candidate_pending_fetch_snapshot_license_and_QA,owid-insecticide-use-fao,,,,insecticide use proxy from FAOSTAT via OWID
release-candidate-2026-07-07.country-context.v0,KAZ,Kazakhstan,country:KAZ,fishcount_farmed_fish_terms_review,False,candidate_pending_fetch_snapshot_license_and_QA,fishcount-farmed-fish,,,,block until redistribution terms verified
release-candidate-2026-07-07.country-context.v0,KAZ,Kazakhstan,country:KAZ,fishcount_wild_fish_terms_review,False,candidate_pending_fetch_snapshot_license_and_QA,fishcount-wild-fish,,,,block until redistribution terms verified
release-candidate-2026-07-07.country-context.v0,KAZ,Kazakhstan,country:KAZ,fishcount_crustaceans_terms_review,False,candidate_pending_fetch_snapshot_license_and_QA,fishcount-farmed-decapods,,,,block until redistribution terms verified
release-candidate-2026-07-07.country-context.v0,KEN,Kenya,country:KEN,identity_boundary,True,candidate_pending_fetch_snapshot_license_and_QA,natural-earth-admin0;geoboundaries-adm1,,,,boundaries/context only
release-candidate-2026-07-07.country-context.v0,KEN,Kenya,country:KEN,wdi_population_land_agriculture,True,candidate_pending_fetch_snapshot_license_and_QA,world-bank-wdi-api,,,,"population, land area, agricultural land denominators"
release-candidate-2026-07-07.country-context.v0,KEN,Kenya,country:KEN,owid_land_animals_slaughtered,True,candidate_pending_fetch_snapshot_license_and_QA,owid-land-animals-slaughtered,,,,land animal slaughter proxy
release-candidate-2026-07-07.country-context.v0,KEN,Kenya,country:KEN,owid_farmed_fish,False,candidate_pending_fetch_snapshot_license_and_QA,owid-farmed-fish-killed,,,,farmed fish proxy
release-candidate-2026-07-07.country-context.v0,KEN,Kenya,country:KEN,owid_wild_caught_fish,False,candidate_pending_fetch_snapshot_license_and_QA,owid-wild-caught-fish,,,,wild caught fish proxy
release-candidate-2026-07-07.country-context.v0,KEN,Kenya,country:KEN,owid_farmed_crustaceans,False,candidate_pending_fetch_snapshot_license_and_QA,owid-farmed-crustaceans,,,,farmed crustacean proxy
release-candidate-2026-07-07.country-context.v0,KEN,Kenya,country:KEN,owid_insecticide_use_fao,False,candidate_pending_fetch_snapshot_license_and_QA,owid-insecticide-use-fao,,,,insecticide use proxy from FAOSTAT via OWID
release-candidate-2026-07-07.country-context.v0,KEN,Kenya,country:KEN,fishcount_farmed_fish_terms_review,False,candidate_pending_fetch_snapshot_license_and_QA,fishcount-farmed-fish,,,,block until redistribution terms verified
release-candidate-2026-07-07.country-context.v0,KEN,Kenya,country:KEN,fishcount_wild_fish_terms_review,False,candidate_pending_fetch_snapshot_license_and_QA,fishcount-wild-fish,,,,block until redistribution terms verified
release-candidate-2026-07-07.country-context.v0,KEN,Kenya,country:KEN,fishcount_crustaceans_terms_review,False,candidate_pending_fetch_snapshot_license_and_QA,fishcount-farmed-decapods,,,,block until redistribution terms verified
release-candidate-2026-07-07.country-context.v0,KGZ,Kyrgyzstan,country:KGZ,identity_boundary,True,candidate_pending_fetch_snapshot_license_and_QA,natural-earth-admin0;geoboundaries-adm1,,,,boundaries/context only
release-candidate-2026-07-07.country-context.v0,KGZ,Kyrgyzstan,country:KGZ,wdi_population_land_agriculture,True,candidate_pending_fetch_snapshot_license_and_QA,world-bank-wdi-api,,,,"population, land area, agricultural land denominators"
release-candidate-2026-07-07.country-context.v0,KGZ,Kyrgyzstan,country:KGZ,owid_land_animals_slaughtered,True,candidate_pending_fetch_snapshot_license_and_QA,owid-land-animals-slaughtered,,,,land animal slaughter proxy
release-candidate-2026-07-07.country-context.v0,KGZ,Kyrgyzstan,country:KGZ,owid_farmed_fish,False,candidate_pending_fetch_snapshot_license_and_QA,owid-farmed-fish-killed,,,,farmed fish proxy
release-candidate-2026-07-07.country-context.v0,KGZ,Kyrgyzstan,country:KGZ,owid_wild_caught_fish,False,candidate_pending_fetch_snapshot_license_and_QA,owid-wild-caught-fish,,,,wild caught fish proxy
release-candidate-2026-07-07.country-context.v0,KGZ,Kyrgyzstan,country:KGZ,owid_farmed_crustaceans,False,candidate_pending_fetch_snapshot_license_and_QA,owid-farmed-crustaceans,,,,farmed crustacean proxy
release-candidate-2026-07-07.country-context.v0,KGZ,Kyrgyzstan,country:KGZ,owid_insecticide_use_fao,False,candidate_pending_fetch_snapshot_license_and_QA,owid-insecticide-use-fao,,,,insecticide use proxy from FAOSTAT via OWID
release-candidate-2026-07-07.country-context.v0,KGZ,Kyrgyzstan,country:KGZ,fishcount_farmed_fish_terms_review,False,candidate_pending_fetch_snapshot_license_and_QA,fishcount-farmed-fish,,,,block until redistribution terms verified
release-candidate-2026-07-07.country-context.v0,KGZ,Kyrgyzstan,country:KGZ,fishcount_wild_fish_terms_review,False,candidate_pending_fetch_snapshot_license_and_QA,fishcount-wild-fish,,,,block until redistribution terms verified
release-candidate-2026-07-07.country-context.v0,KGZ,Kyrgyzstan,country:KGZ,fishcount_crustaceans_terms_review,False,candidate_pending_fetch_snapshot_license_and_QA,fishcount-farmed-decapods,,,,block until redistribution terms verified
release-candidate-2026-07-07.country-context.v0,KHM,Cambodia,country:KHM,identity_boundary,True,candidate_pending_fetch_snapshot_license_and_QA,natural-earth-admin0;geoboundaries-adm1,,,,boundaries/context only
release-candidate-2026-07-07.country-context.v0,KHM,Cambodia,country:KHM,wdi_population_land_agriculture,True,candidate_pending_fetch_snapshot_license_and_QA,world-bank-wdi-api,,,,"population, land area, agricultural land denominators"
release-candidate-2026-07-07.country-context.v0,KHM,Cambodia,country:KHM,owid_land_animals_slaughtered,True,candidate_pending_fetch_snapshot_license_and_QA,owid-land-animals-slaughtered,,,,land animal slaughter proxy
release-candidate-2026-07-07.country-context.v0,KHM,Cambodia,country:KHM,owid_farmed_fish,False,candidate_pending_fetch_snapshot_license_and_QA,owid-farmed-fish-killed,,,,farmed fish proxy
release-candidate-2026-07-07.country-context.v0,KHM,Cambodia,country:KHM,owid_wild_caught_fish,False,candidate_pending_fetch_snapshot_license_and_QA,owid-wild-caught-fish,,,,wild caught fish proxy
release-candidate-2026-07-07.country-context.v0,KHM,Cambodia,country:KHM,owid_farmed_crustaceans,False,candidate_pending_fetch_snapshot_license_and_QA,owid-farmed-crustaceans,,,,farmed crustacean proxy
release-candidate-2026-07-07.country-context.v0,KHM,Cambodia,country:KHM,owid_insecticide_use_fao,False,candidate_pending_fetch_snapshot_license_and_QA,owid-insecticide-use-fao,,,,insecticide use proxy from FAOSTAT via OWID
release-candidate-2026-07-07.country-context.v0,KHM,Cambodia,country:KHM,fishcount_farmed_fish_terms_review,False,candidate_pending_fetch_snapshot_license_and_QA,fishcount-farmed-fish,,,,block until redistribution terms verified
release-candidate-2026-07-07.country-context.v0,KHM,Cambodia,country:KHM,fishcount_wild_fish_terms_review,False,candidate_pending_fetch_snapshot_license_and_QA,fishcount-wild-fish,,,,block until redistribution terms verified
release-candidate-2026-07-07.country-context.v0,KHM,Cambodia,country:KHM,fishcount_crustaceans_terms_review,False,candidate_pending_fetch_snapshot_license_and_QA,fishcount-farmed-decapods,,,,block until redistribution terms verified
release-candidate-2026-07-07.country-context.v0,KIR,Kiribati,country:KIR,identity_boundary,True,candidate_pending_fetch_snapshot_license_and_QA,natural-earth-admin0;geoboundaries-adm1,,,,boundaries/context only
release-candidate-2026-07-07.country-context.v0,KIR,Kiribati,country:KIR,wdi_population_land_agriculture,True,candidate_pending_fetch_snapshot_license_and_QA,world-bank-wdi-api,,,,"population, land area, agricultural land denominators"
release-candidate-2026-07-07.country-context.v0,KIR,Kiribati,country:KIR,owid_land_animals_slaughtered,True,candidate_pending_fetch_snapshot_license_and_QA,owid-land-animals-slaughtered,,,,land animal slaughter proxy
release-candidate-2026-07-07.country-context.v0,KIR,Kiribati,country:KIR,owid_farmed_fish,False,candidate_pending_fetch_snapshot_license_and_QA,owid-farmed-fish-killed,,,,farmed fish proxy
release-candidate-2026-07-07.country-context.v0,KIR,Kiribati,country:KIR,owid_wild_caught_fish,False,candidate_pending_fetch_snapshot_license_and_QA,owid-wild-caught-fish,,,,wild caught fish proxy
release-candidate-2026-07-07.country-context.v0,KIR,Kiribati,country:KIR,owid_farmed_crustaceans,False,candidate_pending_fetch_snapshot_license_and_QA,owid-farmed-crustaceans,,,,farmed crustacean proxy
release-candidate-2026-07-07.country-context.v0,KIR,Kiribati,country:KIR,owid_insecticide_use_fao,False,candidate_pending_fetch_snapshot_license_and_QA,owid-insecticide-use-fao,,,,insecticide use proxy from FAOSTAT via OWID
release-candidate-2026-07-07.country-context.v0,KIR,Kiribati,country:KIR,fishcount_farmed_fish_terms_review,False,candidate_pending_fetch_snapshot_license_and_QA,fishcount-farmed-fish,,,,block until redistribution terms verified
release-candidate-2026-07-07.country-context.v0,KIR,Kiribati,country:KIR,fishcount_wild_fish_terms_review,False,candidate_pending_fetch_snapshot_license_and_QA,fishcount-wild-fish,,,,block until redistribution terms verified
release-candidate-2026-07-07.country-context.v0,KIR,Kiribati,country:KIR,fishcount_crustaceans_terms_review,False,candidate_pending_fetch_snapshot_license_and_QA,fishcount-farmed-decapods,,,,block until redistribution terms verified
release-candidate-2026-07-07.country-context.v0,KNA,Saint Kitts and Nevis,country:KNA,identity_boundary,True,candidate_pending_fetch_snapshot_license_and_QA,natural-earth-admin0;geoboundaries-adm1,,,,boundaries/context only
release-candidate-2026-07-07.country-context.v0,KNA,Saint Kitts and Nevis,country:KNA,wdi_population_land_agriculture,True,candidate_pending_fetch_snapshot_license_and_QA,world-bank-wdi-api,,,,"population, land area, agricultural land denominators"
release-candidate-2026-07-07.country-context.v0,KNA,Saint Kitts and Nevis,country:KNA,owid_land_animals_slaughtered,True,candidate_pending_fetch_snapshot_license_and_QA,owid-land-animals-slaughtered,,,,land animal slaughter proxy
release-candidate-2026-07-07.country-context.v0,KNA,Saint Kitts and Nevis,country:KNA,owid_farmed_fish,False,candidate_pending_fetch_snapshot_license_and_QA,owid-farmed-fish-killed,,,,farmed fish proxy
release-candidate-2026-07-07.country-context.v0,KNA,Saint Kitts and Nevis,country:KNA,owid_wild_caught_fish,False,candidate_pending_fetch_snapshot_license_and_QA,owid-wild-caught-fish,,,,wild caught fish proxy
release-candidate-2026-07-07.country-context.v0,KNA,Saint Kitts and Nevis,country:KNA,owid_farmed_crustaceans,False,candidate_pending_fetch_snapshot_license_and_QA,owid-farmed-crustaceans,,,,farmed crustacean proxy
release-candidate-2026-07-07.country-context.v0,KNA,Saint Kitts and Nevis,country:KNA,owid_insecticide_use_fao,False,candidate_pending_fetch_snapshot_license_and_QA,owid-insecticide-use-fao,,,,insecticide use proxy from FAOSTAT via OWID
release-candidate-2026-07-07.country-context.v0,KNA,Saint Kitts and Nevis,country:KNA,fishcount_farmed_fish_terms_review,False,candidate_pending_fetch_snapshot_license_and_QA,fishcount-farmed-fish,,,,block until redistribution terms verified
release-candidate-2026-07-07.country-context.v0,KNA,Saint Kitts and Nevis,country:KNA,fishcount_wild_fish_terms_review,False,candidate_pending_fetch_snapshot_license_and_QA,fishcount-wild-fish,,,,block until redistribution terms verified
release-candidate-2026-07-07.country-context.v0,KNA,Saint Kitts and Nevis,country:KNA,fishcount_crustaceans_terms_review,False,candidate_pending_fetch_snapshot_license_and_QA,fishcount-farmed-decapods,,,,block until redistribution terms verified
release-candidate-2026-07-07.country-context.v0,KOR,"Korea, Republic of",country:KOR,identity_boundary,True,candidate_pending_fetch_snapshot_license_and_QA,natural-earth-admin0;geoboundaries-adm1,,,,boundaries/context only
release-candidate-2026-07-07.country-context.v0,KOR,"Korea, Republic of",country:KOR,wdi_population_land_agriculture,True,candidate_pending_fetch_snapshot_license_and_QA,world-bank-wdi-api,,,,"population, land area, agricultural land denominators"
release-candidate-2026-07-07.country-context.v0,KOR,"Korea, Republic of",country:KOR,owid_land_animals_slaughtered,True,candidate_pending_fetch_snapshot_license_and_QA,owid-land-animals-slaughtered,,,,land animal slaughter proxy
release-candidate-2026-07-07.country-context.v0,KOR,"Korea, Republic of",country:KOR,owid_farmed_fish,False,candidate_pending_fetch_snapshot_license_and_QA,owid-farmed-fish-killed,,,,farmed fish proxy
release-candidate-2026-07-07.country-context.v0,KOR,"Korea, Republic of",country:KOR,owid_wild_caught_fish,False,candidate_pending_fetch_snapshot_license_and_QA,owid-wild-caught-fish,,,,wild caught fish proxy
release-candidate-2026-07-07.country-context.v0,KOR,"Korea, Republic of",country:KOR,owid_farmed_crustaceans,False,candidate_pending_fetch_snapshot_license_and_QA,owid-farmed-crustaceans,,,,farmed crustacean proxy
release-candidate-2026-07-07.country-context.v0,KOR,"Korea, Republic of",country:KOR,owid_insecticide_use_fao,False,candidate_pending_fetch_snapshot_license_and_QA,owid-insecticide-use-fao,,,,insecticide use proxy from FAOSTAT via OWID
release-candidate-2026-07-07.country-context.v0,KOR,"Korea, Republic of",country:KOR,fishcount_farmed_fish_terms_review,False,candidate_pending_fetch_snapshot_license_and_QA,fishcount-farmed-fish,,,,block until redistribution terms verified
release-candidate-2026-07-07.country-context.v0,KOR,"Korea, Republic of",country:KOR,fishcount_wild_fish_terms_review,False,candidate_pending_fetch_snapshot_license_and_QA,fishcount-wild-fish,,,,block until redistribution terms verified
release-candidate-2026-07-07.country-context.v0,KOR,"Korea, Republic of",country:KOR,fishcount_crustaceans_terms_review,False,candidate_pending_fetch_snapshot_license_and_QA,fishcount-farmed-decapods,,,,block until redistribution terms verified
release-candidate-2026-07-07.country-context.v0,KWT,Kuwait,country:KWT,identity_boundary,True,candidate_pending_fetch_snapshot_license_and_QA,natural-earth-admin0;geoboundaries-adm1,,,,boundaries/context only
release-candidate-2026-07-07.country-context.v0,KWT,Kuwait,country:KWT,wdi_population_land_agriculture,True,candidate_pending_fetch_snapshot_license_and_QA,world-bank-wdi-api,,,,"population, land area, agricultural land denominators"
release-candidate-2026-07-07.country-context.v0,KWT,Kuwait,country:KWT,owid_land_animals_slaughtered,True,candidate_pending_fetch_snapshot_license_and_QA,owid-land-animals-slaughtered,,,,land animal slaughter proxy
release-candidate-2026-07-07.country-context.v0,KWT,Kuwait,country:KWT,owid_farmed_fish,False,candidate_pending_fetch_snapshot_license_and_QA,owid-farmed-fish-killed,,,,farmed fish proxy
release-candidate-2026-07-07.country-context.v0,KWT,Kuwait,country:KWT,owid_wild_caught_fish,False,candidate_pending_fetch_snapshot_license_and_QA,owid-wild-caught-fish,,,,wild caught fish proxy
release-candidate-2026-07-07.country-context.v0,KWT,Kuwait,country:KWT,owid_farmed_crustaceans,False,candidate_pending_fetch_snapshot_license_and_QA,owid-farmed-crustaceans,,,,farmed crustacean proxy
release-candidate-2026-07-07.country-context.v0,KWT,Kuwait,country:KWT,owid_insecticide_use_fao,False,candidate_pending_fetch_snapshot_license_and_QA,owid-insecticide-use-fao,,,,insecticide use proxy from FAOSTAT via OWID
release-candidate-2026-07-07.country-context.v0,KWT,Kuwait,country:KWT,fishcount_farmed_fish_terms_review,False,candidate_pending_fetch_snapshot_license_and_QA,fishcount-farmed-fish,,,,block until redistribution terms verified
release-candidate-2026-07-07.country-context.v0,KWT,Kuwait,country:KWT,fishcount_wild_fish_terms_review,False,candidate_pending_fetch_snapshot_license_and_QA,fishcount-wild-fish,,,,block until redistribution terms verified
release-candidate-2026-07-07.country-context.v0,KWT,Kuwait,country:KWT,fishcount_crustaceans_terms_review,False,candidate_pending_fetch_snapshot_license_and_QA,fishcount-farmed-decapods,,,,block until redistribution terms verified
release-candidate-2026-07-07.country-context.v0,LAO,Lao People's Democratic Republic,country:LAO,identity_boundary,True,candidate_pending_fetch_snapshot_license_and_QA,natural-earth-admin0;geoboundaries-adm1,,,,boundaries/context only
release-candidate-2026-07-07.country-context.v0,LAO,Lao People's Democratic Republic,country:LAO,wdi_population_land_agriculture,True,candidate_pending_fetch_snapshot_license_and_QA,world-bank-wdi-api,,,,"population, land area, agricultural land denominators"
release-candidate-2026-07-07.country-context.v0,LAO,Lao People's Democratic Republic,country:LAO,owid_land_animals_slaughtered,True,candidate_pending_fetch_snapshot_license_and_QA,owid-land-animals-slaughtered,,,,land animal slaughter proxy
release-candidate-2026-07-07.country-context.v0,LAO,Lao People's Democratic Republic,country:LAO,owid_farmed_fish,False,candidate_pending_fetch_snapshot_license_and_QA,owid-farmed-fish-killed,,,,farmed fish proxy
release-candidate-2026-07-07.country-context.v0,LAO,Lao People's Democratic Republic,country:LAO,owid_wild_caught_fish,False,candidate_pending_fetch_snapshot_license_and_QA,owid-wild-caught-fish,,,,wild caught fish proxy
release-candidate-2026-07-07.country-context.v0,LAO,Lao People's Democratic Republic,country:LAO,owid_farmed_crustaceans,False,candidate_pending_fetch_snapshot_license_and_QA,owid-farmed-crustaceans,,,,farmed crustacean proxy
release-candidate-2026-07-07.country-context.v0,LAO,Lao People's Democratic Republic,country:LAO,owid_insecticide_use_fao,False,candidate_pending_fetch_snapshot_license_and_QA,owid-insecticide-use-fao,,,,insecticide use proxy from FAOSTAT via OWID
release-candidate-2026-07-07.country-context.v0,LAO,Lao People's Democratic Republic,country:LAO,fishcount_farmed_fish_terms_review,False,candidate_pending_fetch_snapshot_license_and_QA,fishcount-farmed-fish,,,,block until redistribution terms verified
release-candidate-2026-07-07.country-context.v0,LAO,Lao People's Democratic Republic,country:LAO,fishcount_wild_fish_terms_review,False,candidate_pending_fetch_snapshot_license_and_QA,fishcount-wild-fish,,,,block until redistribution terms verified
release-candidate-2026-07-07.country-context.v0,LAO,Lao People's Democratic Republic,country:LAO,fishcount_crustaceans_terms_review,False,candidate_pending_fetch_snapshot_license_and_QA,fishcount-farmed-decapods,,,,block until redistribution terms verified
release-candidate-2026-07-07.country-context.v0,LBN,Lebanon,country:LBN,identity_boundary,True,candidate_pending_fetch_snapshot_license_and_QA,natural-earth-admin0;geoboundaries-adm1,,,,boundaries/context only
release-candidate-2026-07-07.country-context.v0,LBN,Lebanon,country:LBN,wdi_population_land_agriculture,True,candidate_pending_fetch_snapshot_license_and_QA,world-bank-wdi-api,,,,"population, land area, agricultural land denominators"
release-candidate-2026-07-07.country-context.v0,LBN,Lebanon,country:LBN,owid_land_animals_slaughtered,True,candidate_pending_fetch_snapshot_license_and_QA,owid-land-animals-slaughtered,,,,land animal slaughter proxy
release-candidate-2026-07-07.country-context.v0,LBN,Lebanon,country:LBN,owid_farmed_fish,False,candidate_pending_fetch_snapshot_license_and_QA,owid-farmed-fish-killed,,,,farmed fish proxy
release-candidate-2026-07-07.country-context.v0,LBN,Lebanon,country:LBN,owid_wild_caught_fish,False,candidate_pending_fetch_snapshot_license_and_QA,owid-wild-caught-fish,,,,wild caught fish proxy
release-candidate-2026-07-07.country-context.v0,LBN,Lebanon,country:LBN,owid_farmed_crustaceans,False,candidate_pending_fetch_snapshot_license_and_QA,owid-farmed-crustaceans,,,,farmed crustacean proxy
release-candidate-2026-07-07.country-context.v0,LBN,Lebanon,country:LBN,owid_insecticide_use_fao,False,candidate_pending_fetch_snapshot_license_and_QA,owid-insecticide-use-fao,,,,insecticide use proxy from FAOSTAT via OWID
release-candidate-2026-07-07.country-context.v0,LBN,Lebanon,country:LBN,fishcount_farmed_fish_terms_review,False,candidate_pending_fetch_snapshot_license_and_QA,fishcount-farmed-fish,,,,block until redistribution terms verified
release-candidate-2026-07-07.country-context.v0,LBN,Lebanon,country:LBN,fishcount_wild_fish_terms_review,False,candidate_pending_fetch_snapshot_license_and_QA,fishcount-wild-fish,,,,block until redistribution terms verified
release-candidate-2026-07-07.country-context.v0,LBN,Lebanon,country:LBN,fishcount_crustaceans_terms_review,False,candidate_pending_fetch_snapshot_license_and_QA,fishcount-farmed-decapods,,,,block until redistribution terms verified
release-candidate-2026-07-07.country-context.v0,LBR,Liberia,country:LBR,identity_boundary,True,candidate_pending_fetch_snapshot_license_and_QA,natural-earth-admin0;geoboundaries-adm1,,,,boundaries/context only
release-candidate-2026-07-07.country-context.v0,LBR,Liberia,country:LBR,wdi_population_land_agriculture,True,candidate_pending_fetch_snapshot_license_and_QA,world-bank-wdi-api,,,,"population, land area, agricultural land denominators"
release-candidate-2026-07-07.country-context.v0,LBR,Liberia,country:LBR,owid_land_animals_slaughtered,True,candidate_pending_fetch_snapshot_license_and_QA,owid-land-animals-slaughtered,,,,land animal slaughter proxy
release-candidate-2026-07-07.country-context.v0,LBR,Liberia,country:LBR,owid_farmed_fish,False,candidate_pending_fetch_snapshot_license_and_QA,owid-farmed-fish-killed,,,,farmed fish proxy
release-candidate-2026-07-07.country-context.v0,LBR,Liberia,country:LBR,owid_wild_caught_fish,False,candidate_pending_fetch_snapshot_license_and_QA,owid-wild-caught-fish,,,,wild caught fish proxy
release-candidate-2026-07-07.country-context.v0,LBR,Liberia,country:LBR,owid_farmed_crustaceans,False,candidate_pending_fetch_snapshot_license_and_QA,owid-farmed-crustaceans,,,,farmed crustacean proxy
release-candidate-2026-07-07.country-context.v0,LBR,Liberia,country:LBR,owid_insecticide_use_fao,False,candidate_pending_fetch_snapshot_license_and_QA,owid-insecticide-use-fao,,,,insecticide use proxy from FAOSTAT via OWID
release-candidate-2026-07-07.country-context.v0,LBR,Liberia,country:LBR,fishcount_farmed_fish_terms_review,False,candidate_pending_fetch_snapshot_license_and_QA,fishcount-farmed-fish,,,,block until redistribution terms verified
release-candidate-2026-07-07.country-context.v0,LBR,Liberia,country:LBR,fishcount_wild_fish_terms_review,False,candidate_pending_fetch_snapshot_license_and_QA,fishcount-wild-fish,,,,block until redistribution terms verified
release-candidate-2026-07-07.country-context.v0,LBR,Liberia,country:LBR,fishcount_crustaceans_terms_review,False,candidate_pending_fetch_snapshot_license_and_QA,fishcount-farmed-decapods,,,,block until redistribution terms verified
release-candidate-2026-07-07.country-context.v0,LBY,Libya,country:LBY,identity_boundary,True,candidate_pending_fetch_snapshot_license_and_QA,natural-earth-admin0;geoboundaries-adm1,,,,boundaries/context only
release-candidate-2026-07-07.country-context.v0,LBY,Libya,country:LBY,wdi_population_land_agriculture,True,candidate_pending_fetch_snapshot_license_and_QA,world-bank-wdi-api,,,,"population, land area, agricultural land denominators"
release-candidate-2026-07-07.country-context.v0,LBY,Libya,country:LBY,owid_land_animals_slaughtered,True,candidate_pending_fetch_snapshot_license_and_QA,owid-land-animals-slaughtered,,,,land animal slaughter proxy
release-candidate-2026-07-07.country-context.v0,LBY,Libya,country:LBY,owid_farmed_fish,False,candidate_pending_fetch_snapshot_license_and_QA,owid-farmed-fish-killed,,,,farmed fish proxy
release-candidate-2026-07-07.country-context.v0,LBY,Libya,country:LBY,owid_wild_caught_fish,False,candidate_pending_fetch_snapshot_license_and_QA,owid-wild-caught-fish,,,,wild caught fish proxy
release-candidate-2026-07-07.country-context.v0,LBY,Libya,country:LBY,owid_farmed_crustaceans,False,candidate_pending_fetch_snapshot_license_and_QA,owid-farmed-crustaceans,,,,farmed crustacean proxy
release-candidate-2026-07-07.country-context.v0,LBY,Libya,country:LBY,owid_insecticide_use_fao,False,candidate_pending_fetch_snapshot_license_and_QA,owid-insecticide-use-fao,,,,insecticide use proxy from FAOSTAT via OWID
release-candidate-2026-07-07.country-context.v0,LBY,Libya,country:LBY,fishcount_farmed_fish_terms_review,False,candidate_pending_fetch_snapshot_license_and_QA,fishcount-farmed-fish,,,,block until redistribution terms verified
release-candidate-2026-07-07.country-context.v0,LBY,Libya,country:LBY,fishcount_wild_fish_terms_review,False,candidate_pending_fetch_snapshot_license_and_QA,fishcount-wild-fish,,,,block until redistribution terms verified
release-candidate-2026-07-07.country-context.v0,LBY,Libya,country:LBY,fishcount_crustaceans_terms_review,False,candidate_pending_fetch_snapshot_license_and_QA,fishcount-farmed-decapods,,,,block until redistribution terms verified
release-candidate-2026-07-07.country-context.v0,LCA,Saint Lucia,country:LCA,identity_boundary,True,candidate_pending_fetch_snapshot_license_and_QA,natural-earth-admin0;geoboundaries-adm1,,,,boundaries/context only
release-candidate-2026-07-07.country-context.v0,LCA,Saint Lucia,country:LCA,wdi_population_land_agriculture,True,candidate_pending_fetch_snapshot_license_and_QA,world-bank-wdi-api,,,,"population, land area, agricultural land denominators"
release-candidate-2026-07-07.country-context.v0,LCA,Saint Lucia,country:LCA,owid_land_animals_slaughtered,True,candidate_pending_fetch_snapshot_license_and_QA,owid-land-animals-slaughtered,,,,land animal slaughter proxy
release-candidate-2026-07-07.country-context.v0,LCA,Saint Lucia,country:LCA,owid_farmed_fish,False,candidate_pending_fetch_snapshot_license_and_QA,owid-farmed-fish-killed,,,,farmed fish proxy
release-candidate-2026-07-07.country-context.v0,LCA,Saint Lucia,country:LCA,owid_wild_caught_fish,False,candidate_pending_fetch_snapshot_license_and_QA,owid-wild-caught-fish,,,,wild caught fish proxy
release-candidate-2026-07-07.country-context.v0,LCA,Saint Lucia,country:LCA,owid_farmed_crustaceans,False,candidate_pending_fetch_snapshot_license_and_QA,owid-farmed-crustaceans,,,,farmed crustacean proxy
release-candidate-2026-07-07.country-context.v0,LCA,Saint Lucia,country:LCA,owid_insecticide_use_fao,False,candidate_pending_fetch_snapshot_license_and_QA,owid-insecticide-use-fao,,,,insecticide use proxy from FAOSTAT via OWID
release-candidate-2026-07-07.country-context.v0,LCA,Saint Lucia,country:LCA,fishcount_farmed_fish_terms_review,False,candidate_pending_fetch_snapshot_license_and_QA,fishcount-farmed-fish,,,,block until redistribution terms verified
release-candidate-2026-07-07.country-context.v0,LCA,Saint Lucia,country:LCA,fishcount_wild_fish_terms_review,False,candidate_pending_fetch_snapshot_license_and_QA,fishcount-wild-fish,,,,block until redistribution terms verified
release-candidate-2026-07-07.country-context.v0,LCA,Saint Lucia,country:LCA,fishcount_crustaceans_terms_review,False,candidate_pending_fetch_snapshot_license_and_QA,fishcount-farmed-decapods,,,,block until redistribution terms verified
release-candidate-2026-07-07.country-context.v0,LIE,Liechtenstein,country:LIE,identity_boundary,True,candidate_pending_fetch_snapshot_license_and_QA,natural-earth-admin0;geoboundaries-adm1,,,,boundaries/context only
release-candidate-2026-07-07.country-context.v0,LIE,Liechtenstein,country:LIE,wdi_population_land_agriculture,True,candidate_pending_fetch_snapshot_license_and_QA,world-bank-wdi-api,,,,"population, land area, agricultural land denominators"
release-candidate-2026-07-07.country-context.v0,LIE,Liechtenstein,country:LIE,owid_land_animals_slaughtered,True,candidate_pending_fetch_snapshot_license_and_QA,owid-land-animals-slaughtered,,,,land animal slaughter proxy
release-candidate-2026-07-07.country-context.v0,LIE,Liechtenstein,country:LIE,owid_farmed_fish,False,candidate_pending_fetch_snapshot_license_and_QA,owid-farmed-fish-killed,,,,farmed fish proxy
release-candidate-2026-07-07.country-context.v0,LIE,Liechtenstein,country:LIE,owid_wild_caught_fish,False,candidate_pending_fetch_snapshot_license_and_QA,owid-wild-caught-fish,,,,wild caught fish proxy
release-candidate-2026-07-07.country-context.v0,LIE,Liechtenstein,country:LIE,owid_farmed_crustaceans,False,candidate_pending_fetch_snapshot_license_and_QA,owid-farmed-crustaceans,,,,farmed crustacean proxy
release-candidate-2026-07-07.country-context.v0,LIE,Liechtenstein,country:LIE,owid_insecticide_use_fao,False,candidate_pending_fetch_snapshot_license_and_QA,owid-insecticide-use-fao,,,,insecticide use proxy from FAOSTAT via OWID
release-candidate-2026-07-07.country-context.v0,LIE,Liechtenstein,country:LIE,fishcount_farmed_fish_terms_review,False,candidate_pending_fetch_snapshot_license_and_QA,fishcount-farmed-fish,,,,block until redistribution terms verified
release-candidate-2026-07-07.country-context.v0,LIE,Liechtenstein,country:LIE,fishcount_wild_fish_terms_review,False,candidate_pending_fetch_snapshot_license_and_QA,fishcount-wild-fish,,,,block until redistribution terms verified
release-candidate-2026-07-07.country-context.v0,LIE,Liechtenstein,country:LIE,fishcount_crustaceans_terms_review,False,candidate_pending_fetch_snapshot_license_and_QA,fishcount-farmed-decapods,,,,block until redistribution terms verified
release-candidate-2026-07-07.country-context.v0,LKA,Sri Lanka,country:LKA,identity_boundary,True,candidate_pending_fetch_snapshot_license_and_QA,natural-earth-admin0;geoboundaries-adm1,,,,boundaries/context only
release-candidate-2026-07-07.country-context.v0,LKA,Sri Lanka,country:LKA,wdi_population_land_agriculture,True,candidate_pending_fetch_snapshot_license_and_QA,world-bank-wdi-api,,,,"population, land area, agricultural land denominators"
release-candidate-2026-07-07.country-context.v0,LKA,Sri Lanka,country:LKA,owid_land_animals_slaughtered,True,candidate_pending_fetch_snapshot_license_and_QA,owid-land-animals-slaughtered,,,,land animal slaughter proxy
release-candidate-2026-07-07.country-context.v0,LKA,Sri Lanka,country:LKA,owid_farmed_fish,False,candidate_pending_fetch_snapshot_license_and_QA,owid-farmed-fish-killed,,,,farmed fish proxy
release-candidate-2026-07-07.country-context.v0,LKA,Sri Lanka,country:LKA,owid_wild_caught_fish,False,candidate_pending_fetch_snapshot_license_and_QA,owid-wild-caught-fish,,,,wild caught fish proxy
release-candidate-2026-07-07.country-context.v0,LKA,Sri Lanka,country:LKA,owid_farmed_crustaceans,False,candidate_pending_fetch_snapshot_license_and_QA,owid-farmed-crustaceans,,,,farmed crustacean proxy
release-candidate-2026-07-07.country-context.v0,LKA,Sri Lanka,country:LKA,owid_insecticide_use_fao,False,candidate_pending_fetch_snapshot_license_and_QA,owid-insecticide-use-fao,,,,insecticide use proxy from FAOSTAT via OWID
release-candidate-2026-07-07.country-context.v0,LKA,Sri Lanka,country:LKA,fishcount_farmed_fish_terms_review,False,candidate_pending_fetch_snapshot_license_and_QA,fishcount-farmed-fish,,,,block until redistribution terms verified
release-candidate-2026-07-07.country-context.v0,LKA,Sri Lanka,country:LKA,fishcount_wild_fish_terms_review,False,candidate_pending_fetch_snapshot_license_and_QA,fishcount-wild-fish,,,,block until redistribution terms verified
release-candidate-2026-07-07.country-context.v0,LKA,Sri Lanka,country:LKA,fishcount_crustaceans_terms_review,False,candidate_pending_fetch_snapshot_license_and_QA,fishcount-farmed-decapods,,,,block until redistribution terms verified
release-candidate-2026-07-07.country-context.v0,LSO,Lesotho,country:LSO,identity_boundary,True,candidate_pending_fetch_snapshot_license_and_QA,natural-earth-admin0;geoboundaries-adm1,,,,boundaries/context only
release-candidate-2026-07-07.country-context.v0,LSO,Lesotho,country:LSO,wdi_population_land_agriculture,True,candidate_pending_fetch_snapshot_license_and_QA,world-bank-wdi-api,,,,"population, land area, agricultural land denominators"
release-candidate-2026-07-07.country-context.v0,LSO,Lesotho,country:LSO,owid_land_animals_slaughtered,True,candidate_pending_fetch_snapshot_license_and_QA,owid-land-animals-slaughtered,,,,land animal slaughter proxy
release-candidate-2026-07-07.country-context.v0,LSO,Lesotho,country:LSO,owid_farmed_fish,False,candidate_pending_fetch_snapshot_license_and_QA,owid-farmed-fish-killed,,,,farmed fish proxy
release-candidate-2026-07-07.country-context.v0,LSO,Lesotho,country:LSO,owid_wild_caught_fish,False,candidate_pending_fetch_snapshot_license_and_QA,owid-wild-caught-fish,,,,wild caught fish proxy
release-candidate-2026-07-07.country-context.v0,LSO,Lesotho,country:LSO,owid_farmed_crustaceans,False,candidate_pending_fetch_snapshot_license_and_QA,owid-farmed-crustaceans,,,,farmed crustacean proxy
release-candidate-2026-07-07.country-context.v0,LSO,Lesotho,country:LSO,owid_insecticide_use_fao,False,candidate_pending_fetch_snapshot_license_and_QA,owid-insecticide-use-fao,,,,insecticide use proxy from FAOSTAT via OWID
release-candidate-2026-07-07.country-context.v0,LSO,Lesotho,country:LSO,fishcount_farmed_fish_terms_review,False,candidate_pending_fetch_snapshot_license_and_QA,fishcount-farmed-fish,,,,block until redistribution terms verified
release-candidate-2026-07-07.country-context.v0,LSO,Lesotho,country:LSO,fishcount_wild_fish_terms_review,False,candidate_pending_fetch_snapshot_license_and_QA,fishcount-wild-fish,,,,block until redistribution terms verified
release-candidate-2026-07-07.country-context.v0,LSO,Lesotho,country:LSO,fishcount_crustaceans_terms_review,False,candidate_pending_fetch_snapshot_license_and_QA,fishcount-farmed-decapods,,,,block until redistribution terms verified
release-candidate-2026-07-07.country-context.v0,LTU,Lithuania,country:LTU,identity_boundary,True,candidate_pending_fetch_snapshot_license_and_QA,natural-earth-admin0;geoboundaries-adm1,,,,boundaries/context only
release-candidate-2026-07-07.country-context.v0,LTU,Lithuania,country:LTU,wdi_population_land_agriculture,True,candidate_pending_fetch_snapshot_license_and_QA,world-bank-wdi-api,,,,"population, land area, agricultural land denominators"
release-candidate-2026-07-07.country-context.v0,LTU,Lithuania,country:LTU,owid_land_animals_slaughtered,True,candidate_pending_fetch_snapshot_license_and_QA,owid-land-animals-slaughtered,,,,land animal slaughter proxy
release-candidate-2026-07-07.country-context.v0,LTU,Lithuania,country:LTU,owid_farmed_fish,False,candidate_pending_fetch_snapshot_license_and_QA,owid-farmed-fish-killed,,,,farmed fish proxy
release-candidate-2026-07-07.country-context.v0,LTU,Lithuania,country:LTU,owid_wild_caught_fish,False,candidate_pending_fetch_snapshot_license_and_QA,owid-wild-caught-fish,,,,wild caught fish proxy
release-candidate-2026-07-07.country-context.v0,LTU,Lithuania,country:LTU,owid_farmed_crustaceans,False,candidate_pending_fetch_snapshot_license_and_QA,owid-farmed-crustaceans,,,,farmed crustacean proxy
release-candidate-2026-07-07.country-context.v0,LTU,Lithuania,country:LTU,owid_insecticide_use_fao,False,candidate_pending_fetch_snapshot_license_and_QA,owid-insecticide-use-fao,,,,insecticide use proxy from FAOSTAT via OWID
release-candidate-2026-07-07.country-context.v0,LTU,Lithuania,country:LTU,fishcount_farmed_fish_terms_review,False,candidate_pending_fetch_snapshot_license_and_QA,fishcount-farmed-fish,,,,block until redistribution terms verified
release-candidate-2026-07-07.country-context.v0,LTU,Lithuania,country:LTU,fishcount_wild_fish_terms_review,False,candidate_pending_fetch_snapshot_license_and_QA,fishcount-wild-fish,,,,block until redistribution terms verified
release-candidate-2026-07-07.country-context.v0,LTU,Lithuania,country:LTU,fishcount_crustaceans_terms_review,False,candidate_pending_fetch_snapshot_license_and_QA,fishcount-farmed-decapods,,,,block until redistribution terms verified
release-candidate-2026-07-07.country-context.v0,LUX,Luxembourg,country:LUX,identity_boundary,True,candidate_pending_fetch_snapshot_license_and_QA,natural-earth-admin0;geoboundaries-adm1,,,,boundaries/context only
release-candidate-2026-07-07.country-context.v0,LUX,Luxembourg,country:LUX,wdi_population_land_agriculture,True,candidate_pending_fetch_snapshot_license_and_QA,world-bank-wdi-api,,,,"population, land area, agricultural land denominators"
release-candidate-2026-07-07.country-context.v0,LUX,Luxembourg,country:LUX,owid_land_animals_slaughtered,True,candidate_pending_fetch_snapshot_license_and_QA,owid-land-animals-slaughtered,,,,land animal slaughter proxy
release-candidate-2026-07-07.country-context.v0,LUX,Luxembourg,country:LUX,owid_farmed_fish,False,candidate_pending_fetch_snapshot_license_and_QA,owid-farmed-fish-killed,,,,farmed fish proxy
release-candidate-2026-07-07.country-context.v0,LUX,Luxembourg,country:LUX,owid_wild_caught_fish,False,candidate_pending_fetch_snapshot_license_and_QA,owid-wild-caught-fish,,,,wild caught fish proxy
release-candidate-2026-07-07.country-context.v0,LUX,Luxembourg,country:LUX,owid_farmed_crustaceans,False,candidate_pending_fetch_snapshot_license_and_QA,owid-farmed-crustaceans,,,,farmed crustacean proxy
release-candidate-2026-07-07.country-context.v0,LUX,Luxembourg,country:LUX,owid_insecticide_use_fao,False,candidate_pending_fetch_snapshot_license_and_QA,owid-insecticide-use-fao,,,,insecticide use proxy from FAOSTAT via OWID
release-candidate-2026-07-07.country-context.v0,LUX,Luxembourg,country:LUX,fishcount_farmed_fish_terms_review,False,candidate_pending_fetch_snapshot_license_and_QA,fishcount-farmed-fish,,,,block until redistribution terms verified
release-candidate-2026-07-07.country-context.v0,LUX,Luxembourg,country:LUX,fishcount_wild_fish_terms_review,False,candidate_pending_fetch_snapshot_license_and_QA,fishcount-wild-fish,,,,block until redistribution terms verified
release-candidate-2026-07-07.country-context.v0,LUX,Luxembourg,country:LUX,fishcount_crustaceans_terms_review,False,candidate_pending_fetch_snapshot_license_and_QA,fishcount-farmed-decapods,,,,block until redistribution terms verified
release-candidate-2026-07-07.country-context.v0,LVA,Latvia,country:LVA,identity_boundary,True,candidate_pending_fetch_snapshot_license_and_QA,natural-earth-admin0;geoboundaries-adm1,,,,boundaries/context only
release-candidate-2026-07-07.country-context.v0,LVA,Latvia,country:LVA,wdi_population_land_agriculture,True,candidate_pending_fetch_snapshot_license_and_QA,world-bank-wdi-api,,,,"population, land area, agricultural land denominators"
release-candidate-2026-07-07.country-context.v0,LVA,Latvia,country:LVA,owid_land_animals_slaughtered,True,candidate_pending_fetch_snapshot_license_and_QA,owid-land-animals-slaughtered,,,,land animal slaughter proxy
release-candidate-2026-07-07.country-context.v0,LVA,Latvia,country:LVA,owid_farmed_fish,False,candidate_pending_fetch_snapshot_license_and_QA,owid-farmed-fish-killed,,,,farmed fish proxy
release-candidate-2026-07-07.country-context.v0,LVA,Latvia,country:LVA,owid_wild_caught_fish,False,candidate_pending_fetch_snapshot_license_and_QA,owid-wild-caught-fish,,,,wild caught fish proxy
release-candidate-2026-07-07.country-context.v0,LVA,Latvia,country:LVA,owid_farmed_crustaceans,False,candidate_pending_fetch_snapshot_license_and_QA,owid-farmed-crustaceans,,,,farmed crustacean proxy
release-candidate-2026-07-07.country-context.v0,LVA,Latvia,country:LVA,owid_insecticide_use_fao,False,candidate_pending_fetch_snapshot_license_and_QA,owid-insecticide-use-fao,,,,insecticide use proxy from FAOSTAT via OWID
release-candidate-2026-07-07.country-context.v0,LVA,Latvia,country:LVA,fishcount_farmed_fish_terms_review,False,candidate_pending_fetch_snapshot_license_and_QA,fishcount-farmed-fish,,,,block until redistribution terms verified
release-candidate-2026-07-07.country-context.v0,LVA,Latvia,country:LVA,fishcount_wild_fish_terms_review,False,candidate_pending_fetch_snapshot_license_and_QA,fishcount-wild-fish,,,,block until redistribution terms verified
release-candidate-2026-07-07.country-context.v0,LVA,Latvia,country:LVA,fishcount_crustaceans_terms_review,False,candidate_pending_fetch_snapshot_license_and_QA,fishcount-farmed-decapods,,,,block until redistribution terms verified
release-candidate-2026-07-07.country-context.v0,MAC,Macao,country:MAC,identity_boundary,True,candidate_pending_fetch_snapshot_license_and_QA,natural-earth-admin0;geoboundaries-adm1,,,,boundaries/context only
release-candidate-2026-07-07.country-context.v0,MAC,Macao,country:MAC,wdi_population_land_agriculture,True,candidate_pending_fetch_snapshot_license_and_QA,world-bank-wdi-api,,,,"population, land area, agricultural land denominators"
release-candidate-2026-07-07.country-context.v0,MAC,Macao,country:MAC,owid_land_animals_slaughtered,True,candidate_pending_fetch_snapshot_license_and_QA,owid-land-animals-slaughtered,,,,land animal slaughter proxy
release-candidate-2026-07-07.country-context.v0,MAC,Macao,country:MAC,owid_farmed_fish,False,candidate_pending_fetch_snapshot_license_and_QA,owid-farmed-fish-killed,,,,farmed fish proxy
release-candidate-2026-07-07.country-context.v0,MAC,Macao,country:MAC,owid_wild_caught_fish,False,candidate_pending_fetch_snapshot_license_and_QA,owid-wild-caught-fish,,,,wild caught fish proxy
release-candidate-2026-07-07.country-context.v0,MAC,Macao,country:MAC,owid_farmed_crustaceans,False,candidate_pending_fetch_snapshot_license_and_QA,owid-farmed-crustaceans,,,,farmed crustacean proxy
release-candidate-2026-07-07.country-context.v0,MAC,Macao,country:MAC,owid_insecticide_use_fao,False,candidate_pending_fetch_snapshot_license_and_QA,owid-insecticide-use-fao,,,,insecticide use proxy from FAOSTAT via OWID
release-candidate-2026-07-07.country-context.v0,MAC,Macao,country:MAC,fishcount_farmed_fish_terms_review,False,candidate_pending_fetch_snapshot_license_and_QA,fishcount-farmed-fish,,,,block until redistribution terms verified
release-candidate-2026-07-07.country-context.v0,MAC,Macao,country:MAC,fishcount_wild_fish_terms_review,False,candidate_pending_fetch_snapshot_license_and_QA,fishcount-wild-fish,,,,block until redistribution terms verified
release-candidate-2026-07-07.country-context.v0,MAC,Macao,country:MAC,fishcount_crustaceans_terms_review,False,candidate_pending_fetch_snapshot_license_and_QA,fishcount-farmed-decapods,,,,block until redistribution terms verified
release-candidate-2026-07-07.country-context.v0,MAF,Saint Martin (French part),country:MAF,identity_boundary,True,candidate_pending_fetch_snapshot_license_and_QA,natural-earth-admin0;geoboundaries-adm1,,,,boundaries/context only
release-candidate-2026-07-07.country-context.v0,MAF,Saint Martin (French part),country:MAF,wdi_population_land_agriculture,True,candidate_pending_fetch_snapshot_license_and_QA,world-bank-wdi-api,,,,"population, land area, agricultural land denominators"
release-candidate-2026-07-07.country-context.v0,MAF,Saint Martin (French part),country:MAF,owid_land_animals_slaughtered,True,candidate_pending_fetch_snapshot_license_and_QA,owid-land-animals-slaughtered,,,,land animal slaughter proxy
release-candidate-2026-07-07.country-context.v0,MAF,Saint Martin (French part),country:MAF,owid_farmed_fish,False,candidate_pending_fetch_snapshot_license_and_QA,owid-farmed-fish-killed,,,,farmed fish proxy
release-candidate-2026-07-07.country-context.v0,MAF,Saint Martin (French part),country:MAF,owid_wild_caught_fish,False,candidate_pending_fetch_snapshot_license_and_QA,owid-wild-caught-fish,,,,wild caught fish proxy
release-candidate-2026-07-07.country-context.v0,MAF,Saint Martin (French part),country:MAF,owid_farmed_crustaceans,False,candidate_pending_fetch_snapshot_license_and_QA,owid-farmed-crustaceans,,,,farmed crustacean proxy
release-candidate-2026-07-07.country-context.v0,MAF,Saint Martin (French part),country:MAF,owid_insecticide_use_fao,False,candidate_pending_fetch_snapshot_license_and_QA,owid-insecticide-use-fao,,,,insecticide use proxy from FAOSTAT via OWID
release-candidate-2026-07-07.country-context.v0,MAF,Saint Martin (French part),country:MAF,fishcount_farmed_fish_terms_review,False,candidate_pending_fetch_snapshot_license_and_QA,fishcount-farmed-fish,,,,block until redistribution terms verified
release-candidate-2026-07-07.country-context.v0,MAF,Saint Martin (French part),country:MAF,fishcount_wild_fish_terms_review,False,candidate_pending_fetch_snapshot_license_and_QA,fishcount-wild-fish,,,,block until redistribution terms verified
release-candidate-2026-07-07.country-context.v0,MAF,Saint Martin (French part),country:MAF,fishcount_crustaceans_terms_review,False,candidate_pending_fetch_snapshot_license_and_QA,fishcount-farmed-decapods,,,,block until redistribution terms verified
release-candidate-2026-07-07.country-context.v0,MAR,Morocco,country:MAR,identity_boundary,True,candidate_pending_fetch_snapshot_license_and_QA,natural-earth-admin0;geoboundaries-adm1,,,,boundaries/context only
release-candidate-2026-07-07.country-context.v0,MAR,Morocco,country:MAR,wdi_population_land_agriculture,True,candidate_pending_fetch_snapshot_license_and_QA,world-bank-wdi-api,,,,"population, land area, agricultural land denominators"
release-candidate-2026-07-07.country-context.v0,MAR,Morocco,country:MAR,owid_land_animals_slaughtered,True,candidate_pending_fetch_snapshot_license_and_QA,owid-land-animals-slaughtered,,,,land animal slaughter proxy
release-candidate-2026-07-07.country-context.v0,MAR,Morocco,country:MAR,owid_farmed_fish,False,candidate_pending_fetch_snapshot_license_and_QA,owid-farmed-fish-killed,,,,farmed fish proxy
release-candidate-2026-07-07.country-context.v0,MAR,Morocco,country:MAR,owid_wild_caught_fish,False,candidate_pending_fetch_snapshot_license_and_QA,owid-wild-caught-fish,,,,wild caught fish proxy
release-candidate-2026-07-07.country-context.v0,MAR,Morocco,country:MAR,owid_farmed_crustaceans,False,candidate_pending_fetch_snapshot_license_and_QA,owid-farmed-crustaceans,,,,farmed crustacean proxy
release-candidate-2026-07-07.country-context.v0,MAR,Morocco,country:MAR,owid_insecticide_use_fao,False,candidate_pending_fetch_snapshot_license_and_QA,owid-insecticide-use-fao,,,,insecticide use proxy from FAOSTAT via OWID
release-candidate-2026-07-07.country-context.v0,MAR,Morocco,country:MAR,fishcount_farmed_fish_terms_review,False,candidate_pending_fetch_snapshot_license_and_QA,fishcount-farmed-fish,,,,block until redistribution terms verified
release-candidate-2026-07-07.country-context.v0,MAR,Morocco,country:MAR,fishcount_wild_fish_terms_review,False,candidate_pending_fetch_snapshot_license_and_QA,fishcount-wild-fish,,,,block until redistribution terms verified
release-candidate-2026-07-07.country-context.v0,MAR,Morocco,country:MAR,fishcount_crustaceans_terms_review,False,candidate_pending_fetch_snapshot_license_and_QA,fishcount-farmed-decapods,,,,block until redistribution terms verified
release-candidate-2026-07-07.country-context.v0,MCO,Monaco,country:MCO,identity_boundary,True,candidate_pending_fetch_snapshot_license_and_QA,natural-earth-admin0;geoboundaries-adm1,,,,boundaries/context only
release-candidate-2026-07-07.country-context.v0,MCO,Monaco,country:MCO,wdi_population_land_agriculture,True,candidate_pending_fetch_snapshot_license_and_QA,world-bank-wdi-api,,,,"population, land area, agricultural land denominators"
release-candidate-2026-07-07.country-context.v0,MCO,Monaco,country:MCO,owid_land_animals_slaughtered,True,candidate_pending_fetch_snapshot_license_and_QA,owid-land-animals-slaughtered,,,,land animal slaughter proxy
release-candidate-2026-07-07.country-context.v0,MCO,Monaco,country:MCO,owid_farmed_fish,False,candidate_pending_fetch_snapshot_license_and_QA,owid-farmed-fish-killed,,,,farmed fish proxy
release-candidate-2026-07-07.country-context.v0,MCO,Monaco,country:MCO,owid_wild_caught_fish,False,candidate_pending_fetch_snapshot_license_and_QA,owid-wild-caught-fish,,,,wild caught fish proxy
release-candidate-2026-07-07.country-context.v0,MCO,Monaco,country:MCO,owid_farmed_crustaceans,False,candidate_pending_fetch_snapshot_license_and_QA,owid-farmed-crustaceans,,,,farmed crustacean proxy
release-candidate-2026-07-07.country-context.v0,MCO,Monaco,country:MCO,owid_insecticide_use_fao,False,candidate_pending_fetch_snapshot_license_and_QA,owid-insecticide-use-fao,,,,insecticide use proxy from FAOSTAT via OWID
release-candidate-2026-07-07.country-context.v0,MCO,Monaco,country:MCO,fishcount_farmed_fish_terms_review,False,candidate_pending_fetch_snapshot_license_and_QA,fishcount-farmed-fish,,,,block until redistribution terms verified
release-candidate-2026-07-07.country-context.v0,MCO,Monaco,country:MCO,fishcount_wild_fish_terms_review,False,candidate_pending_fetch_snapshot_license_and_QA,fishcount-wild-fish,,,,block until redistribution terms verified
release-candidate-2026-07-07.country-context.v0,MCO,Monaco,country:MCO,fishcount_crustaceans_terms_review,False,candidate_pending_fetch_snapshot_license_and_QA,fishcount-farmed-decapods,,,,block until redistribution terms verified
release-candidate-2026-07-07.country-context.v0,MDA,"Moldova, Republic of",country:MDA,identity_boundary,True,candidate_pending_fetch_snapshot_license_and_QA,natural-earth-admin0;geoboundaries-adm1,,,,boundaries/context only
release-candidate-2026-07-07.country-context.v0,MDA,"Moldova, Republic of",country:MDA,wdi_population_land_agriculture,True,candidate_pending_fetch_snapshot_license_and_QA,world-bank-wdi-api,,,,"population, land area, agricultural land denominators"
release-candidate-2026-07-07.country-context.v0,MDA,"Moldova, Republic of",country:MDA,owid_land_animals_slaughtered,True,candidate_pending_fetch_snapshot_license_and_QA,owid-land-animals-slaughtered,,,,land animal slaughter proxy
release-candidate-2026-07-07.country-context.v0,MDA,"Moldova, Republic of",country:MDA,owid_farmed_fish,False,candidate_pending_fetch_snapshot_license_and_QA,owid-farmed-fish-killed,,,,farmed fish proxy
release-candidate-2026-07-07.country-context.v0,MDA,"Moldova, Republic of",country:MDA,owid_wild_caught_fish,False,candidate_pending_fetch_snapshot_license_and_QA,owid-wild-caught-fish,,,,wild caught fish proxy
release-candidate-2026-07-07.country-context.v0,MDA,"Moldova, Republic of",country:MDA,owid_farmed_crustaceans,False,candidate_pending_fetch_snapshot_license_and_QA,owid-farmed-crustaceans,,,,farmed crustacean proxy
release-candidate-2026-07-07.country-context.v0,MDA,"Moldova, Republic of",country:MDA,owid_insecticide_use_fao,False,candidate_pending_fetch_snapshot_license_and_QA,owid-insecticide-use-fao,,,,insecticide use proxy from FAOSTAT via OWID
release-candidate-2026-07-07.country-context.v0,MDA,"Moldova, Republic of",country:MDA,fishcount_farmed_fish_terms_review,False,candidate_pending_fetch_snapshot_license_and_QA,fishcount-farmed-fish,,,,block until redistribution terms verified
release-candidate-2026-07-07.country-context.v0,MDA,"Moldova, Republic of",country:MDA,fishcount_wild_fish_terms_review,False,candidate_pending_fetch_snapshot_license_and_QA,fishcount-wild-fish,,,,block until redistribution terms verified
release-candidate-2026-07-07.country-context.v0,MDA,"Moldova, Republic of",country:MDA,fishcount_crustaceans_terms_review,False,candidate_pending_fetch_snapshot_license_and_QA,fishcount-farmed-decapods,,,,block until redistribution terms verified
release-candidate-2026-07-07.country-context.v0,MDG,Madagascar,country:MDG,identity_boundary,True,candidate_pending_fetch_snapshot_license_and_QA,natural-earth-admin0;geoboundaries-adm1,,,,boundaries/context only
release-candidate-2026-07-07.country-context.v0,MDG,Madagascar,country:MDG,wdi_population_land_agriculture,True,candidate_pending_fetch_snapshot_license_and_QA,world-bank-wdi-api,,,,"population, land area, agricultural land denominators"
release-candidate-2026-07-07.country-context.v0,MDG,Madagascar,country:MDG,owid_land_animals_slaughtered,True,candidate_pending_fetch_snapshot_license_and_QA,owid-land-animals-slaughtered,,,,land animal slaughter proxy
release-candidate-2026-07-07.country-context.v0,MDG,Madagascar,country:MDG,owid_farmed_fish,False,candidate_pending_fetch_snapshot_license_and_QA,owid-farmed-fish-killed,,,,farmed fish proxy
release-candidate-2026-07-07.country-context.v0,MDG,Madagascar,country:MDG,owid_wild_caught_fish,False,candidate_pending_fetch_snapshot_license_and_QA,owid-wild-caught-fish,,,,wild caught fish proxy
release-candidate-2026-07-07.country-context.v0,MDG,Madagascar,country:MDG,owid_farmed_crustaceans,False,candidate_pending_fetch_snapshot_license_and_QA,owid-farmed-crustaceans,,,,farmed crustacean proxy
release-candidate-2026-07-07.country-context.v0,MDG,Madagascar,country:MDG,owid_insecticide_use_fao,False,candidate_pending_fetch_snapshot_license_and_QA,owid-insecticide-use-fao,,,,insecticide use proxy from FAOSTAT via OWID
release-candidate-2026-07-07.country-context.v0,MDG,Madagascar,country:MDG,fishcount_farmed_fish_terms_review,False,candidate_pending_fetch_snapshot_license_and_QA,fishcount-farmed-fish,,,,block until redistribution terms verified
release-candidate-2026-07-07.country-context.v0,MDG,Madagascar,country:MDG,fishcount_wild_fish_terms_review,False,candidate_pending_fetch_snapshot_license_and_QA,fishcount-wild-fish,,,,block until redistribution terms verified
release-candidate-2026-07-07.country-context.v0,MDG,Madagascar,country:MDG,fishcount_crustaceans_terms_review,False,candidate_pending_fetch_snapshot_license_and_QA,fishcount-farmed-decapods,,,,block until redistribution terms verified
release-candidate-2026-07-07.country-context.v0,MDV,Maldives,country:MDV,identity_boundary,True,candidate_pending_fetch_snapshot_license_and_QA,natural-earth-admin0;geoboundaries-adm1,,,,boundaries/context only
release-candidate-2026-07-07.country-context.v0,MDV,Maldives,country:MDV,wdi_population_land_agriculture,True,candidate_pending_fetch_snapshot_license_and_QA,world-bank-wdi-api,,,,"population, land area, agricultural land denominators"
release-candidate-2026-07-07.country-context.v0,MDV,Maldives,country:MDV,owid_land_animals_slaughtered,True,candidate_pending_fetch_snapshot_license_and_QA,owid-land-animals-slaughtered,,,,land animal slaughter proxy
release-candidate-2026-07-07.country-context.v0,MDV,Maldives,country:MDV,owid_farmed_fish,False,candidate_pending_fetch_snapshot_license_and_QA,owid-farmed-fish-killed,,,,farmed fish proxy
release-candidate-2026-07-07.country-context.v0,MDV,Maldives,country:MDV,owid_wild_caught_fish,False,candidate_pending_fetch_snapshot_license_and_QA,owid-wild-caught-fish,,,,wild caught fish proxy
release-candidate-2026-07-07.country-context.v0,MDV,Maldives,country:MDV,owid_farmed_crustaceans,False,candidate_pending_fetch_snapshot_license_and_QA,owid-farmed-crustaceans,,,,farmed crustacean proxy
release-candidate-2026-07-07.country-context.v0,MDV,Maldives,country:MDV,owid_insecticide_use_fao,False,candidate_pending_fetch_snapshot_license_and_QA,owid-insecticide-use-fao,,,,insecticide use proxy from FAOSTAT via OWID
release-candidate-2026-07-07.country-context.v0,MDV,Maldives,country:MDV,fishcount_farmed_fish_terms_review,False,candidate_pending_fetch_snapshot_license_and_QA,fishcount-farmed-fish,,,,block until redistribution terms verified
release-candidate-2026-07-07.country-context.v0,MDV,Maldives,country:MDV,fishcount_wild_fish_terms_review,False,candidate_pending_fetch_snapshot_license_and_QA,fishcount-wild-fish,,,,block until redistribution terms verified
release-candidate-2026-07-07.country-context.v0,MDV,Maldives,country:MDV,fishcount_crustaceans_terms_review,False,candidate_pending_fetch_snapshot_license_and_QA,fishcount-farmed-decapods,,,,block until redistribution terms verified
release-candidate-2026-07-07.country-context.v0,MEX,Mexico,country:MEX,identity_boundary,True,candidate_pending_fetch_snapshot_license_and_QA,natural-earth-admin0;geoboundaries-adm1,,,,boundaries/context only
release-candidate-2026-07-07.country-context.v0,MEX,Mexico,country:MEX,wdi_population_land_agriculture,True,candidate_pending_fetch_snapshot_license_and_QA,world-bank-wdi-api,,,,"population, land area, agricultural land denominators"
release-candidate-2026-07-07.country-context.v0,MEX,Mexico,country:MEX,owid_land_animals_slaughtered,True,candidate_pending_fetch_snapshot_license_and_QA,owid-land-animals-slaughtered,,,,land animal slaughter proxy
release-candidate-2026-07-07.country-context.v0,MEX,Mexico,country:MEX,owid_farmed_fish,False,candidate_pending_fetch_snapshot_license_and_QA,owid-farmed-fish-killed,,,,farmed fish proxy
release-candidate-2026-07-07.country-context.v0,MEX,Mexico,country:MEX,owid_wild_caught_fish,False,candidate_pending_fetch_snapshot_license_and_QA,owid-wild-caught-fish,,,,wild caught fish proxy
release-candidate-2026-07-07.country-context.v0,MEX,Mexico,country:MEX,owid_farmed_crustaceans,False,candidate_pending_fetch_snapshot_license_and_QA,owid-farmed-crustaceans,,,,farmed crustacean proxy
release-candidate-2026-07-07.country-context.v0,MEX,Mexico,country:MEX,owid_insecticide_use_fao,False,candidate_pending_fetch_snapshot_license_and_QA,owid-insecticide-use-fao,,,,insecticide use proxy from FAOSTAT via OWID
release-candidate-2026-07-07.country-context.v0,MEX,Mexico,country:MEX,fishcount_farmed_fish_terms_review,False,candidate_pending_fetch_snapshot_license_and_QA,fishcount-farmed-fish,,,,block until redistribution terms verified
release-candidate-2026-07-07.country-context.v0,MEX,Mexico,country:MEX,fishcount_wild_fish_terms_review,False,candidate_pending_fetch_snapshot_license_and_QA,fishcount-wild-fish,,,,block until redistribution terms verified
release-candidate-2026-07-07.country-context.v0,MEX,Mexico,country:MEX,fishcount_crustaceans_terms_review,False,candidate_pending_fetch_snapshot_license_and_QA,fishcount-farmed-decapods,,,,block until redistribution terms verified
release-candidate-2026-07-07.country-context.v0,MHL,Marshall Islands,country:MHL,identity_boundary,True,candidate_pending_fetch_snapshot_license_and_QA,natural-earth-admin0;geoboundaries-adm1,,,,boundaries/context only
release-candidate-2026-07-07.country-context.v0,MHL,Marshall Islands,country:MHL,wdi_population_land_agriculture,True,candidate_pending_fetch_snapshot_license_and_QA,world-bank-wdi-api,,,,"population, land area, agricultural land denominators"
release-candidate-2026-07-07.country-context.v0,MHL,Marshall Islands,country:MHL,owid_land_animals_slaughtered,True,candidate_pending_fetch_snapshot_license_and_QA,owid-land-animals-slaughtered,,,,land animal slaughter proxy
release-candidate-2026-07-07.country-context.v0,MHL,Marshall Islands,country:MHL,owid_farmed_fish,False,candidate_pending_fetch_snapshot_license_and_QA,owid-farmed-fish-killed,,,,farmed fish proxy
release-candidate-2026-07-07.country-context.v0,MHL,Marshall Islands,country:MHL,owid_wild_caught_fish,False,candidate_pending_fetch_snapshot_license_and_QA,owid-wild-caught-fish,,,,wild caught fish proxy
release-candidate-2026-07-07.country-context.v0,MHL,Marshall Islands,country:MHL,owid_farmed_crustaceans,False,candidate_pending_fetch_snapshot_license_and_QA,owid-farmed-crustaceans,,,,farmed crustacean proxy
release-candidate-2026-07-07.country-context.v0,MHL,Marshall Islands,country:MHL,owid_insecticide_use_fao,False,candidate_pending_fetch_snapshot_license_and_QA,owid-insecticide-use-fao,,,,insecticide use proxy from FAOSTAT via OWID
release-candidate-2026-07-07.country-context.v0,MHL,Marshall Islands,country:MHL,fishcount_farmed_fish_terms_review,False,candidate_pending_fetch_snapshot_license_and_QA,fishcount-farmed-fish,,,,block until redistribution terms verified
release-candidate-2026-07-07.country-context.v0,MHL,Marshall Islands,country:MHL,fishcount_wild_fish_terms_review,False,candidate_pending_fetch_snapshot_license_and_QA,fishcount-wild-fish,,,,block until redistribution terms verified
release-candidate-2026-07-07.country-context.v0,MHL,Marshall Islands,country:MHL,fishcount_crustaceans_terms_review,False,candidate_pending_fetch_snapshot_license_and_QA,fishcount-farmed-decapods,,,,block until redistribution terms verified
release-candidate-2026-07-07.country-context.v0,MKD,North Macedonia,country:MKD,identity_boundary,True,candidate_pending_fetch_snapshot_license_and_QA,natural-earth-admin0;geoboundaries-adm1,,,,boundaries/context only
release-candidate-2026-07-07.country-context.v0,MKD,North Macedonia,country:MKD,wdi_population_land_agriculture,True,candidate_pending_fetch_snapshot_license_and_QA,world-bank-wdi-api,,,,"population, land area, agricultural land denominators"
release-candidate-2026-07-07.country-context.v0,MKD,North Macedonia,country:MKD,owid_land_animals_slaughtered,True,candidate_pending_fetch_snapshot_license_and_QA,owid-land-animals-slaughtered,,,,land animal slaughter proxy
release-candidate-2026-07-07.country-context.v0,MKD,North Macedonia,country:MKD,owid_farmed_fish,False,candidate_pending_fetch_snapshot_license_and_QA,owid-farmed-fish-killed,,,,farmed fish proxy
release-candidate-2026-07-07.country-context.v0,MKD,North Macedonia,country:MKD,owid_wild_caught_fish,False,candidate_pending_fetch_snapshot_license_and_QA,owid-wild-caught-fish,,,,wild caught fish proxy
release-candidate-2026-07-07.country-context.v0,MKD,North Macedonia,country:MKD,owid_farmed_crustaceans,False,candidate_pending_fetch_snapshot_license_and_QA,owid-farmed-crustaceans,,,,farmed crustacean proxy
release-candidate-2026-07-07.country-context.v0,MKD,North Macedonia,country:MKD,owid_insecticide_use_fao,False,candidate_pending_fetch_snapshot_license_and_QA,owid-insecticide-use-fao,,,,insecticide use proxy from FAOSTAT via OWID
release-candidate-2026-07-07.country-context.v0,MKD,North Macedonia,country:MKD,fishcount_farmed_fish_terms_review,False,candidate_pending_fetch_snapshot_license_and_QA,fishcount-farmed-fish,,,,block until redistribution terms verified
release-candidate-2026-07-07.country-context.v0,MKD,North Macedonia,country:MKD,fishcount_wild_fish_terms_review,False,candidate_pending_fetch_snapshot_license_and_QA,fishcount-wild-fish,,,,block until redistribution terms verified
release-candidate-2026-07-07.country-context.v0,MKD,North Macedonia,country:MKD,fishcount_crustaceans_terms_review,False,candidate_pending_fetch_snapshot_license_and_QA,fishcount-farmed-decapods,,,,block until redistribution terms verified
release-candidate-2026-07-07.country-context.v0,MLI,Mali,country:MLI,identity_boundary,True,candidate_pending_fetch_snapshot_license_and_QA,natural-earth-admin0;geoboundaries-adm1,,,,boundaries/context only
release-candidate-2026-07-07.country-context.v0,MLI,Mali,country:MLI,wdi_population_land_agriculture,True,candidate_pending_fetch_snapshot_license_and_QA,world-bank-wdi-api,,,,"population, land area, agricultural land denominators"
release-candidate-2026-07-07.country-context.v0,MLI,Mali,country:MLI,owid_land_animals_slaughtered,True,candidate_pending_fetch_snapshot_license_and_QA,owid-land-animals-slaughtered,,,,land animal slaughter proxy
release-candidate-2026-07-07.country-context.v0,MLI,Mali,country:MLI,owid_farmed_fish,False,candidate_pending_fetch_snapshot_license_and_QA,owid-farmed-fish-killed,,,,farmed fish proxy
release-candidate-2026-07-07.country-context.v0,MLI,Mali,country:MLI,owid_wild_caught_fish,False,candidate_pending_fetch_snapshot_license_and_QA,owid-wild-caught-fish,,,,wild caught fish proxy
release-candidate-2026-07-07.country-context.v0,MLI,Mali,country:MLI,owid_farmed_crustaceans,False,candidate_pending_fetch_snapshot_license_and_QA,owid-farmed-crustaceans,,,,farmed crustacean proxy
release-candidate-2026-07-07.country-context.v0,MLI,Mali,country:MLI,owid_insecticide_use_fao,False,candidate_pending_fetch_snapshot_license_and_QA,owid-insecticide-use-fao,,,,insecticide use proxy from FAOSTAT via OWID
release-candidate-2026-07-07.country-context.v0,MLI,Mali,country:MLI,fishcount_farmed_fish_terms_review,False,candidate_pending_fetch_snapshot_license_and_QA,fishcount-farmed-fish,,,,block until redistribution terms verified
release-candidate-2026-07-07.country-context.v0,MLI,Mali,country:MLI,fishcount_wild_fish_terms_review,False,candidate_pending_fetch_snapshot_license_and_QA,fishcount-wild-fish,,,,block until redistribution terms verified
release-candidate-2026-07-07.country-context.v0,MLI,Mali,country:MLI,fishcount_crustaceans_terms_review,False,candidate_pending_fetch_snapshot_license_and_QA,fishcount-farmed-decapods,,,,block until redistribution terms verified
release-candidate-2026-07-07.country-context.v0,MLT,Malta,country:MLT,identity_boundary,True,candidate_pending_fetch_snapshot_license_and_QA,natural-earth-admin0;geoboundaries-adm1,,,,boundaries/context only
release-candidate-2026-07-07.country-context.v0,MLT,Malta,country:MLT,wdi_population_land_agriculture,True,candidate_pending_fetch_snapshot_license_and_QA,world-bank-wdi-api,,,,"population, land area, agricultural land denominators"
release-candidate-2026-07-07.country-context.v0,MLT,Malta,country:MLT,owid_land_animals_slaughtered,True,candidate_pending_fetch_snapshot_license_and_QA,owid-land-animals-slaughtered,,,,land animal slaughter proxy
release-candidate-2026-07-07.country-context.v0,MLT,Malta,country:MLT,owid_farmed_fish,False,candidate_pending_fetch_snapshot_license_and_QA,owid-farmed-fish-killed,,,,farmed fish proxy
release-candidate-2026-07-07.country-context.v0,MLT,Malta,country:MLT,owid_wild_caught_fish,False,candidate_pending_fetch_snapshot_license_and_QA,owid-wild-caught-fish,,,,wild caught fish proxy
release-candidate-2026-07-07.country-context.v0,MLT,Malta,country:MLT,owid_farmed_crustaceans,False,candidate_pending_fetch_snapshot_license_and_QA,owid-farmed-crustaceans,,,,farmed crustacean proxy
release-candidate-2026-07-07.country-context.v0,MLT,Malta,country:MLT,owid_insecticide_use_fao,False,candidate_pending_fetch_snapshot_license_and_QA,owid-insecticide-use-fao,,,,insecticide use proxy from FAOSTAT via OWID
release-candidate-2026-07-07.country-context.v0,MLT,Malta,country:MLT,fishcount_farmed_fish_terms_review,False,candidate_pending_fetch_snapshot_license_and_QA,fishcount-farmed-fish,,,,block until redistribution terms verified
release-candidate-2026-07-07.country-context.v0,MLT,Malta,country:MLT,fishcount_wild_fish_terms_review,False,candidate_pending_fetch_snapshot_license_and_QA,fishcount-wild-fish,,,,block until redistribution terms verified
release-candidate-2026-07-07.country-context.v0,MLT,Malta,country:MLT,fishcount_crustaceans_terms_review,False,candidate_pending_fetch_snapshot_license_and_QA,fishcount-farmed-decapods,,,,block until redistribution terms verified
release-candidate-2026-07-07.country-context.v0,MMR,Myanmar,country:MMR,identity_boundary,True,candidate_pending_fetch_snapshot_license_and_QA,natural-earth-admin0;geoboundaries-adm1,,,,boundaries/context only
release-candidate-2026-07-07.country-context.v0,MMR,Myanmar,country:MMR,wdi_population_land_agriculture,True,candidate_pending_fetch_snapshot_license_and_QA,world-bank-wdi-api,,,,"population, land area, agricultural land denominators"
release-candidate-2026-07-07.country-context.v0,MMR,Myanmar,country:MMR,owid_land_animals_slaughtered,True,candidate_pending_fetch_snapshot_license_and_QA,owid-land-animals-slaughtered,,,,land animal slaughter proxy
release-candidate-2026-07-07.country-context.v0,MMR,Myanmar,country:MMR,owid_farmed_fish,False,candidate_pending_fetch_snapshot_license_and_QA,owid-farmed-fish-killed,,,,farmed fish proxy
release-candidate-2026-07-07.country-context.v0,MMR,Myanmar,country:MMR,owid_wild_caught_fish,False,candidate_pending_fetch_snapshot_license_and_QA,owid-wild-caught-fish,,,,wild caught fish proxy
release-candidate-2026-07-07.country-context.v0,MMR,Myanmar,country:MMR,owid_farmed_crustaceans,False,candidate_pending_fetch_snapshot_license_and_QA,owid-farmed-crustaceans,,,,farmed crustacean proxy
release-candidate-2026-07-07.country-context.v0,MMR,Myanmar,country:MMR,owid_insecticide_use_fao,False,candidate_pending_fetch_snapshot_license_and_QA,owid-insecticide-use-fao,,,,insecticide use proxy from FAOSTAT via OWID
release-candidate-2026-07-07.country-context.v0,MMR,Myanmar,country:MMR,fishcount_farmed_fish_terms_review,False,candidate_pending_fetch_snapshot_license_and_QA,fishcount-farmed-fish,,,,block until redistribution terms verified
release-candidate-2026-07-07.country-context.v0,MMR,Myanmar,country:MMR,fishcount_wild_fish_terms_review,False,candidate_pending_fetch_snapshot_license_and_QA,fishcount-wild-fish,,,,block until redistribution terms verified
release-candidate-2026-07-07.country-context.v0,MMR,Myanmar,country:MMR,fishcount_crustaceans_terms_review,False,candidate_pending_fetch_snapshot_license_and_QA,fishcount-farmed-decapods,,,,block until redistribution terms verified
release-candidate-2026-07-07.country-context.v0,MNE,Montenegro,country:MNE,identity_boundary,True,candidate_pending_fetch_snapshot_license_and_QA,natural-earth-admin0;geoboundaries-adm1,,,,boundaries/context only
release-candidate-2026-07-07.country-context.v0,MNE,Montenegro,country:MNE,wdi_population_land_agriculture,True,candidate_pending_fetch_snapshot_license_and_QA,world-bank-wdi-api,,,,"population, land area, agricultural land denominators"
release-candidate-2026-07-07.country-context.v0,MNE,Montenegro,country:MNE,owid_land_animals_slaughtered,True,candidate_pending_fetch_snapshot_license_and_QA,owid-land-animals-slaughtered,,,,land animal slaughter proxy
release-candidate-2026-07-07.country-context.v0,MNE,Montenegro,country:MNE,owid_farmed_fish,False,candidate_pending_fetch_snapshot_license_and_QA,owid-farmed-fish-killed,,,,farmed fish proxy
release-candidate-2026-07-07.country-context.v0,MNE,Montenegro,country:MNE,owid_wild_caught_fish,False,candidate_pending_fetch_snapshot_license_and_QA,owid-wild-caught-fish,,,,wild caught fish proxy
release-candidate-2026-07-07.country-context.v0,MNE,Montenegro,country:MNE,owid_farmed_crustaceans,False,candidate_pending_fetch_snapshot_license_and_QA,owid-farmed-crustaceans,,,,farmed crustacean proxy
release-candidate-2026-07-07.country-context.v0,MNE,Montenegro,country:MNE,owid_insecticide_use_fao,False,candidate_pending_fetch_snapshot_license_and_QA,owid-insecticide-use-fao,,,,insecticide use proxy from FAOSTAT via OWID
release-candidate-2026-07-07.country-context.v0,MNE,Montenegro,country:MNE,fishcount_farmed_fish_terms_review,False,candidate_pending_fetch_snapshot_license_and_QA,fishcount-farmed-fish,,,,block until redistribution terms verified
release-candidate-2026-07-07.country-context.v0,MNE,Montenegro,country:MNE,fishcount_wild_fish_terms_review,False,candidate_pending_fetch_snapshot_license_and_QA,fishcount-wild-fish,,,,block until redistribution terms verified
release-candidate-2026-07-07.country-context.v0,MNE,Montenegro,country:MNE,fishcount_crustaceans_terms_review,False,candidate_pending_fetch_snapshot_license_and_QA,fishcount-farmed-decapods,,,,block until redistribution terms verified
release-candidate-2026-07-07.country-context.v0,MNG,Mongolia,country:MNG,identity_boundary,True,candidate_pending_fetch_snapshot_license_and_QA,natural-earth-admin0;geoboundaries-adm1,,,,boundaries/context only
release-candidate-2026-07-07.country-context.v0,MNG,Mongolia,country:MNG,wdi_population_land_agriculture,True,candidate_pending_fetch_snapshot_license_and_QA,world-bank-wdi-api,,,,"population, land area, agricultural land denominators"
release-candidate-2026-07-07.country-context.v0,MNG,Mongolia,country:MNG,owid_land_animals_slaughtered,True,candidate_pending_fetch_snapshot_license_and_QA,owid-land-animals-slaughtered,,,,land animal slaughter proxy
release-candidate-2026-07-07.country-context.v0,MNG,Mongolia,country:MNG,owid_farmed_fish,False,candidate_pending_fetch_snapshot_license_and_QA,owid-farmed-fish-killed,,,,farmed fish proxy
release-candidate-2026-07-07.country-context.v0,MNG,Mongolia,country:MNG,owid_wild_caught_fish,False,candidate_pending_fetch_snapshot_license_and_QA,owid-wild-caught-fish,,,,wild caught fish proxy
release-candidate-2026-07-07.country-context.v0,MNG,Mongolia,country:MNG,owid_farmed_crustaceans,False,candidate_pending_fetch_snapshot_license_and_QA,owid-farmed-crustaceans,,,,farmed crustacean proxy
release-candidate-2026-07-07.country-context.v0,MNG,Mongolia,country:MNG,owid_insecticide_use_fao,False,candidate_pending_fetch_snapshot_license_and_QA,owid-insecticide-use-fao,,,,insecticide use proxy from FAOSTAT via OWID
release-candidate-2026-07-07.country-context.v0,MNG,Mongolia,country:MNG,fishcount_farmed_fish_terms_review,False,candidate_pending_fetch_snapshot_license_and_QA,fishcount-farmed-fish,,,,block until redistribution terms verified
release-candidate-2026-07-07.country-context.v0,MNG,Mongolia,country:MNG,fishcount_wild_fish_terms_review,False,candidate_pending_fetch_snapshot_license_and_QA,fishcount-wild-fish,,,,block until redistribution terms verified
release-candidate-2026-07-07.country-context.v0,MNG,Mongolia,country:MNG,fishcount_crustaceans_terms_review,False,candidate_pending_fetch_snapshot_license_and_QA,fishcount-farmed-decapods,,,,block until redistribution terms verified
release-candidate-2026-07-07.country-context.v0,MNP,Northern Mariana Islands,country:MNP,identity_boundary,True,candidate_pending_fetch_snapshot_license_and_QA,natural-earth-admin0;geoboundaries-adm1,,,,boundaries/context only
release-candidate-2026-07-07.country-context.v0,MNP,Northern Mariana Islands,country:MNP,wdi_population_land_agriculture,True,candidate_pending_fetch_snapshot_license_and_QA,world-bank-wdi-api,,,,"population, land area, agricultural land denominators"
release-candidate-2026-07-07.country-context.v0,MNP,Northern Mariana Islands,country:MNP,owid_land_animals_slaughtered,True,candidate_pending_fetch_snapshot_license_and_QA,owid-land-animals-slaughtered,,,,land animal slaughter proxy
release-candidate-2026-07-07.country-context.v0,MNP,Northern Mariana Islands,country:MNP,owid_farmed_fish,False,candidate_pending_fetch_snapshot_license_and_QA,owid-farmed-fish-killed,,,,farmed fish proxy
release-candidate-2026-07-07.country-context.v0,MNP,Northern Mariana Islands,country:MNP,owid_wild_caught_fish,False,candidate_pending_fetch_snapshot_license_and_QA,owid-wild-caught-fish,,,,wild caught fish proxy
release-candidate-2026-07-07.country-context.v0,MNP,Northern Mariana Islands,country:MNP,owid_farmed_crustaceans,False,candidate_pending_fetch_snapshot_license_and_QA,owid-farmed-crustaceans,,,,farmed crustacean proxy
release-candidate-2026-07-07.country-context.v0,MNP,Northern Mariana Islands,country:MNP,owid_insecticide_use_fao,False,candidate_pending_fetch_snapshot_license_and_QA,owid-insecticide-use-fao,,,,insecticide use proxy from FAOSTAT via OWID
release-candidate-2026-07-07.country-context.v0,MNP,Northern Mariana Islands,country:MNP,fishcount_farmed_fish_terms_review,False,candidate_pending_fetch_snapshot_license_and_QA,fishcount-farmed-fish,,,,block until redistribution terms verified
release-candidate-2026-07-07.country-context.v0,MNP,Northern Mariana Islands,country:MNP,fishcount_wild_fish_terms_review,False,candidate_pending_fetch_snapshot_license_and_QA,fishcount-wild-fish,,,,block until redistribution terms verified
release-candidate-2026-07-07.country-context.v0,MNP,Northern Mariana Islands,country:MNP,fishcount_crustaceans_terms_review,False,candidate_pending_fetch_snapshot_license_and_QA,fishcount-farmed-decapods,,,,block until redistribution terms verified
release-candidate-2026-07-07.country-context.v0,MOZ,Mozambique,country:MOZ,identity_boundary,True,candidate_pending_fetch_snapshot_license_and_QA,natural-earth-admin0;geoboundaries-adm1,,,,boundaries/context only
release-candidate-2026-07-07.country-context.v0,MOZ,Mozambique,country:MOZ,wdi_population_land_agriculture,True,candidate_pending_fetch_snapshot_license_and_QA,world-bank-wdi-api,,,,"population, land area, agricultural land denominators"
release-candidate-2026-07-07.country-context.v0,MOZ,Mozambique,country:MOZ,owid_land_animals_slaughtered,True,candidate_pending_fetch_snapshot_license_and_QA,owid-land-animals-slaughtered,,,,land animal slaughter proxy
release-candidate-2026-07-07.country-context.v0,MOZ,Mozambique,country:MOZ,owid_farmed_fish,False,candidate_pending_fetch_snapshot_license_and_QA,owid-farmed-fish-killed,,,,farmed fish proxy
release-candidate-2026-07-07.country-context.v0,MOZ,Mozambique,country:MOZ,owid_wild_caught_fish,False,candidate_pending_fetch_snapshot_license_and_QA,owid-wild-caught-fish,,,,wild caught fish proxy
release-candidate-2026-07-07.country-context.v0,MOZ,Mozambique,country:MOZ,owid_farmed_crustaceans,False,candidate_pending_fetch_snapshot_license_and_QA,owid-farmed-crustaceans,,,,farmed crustacean proxy
release-candidate-2026-07-07.country-context.v0,MOZ,Mozambique,country:MOZ,owid_insecticide_use_fao,False,candidate_pending_fetch_snapshot_license_and_QA,owid-insecticide-use-fao,,,,insecticide use proxy from FAOSTAT via OWID
release-candidate-2026-07-07.country-context.v0,MOZ,Mozambique,country:MOZ,fishcount_farmed_fish_terms_review,False,candidate_pending_fetch_snapshot_license_and_QA,fishcount-farmed-fish,,,,block until redistribution terms verified
release-candidate-2026-07-07.country-context.v0,MOZ,Mozambique,country:MOZ,fishcount_wild_fish_terms_review,False,candidate_pending_fetch_snapshot_license_and_QA,fishcount-wild-fish,,,,block until redistribution terms verified
release-candidate-2026-07-07.country-context.v0,MOZ,Mozambique,country:MOZ,fishcount_crustaceans_terms_review,False,candidate_pending_fetch_snapshot_license_and_QA,fishcount-farmed-decapods,,,,block until redistribution terms verified
release-candidate-2026-07-07.country-context.v0,MRT,Mauritania,country:MRT,identity_boundary,True,candidate_pending_fetch_snapshot_license_and_QA,natural-earth-admin0;geoboundaries-adm1,,,,boundaries/context only
release-candidate-2026-07-07.country-context.v0,MRT,Mauritania,country:MRT,wdi_population_land_agriculture,True,candidate_pending_fetch_snapshot_license_and_QA,world-bank-wdi-api,,,,"population, land area, agricultural land denominators"
release-candidate-2026-07-07.country-context.v0,MRT,Mauritania,country:MRT,owid_land_animals_slaughtered,True,candidate_pending_fetch_snapshot_license_and_QA,owid-land-animals-slaughtered,,,,land animal slaughter proxy
release-candidate-2026-07-07.country-context.v0,MRT,Mauritania,country:MRT,owid_farmed_fish,False,candidate_pending_fetch_snapshot_license_and_QA,owid-farmed-fish-killed,,,,farmed fish proxy
release-candidate-2026-07-07.country-context.v0,MRT,Mauritania,country:MRT,owid_wild_caught_fish,False,candidate_pending_fetch_snapshot_license_and_QA,owid-wild-caught-fish,,,,wild caught fish proxy
release-candidate-2026-07-07.country-context.v0,MRT,Mauritania,country:MRT,owid_farmed_crustaceans,False,candidate_pending_fetch_snapshot_license_and_QA,owid-farmed-crustaceans,,,,farmed crustacean proxy
release-candidate-2026-07-07.country-context.v0,MRT,Mauritania,country:MRT,owid_insecticide_use_fao,False,candidate_pending_fetch_snapshot_license_and_QA,owid-insecticide-use-fao,,,,insecticide use proxy from FAOSTAT via OWID
release-candidate-2026-07-07.country-context.v0,MRT,Mauritania,country:MRT,fishcount_farmed_fish_terms_review,False,candidate_pending_fetch_snapshot_license_and_QA,fishcount-farmed-fish,,,,block until redistribution terms verified
release-candidate-2026-07-07.country-context.v0,MRT,Mauritania,country:MRT,fishcount_wild_fish_terms_review,False,candidate_pending_fetch_snapshot_license_and_QA,fishcount-wild-fish,,,,block until redistribution terms verified
release-candidate-2026-07-07.country-context.v0,MRT,Mauritania,country:MRT,fishcount_crustaceans_terms_review,False,candidate_pending_fetch_snapshot_license_and_QA,fishcount-farmed-decapods,,,,block until redistribution terms verified
release-candidate-2026-07-07.country-context.v0,MSR,Montserrat,country:MSR,identity_boundary,True,candidate_pending_fetch_snapshot_license_and_QA,natural-earth-admin0;geoboundaries-adm1,,,,boundaries/context only
release-candidate-2026-07-07.country-context.v0,MSR,Montserrat,country:MSR,wdi_population_land_agriculture,True,candidate_pending_fetch_snapshot_license_and_QA,world-bank-wdi-api,,,,"population, land area, agricultural land denominators"
release-candidate-2026-07-07.country-context.v0,MSR,Montserrat,country:MSR,owid_land_animals_slaughtered,True,candidate_pending_fetch_snapshot_license_and_QA,owid-land-animals-slaughtered,,,,land animal slaughter proxy
release-candidate-2026-07-07.country-context.v0,MSR,Montserrat,country:MSR,owid_farmed_fish,False,candidate_pending_fetch_snapshot_license_and_QA,owid-farmed-fish-killed,,,,farmed fish proxy
release-candidate-2026-07-07.country-context.v0,MSR,Montserrat,country:MSR,owid_wild_caught_fish,False,candidate_pending_fetch_snapshot_license_and_QA,owid-wild-caught-fish,,,,wild caught fish proxy
release-candidate-2026-07-07.country-context.v0,MSR,Montserrat,country:MSR,owid_farmed_crustaceans,False,candidate_pending_fetch_snapshot_license_and_QA,owid-farmed-crustaceans,,,,farmed crustacean proxy
release-candidate-2026-07-07.country-context.v0,MSR,Montserrat,country:MSR,owid_insecticide_use_fao,False,candidate_pending_fetch_snapshot_license_and_QA,owid-insecticide-use-fao,,,,insecticide use proxy from FAOSTAT via OWID
release-candidate-2026-07-07.country-context.v0,MSR,Montserrat,country:MSR,fishcount_farmed_fish_terms_review,False,candidate_pending_fetch_snapshot_license_and_QA,fishcount-farmed-fish,,,,block until redistribution terms verified
release-candidate-2026-07-07.country-context.v0,MSR,Montserrat,country:MSR,fishcount_wild_fish_terms_review,False,candidate_pending_fetch_snapshot_license_and_QA,fishcount-wild-fish,,,,block until redistribution terms verified
release-candidate-2026-07-07.country-context.v0,MSR,Montserrat,country:MSR,fishcount_crustaceans_terms_review,False,candidate_pending_fetch_snapshot_license_and_QA,fishcount-farmed-decapods,,,,block until redistribution terms verified
release-candidate-2026-07-07.country-context.v0,MTQ,Martinique,country:MTQ,identity_boundary,True,candidate_pending_fetch_snapshot_license_and_QA,natural-earth-admin0;geoboundaries-adm1,,,,boundaries/context only
release-candidate-2026-07-07.country-context.v0,MTQ,Martinique,country:MTQ,wdi_population_land_agriculture,True,candidate_pending_fetch_snapshot_license_and_QA,world-bank-wdi-api,,,,"population, land area, agricultural land denominators"
release-candidate-2026-07-07.country-context.v0,MTQ,Martinique,country:MTQ,owid_land_animals_slaughtered,True,candidate_pending_fetch_snapshot_license_and_QA,owid-land-animals-slaughtered,,,,land animal slaughter proxy
release-candidate-2026-07-07.country-context.v0,MTQ,Martinique,country:MTQ,owid_farmed_fish,False,candidate_pending_fetch_snapshot_license_and_QA,owid-farmed-fish-killed,,,,farmed fish proxy
release-candidate-2026-07-07.country-context.v0,MTQ,Martinique,country:MTQ,owid_wild_caught_fish,False,candidate_pending_fetch_snapshot_license_and_QA,owid-wild-caught-fish,,,,wild caught fish proxy
release-candidate-2026-07-07.country-context.v0,MTQ,Martinique,country:MTQ,owid_farmed_crustaceans,False,candidate_pending_fetch_snapshot_license_and_QA,owid-farmed-crustaceans,,,,farmed crustacean proxy
release-candidate-2026-07-07.country-context.v0,MTQ,Martinique,country:MTQ,owid_insecticide_use_fao,False,candidate_pending_fetch_snapshot_license_and_QA,owid-insecticide-use-fao,,,,insecticide use proxy from FAOSTAT via OWID
release-candidate-2026-07-07.country-context.v0,MTQ,Martinique,country:MTQ,fishcount_farmed_fish_terms_review,False,candidate_pending_fetch_snapshot_license_and_QA,fishcount-farmed-fish,,,,block until redistribution terms verified
release-candidate-2026-07-07.country-context.v0,MTQ,Martinique,country:MTQ,fishcount_wild_fish_terms_review,False,candidate_pending_fetch_snapshot_license_and_QA,fishcount-wild-fish,,,,block until redistribution terms verified
release-candidate-2026-07-07.country-context.v0,MTQ,Martinique,country:MTQ,fishcount_crustaceans_terms_review,False,candidate_pending_fetch_snapshot_license_and_QA,fishcount-farmed-decapods,,,,block until redistribution terms verified
release-candidate-2026-07-07.country-context.v0,MUS,Mauritius,country:MUS,identity_boundary,True,candidate_pending_fetch_snapshot_license_and_QA,natural-earth-admin0;geoboundaries-adm1,,,,boundaries/context only
release-candidate-2026-07-07.country-context.v0,MUS,Mauritius,country:MUS,wdi_population_land_agriculture,True,candidate_pending_fetch_snapshot_license_and_QA,world-bank-wdi-api,,,,"population, land area, agricultural land denominators"
release-candidate-2026-07-07.country-context.v0,MUS,Mauritius,country:MUS,owid_land_animals_slaughtered,True,candidate_pending_fetch_snapshot_license_and_QA,owid-land-animals-slaughtered,,,,land animal slaughter proxy
release-candidate-2026-07-07.country-context.v0,MUS,Mauritius,country:MUS,owid_farmed_fish,False,candidate_pending_fetch_snapshot_license_and_QA,owid-farmed-fish-killed,,,,farmed fish proxy
release-candidate-2026-07-07.country-context.v0,MUS,Mauritius,country:MUS,owid_wild_caught_fish,False,candidate_pending_fetch_snapshot_license_and_QA,owid-wild-caught-fish,,,,wild caught fish proxy
release-candidate-2026-07-07.country-context.v0,MUS,Mauritius,country:MUS,owid_farmed_crustaceans,False,candidate_pending_fetch_snapshot_license_and_QA,owid-farmed-crustaceans,,,,farmed crustacean proxy
release-candidate-2026-07-07.country-context.v0,MUS,Mauritius,country:MUS,owid_insecticide_use_fao,False,candidate_pending_fetch_snapshot_license_and_QA,owid-insecticide-use-fao,,,,insecticide use proxy from FAOSTAT via OWID
release-candidate-2026-07-07.country-context.v0,MUS,Mauritius,country:MUS,fishcount_farmed_fish_terms_review,False,candidate_pending_fetch_snapshot_license_and_QA,fishcount-farmed-fish,,,,block until redistribution terms verified
release-candidate-2026-07-07.country-context.v0,MUS,Mauritius,country:MUS,fishcount_wild_fish_terms_review,False,candidate_pending_fetch_snapshot_license_and_QA,fishcount-wild-fish,,,,block until redistribution terms verified
release-candidate-2026-07-07.country-context.v0,MUS,Mauritius,country:MUS,fishcount_crustaceans_terms_review,False,candidate_pending_fetch_snapshot_license_and_QA,fishcount-farmed-decapods,,,,block until redistribution terms verified
release-candidate-2026-07-07.country-context.v0,MWI,Malawi,country:MWI,identity_boundary,True,candidate_pending_fetch_snapshot_license_and_QA,natural-earth-admin0;geoboundaries-adm1,,,,boundaries/context only
release-candidate-2026-07-07.country-context.v0,MWI,Malawi,country:MWI,wdi_population_land_agriculture,True,candidate_pending_fetch_snapshot_license_and_QA,world-bank-wdi-api,,,,"population, land area, agricultural land denominators"
release-candidate-2026-07-07.country-context.v0,MWI,Malawi,country:MWI,owid_land_animals_slaughtered,True,candidate_pending_fetch_snapshot_license_and_QA,owid-land-animals-slaughtered,,,,land animal slaughter proxy
release-candidate-2026-07-07.country-context.v0,MWI,Malawi,country:MWI,owid_farmed_fish,False,candidate_pending_fetch_snapshot_license_and_QA,owid-farmed-fish-killed,,,,farmed fish proxy
release-candidate-2026-07-07.country-context.v0,MWI,Malawi,country:MWI,owid_wild_caught_fish,False,candidate_pending_fetch_snapshot_license_and_QA,owid-wild-caught-fish,,,,wild caught fish proxy
release-candidate-2026-07-07.country-context.v0,MWI,Malawi,country:MWI,owid_farmed_crustaceans,False,candidate_pending_fetch_snapshot_license_and_QA,owid-farmed-crustaceans,,,,farmed crustacean proxy
release-candidate-2026-07-07.country-context.v0,MWI,Malawi,country:MWI,owid_insecticide_use_fao,False,candidate_pending_fetch_snapshot_license_and_QA,owid-insecticide-use-fao,,,,insecticide use proxy from FAOSTAT via OWID
release-candidate-2026-07-07.country-context.v0,MWI,Malawi,country:MWI,fishcount_farmed_fish_terms_review,False,candidate_pending_fetch_snapshot_license_and_QA,fishcount-farmed-fish,,,,block until redistribution terms verified
release-candidate-2026-07-07.country-context.v0,MWI,Malawi,country:MWI,fishcount_wild_fish_terms_review,False,candidate_pending_fetch_snapshot_license_and_QA,fishcount-wild-fish,,,,block until redistribution terms verified
release-candidate-2026-07-07.country-context.v0,MWI,Malawi,country:MWI,fishcount_crustaceans_terms_review,False,candidate_pending_fetch_snapshot_license_and_QA,fishcount-farmed-decapods,,,,block until redistribution terms verified
release-candidate-2026-07-07.country-context.v0,MYS,Malaysia,country:MYS,identity_boundary,True,candidate_pending_fetch_snapshot_license_and_QA,natural-earth-admin0;geoboundaries-adm1,,,,boundaries/context only
release-candidate-2026-07-07.country-context.v0,MYS,Malaysia,country:MYS,wdi_population_land_agriculture,True,candidate_pending_fetch_snapshot_license_and_QA,world-bank-wdi-api,,,,"population, land area, agricultural land denominators"
release-candidate-2026-07-07.country-context.v0,MYS,Malaysia,country:MYS,owid_land_animals_slaughtered,True,candidate_pending_fetch_snapshot_license_and_QA,owid-land-animals-slaughtered,,,,land animal slaughter proxy
release-candidate-2026-07-07.country-context.v0,MYS,Malaysia,country:MYS,owid_farmed_fish,False,candidate_pending_fetch_snapshot_license_and_QA,owid-farmed-fish-killed,,,,farmed fish proxy
release-candidate-2026-07-07.country-context.v0,MYS,Malaysia,country:MYS,owid_wild_caught_fish,False,candidate_pending_fetch_snapshot_license_and_QA,owid-wild-caught-fish,,,,wild caught fish proxy
release-candidate-2026-07-07.country-context.v0,MYS,Malaysia,country:MYS,owid_farmed_crustaceans,False,candidate_pending_fetch_snapshot_license_and_QA,owid-farmed-crustaceans,,,,farmed crustacean proxy
release-candidate-2026-07-07.country-context.v0,MYS,Malaysia,country:MYS,owid_insecticide_use_fao,False,candidate_pending_fetch_snapshot_license_and_QA,owid-insecticide-use-fao,,,,insecticide use proxy from FAOSTAT via OWID
release-candidate-2026-07-07.country-context.v0,MYS,Malaysia,country:MYS,fishcount_farmed_fish_terms_review,False,candidate_pending_fetch_snapshot_license_and_QA,fishcount-farmed-fish,,,,block until redistribution terms verified
release-candidate-2026-07-07.country-context.v0,MYS,Malaysia,country:MYS,fishcount_wild_fish_terms_review,False,candidate_pending_fetch_snapshot_license_and_QA,fishcount-wild-fish,,,,block until redistribution terms verified
release-candidate-2026-07-07.country-context.v0,MYS,Malaysia,country:MYS,fishcount_crustaceans_terms_review,False,candidate_pending_fetch_snapshot_license_and_QA,fishcount-farmed-decapods,,,,block until redistribution terms verified
release-candidate-2026-07-07.country-context.v0,MYT,Mayotte,country:MYT,identity_boundary,True,candidate_pending_fetch_snapshot_license_and_QA,natural-earth-admin0;geoboundaries-adm1,,,,boundaries/context only
release-candidate-2026-07-07.country-context.v0,MYT,Mayotte,country:MYT,wdi_population_land_agriculture,True,candidate_pending_fetch_snapshot_license_and_QA,world-bank-wdi-api,,,,"population, land area, agricultural land denominators"
release-candidate-2026-07-07.country-context.v0,MYT,Mayotte,country:MYT,owid_land_animals_slaughtered,True,candidate_pending_fetch_snapshot_license_and_QA,owid-land-animals-slaughtered,,,,land animal slaughter proxy
release-candidate-2026-07-07.country-context.v0,MYT,Mayotte,country:MYT,owid_farmed_fish,False,candidate_pending_fetch_snapshot_license_and_QA,owid-farmed-fish-killed,,,,farmed fish proxy
release-candidate-2026-07-07.country-context.v0,MYT,Mayotte,country:MYT,owid_wild_caught_fish,False,candidate_pending_fetch_snapshot_license_and_QA,owid-wild-caught-fish,,,,wild caught fish proxy
release-candidate-2026-07-07.country-context.v0,MYT,Mayotte,country:MYT,owid_farmed_crustaceans,False,candidate_pending_fetch_snapshot_license_and_QA,owid-farmed-crustaceans,,,,farmed crustacean proxy
release-candidate-2026-07-07.country-context.v0,MYT,Mayotte,country:MYT,owid_insecticide_use_fao,False,candidate_pending_fetch_snapshot_license_and_QA,owid-insecticide-use-fao,,,,insecticide use proxy from FAOSTAT via OWID
release-candidate-2026-07-07.country-context.v0,MYT,Mayotte,country:MYT,fishcount_farmed_fish_terms_review,False,candidate_pending_fetch_snapshot_license_and_QA,fishcount-farmed-fish,,,,block until redistribution terms verified
release-candidate-2026-07-07.country-context.v0,MYT,Mayotte,country:MYT,fishcount_wild_fish_terms_review,False,candidate_pending_fetch_snapshot_license_and_QA,fishcount-wild-fish,,,,block until redistribution terms verified
release-candidate-2026-07-07.country-context.v0,MYT,Mayotte,country:MYT,fishcount_crustaceans_terms_review,False,candidate_pending_fetch_snapshot_license_and_QA,fishcount-farmed-decapods,,,,block until redistribution terms verified
release-candidate-2026-07-07.country-context.v0,NAM,Namibia,country:NAM,identity_boundary,True,candidate_pending_fetch_snapshot_license_and_QA,natural-earth-admin0;geoboundaries-adm1,,,,boundaries/context only
release-candidate-2026-07-07.country-context.v0,NAM,Namibia,country:NAM,wdi_population_land_agriculture,True,candidate_pending_fetch_snapshot_license_and_QA,world-bank-wdi-api,,,,"population, land area, agricultural land denominators"
release-candidate-2026-07-07.country-context.v0,NAM,Namibia,country:NAM,owid_land_animals_slaughtered,True,candidate_pending_fetch_snapshot_license_and_QA,owid-land-animals-slaughtered,,,,land animal slaughter proxy
release-candidate-2026-07-07.country-context.v0,NAM,Namibia,country:NAM,owid_farmed_fish,False,candidate_pending_fetch_snapshot_license_and_QA,owid-farmed-fish-killed,,,,farmed fish proxy
release-candidate-2026-07-07.country-context.v0,NAM,Namibia,country:NAM,owid_wild_caught_fish,False,candidate_pending_fetch_snapshot_license_and_QA,owid-wild-caught-fish,,,,wild caught fish proxy
release-candidate-2026-07-07.country-context.v0,NAM,Namibia,country:NAM,owid_farmed_crustaceans,False,candidate_pending_fetch_snapshot_license_and_QA,owid-farmed-crustaceans,,,,farmed crustacean proxy
release-candidate-2026-07-07.country-context.v0,NAM,Namibia,country:NAM,owid_insecticide_use_fao,False,candidate_pending_fetch_snapshot_license_and_QA,owid-insecticide-use-fao,,,,insecticide use proxy from FAOSTAT via OWID
release-candidate-2026-07-07.country-context.v0,NAM,Namibia,country:NAM,fishcount_farmed_fish_terms_review,False,candidate_pending_fetch_snapshot_license_and_QA,fishcount-farmed-fish,,,,block until redistribution terms verified
release-candidate-2026-07-07.country-context.v0,NAM,Namibia,country:NAM,fishcount_wild_fish_terms_review,False,candidate_pending_fetch_snapshot_license_and_QA,fishcount-wild-fish,,,,block until redistribution terms verified
release-candidate-2026-07-07.country-context.v0,NAM,Namibia,country:NAM,fishcount_crustaceans_terms_review,False,candidate_pending_fetch_snapshot_license_and_QA,fishcount-farmed-decapods,,,,block until redistribution terms verified
release-candidate-2026-07-07.country-context.v0,NCL,New Caledonia,country:NCL,identity_boundary,True,candidate_pending_fetch_snapshot_license_and_QA,natural-earth-admin0;geoboundaries-adm1,,,,boundaries/context only
release-candidate-2026-07-07.country-context.v0,NCL,New Caledonia,country:NCL,wdi_population_land_agriculture,True,candidate_pending_fetch_snapshot_license_and_QA,world-bank-wdi-api,,,,"population, land area, agricultural land denominators"
release-candidate-2026-07-07.country-context.v0,NCL,New Caledonia,country:NCL,owid_land_animals_slaughtered,True,candidate_pending_fetch_snapshot_license_and_QA,owid-land-animals-slaughtered,,,,land animal slaughter proxy
release-candidate-2026-07-07.country-context.v0,NCL,New Caledonia,country:NCL,owid_farmed_fish,False,candidate_pending_fetch_snapshot_license_and_QA,owid-farmed-fish-killed,,,,farmed fish proxy
release-candidate-2026-07-07.country-context.v0,NCL,New Caledonia,country:NCL,owid_wild_caught_fish,False,candidate_pending_fetch_snapshot_license_and_QA,owid-wild-caught-fish,,,,wild caught fish proxy
release-candidate-2026-07-07.country-context.v0,NCL,New Caledonia,country:NCL,owid_farmed_crustaceans,False,candidate_pending_fetch_snapshot_license_and_QA,owid-farmed-crustaceans,,,,farmed crustacean proxy
release-candidate-2026-07-07.country-context.v0,NCL,New Caledonia,country:NCL,owid_insecticide_use_fao,False,candidate_pending_fetch_snapshot_license_and_QA,owid-insecticide-use-fao,,,,insecticide use proxy from FAOSTAT via OWID
release-candidate-2026-07-07.country-context.v0,NCL,New Caledonia,country:NCL,fishcount_farmed_fish_terms_review,False,candidate_pending_fetch_snapshot_license_and_QA,fishcount-farmed-fish,,,,block until redistribution terms verified
release-candidate-2026-07-07.country-context.v0,NCL,New Caledonia,country:NCL,fishcount_wild_fish_terms_review,False,candidate_pending_fetch_snapshot_license_and_QA,fishcount-wild-fish,,,,block until redistribution terms verified
release-candidate-2026-07-07.country-context.v0,NCL,New Caledonia,country:NCL,fishcount_crustaceans_terms_review,False,candidate_pending_fetch_snapshot_license_and_QA,fishcount-farmed-decapods,,,,block until redistribution terms verified
release-candidate-2026-07-07.country-context.v0,NER,Niger,country:NER,identity_boundary,True,candidate_pending_fetch_snapshot_license_and_QA,natural-earth-admin0;geoboundaries-adm1,,,,boundaries/context only
release-candidate-2026-07-07.country-context.v0,NER,Niger,country:NER,wdi_population_land_agriculture,True,candidate_pending_fetch_snapshot_license_and_QA,world-bank-wdi-api,,,,"population, land area, agricultural land denominators"
release-candidate-2026-07-07.country-context.v0,NER,Niger,country:NER,owid_land_animals_slaughtered,True,candidate_pending_fetch_snapshot_license_and_QA,owid-land-animals-slaughtered,,,,land animal slaughter proxy
release-candidate-2026-07-07.country-context.v0,NER,Niger,country:NER,owid_farmed_fish,False,candidate_pending_fetch_snapshot_license_and_QA,owid-farmed-fish-killed,,,,farmed fish proxy
release-candidate-2026-07-07.country-context.v0,NER,Niger,country:NER,owid_wild_caught_fish,False,candidate_pending_fetch_snapshot_license_and_QA,owid-wild-caught-fish,,,,wild caught fish proxy
release-candidate-2026-07-07.country-context.v0,NER,Niger,country:NER,owid_farmed_crustaceans,False,candidate_pending_fetch_snapshot_license_and_QA,owid-farmed-crustaceans,,,,farmed crustacean proxy
release-candidate-2026-07-07.country-context.v0,NER,Niger,country:NER,owid_insecticide_use_fao,False,candidate_pending_fetch_snapshot_license_and_QA,owid-insecticide-use-fao,,,,insecticide use proxy from FAOSTAT via OWID
release-candidate-2026-07-07.country-context.v0,NER,Niger,country:NER,fishcount_farmed_fish_terms_review,False,candidate_pending_fetch_snapshot_license_and_QA,fishcount-farmed-fish,,,,block until redistribution terms verified
release-candidate-2026-07-07.country-context.v0,NER,Niger,country:NER,fishcount_wild_fish_terms_review,False,candidate_pending_fetch_snapshot_license_and_QA,fishcount-wild-fish,,,,block until redistribution terms verified
release-candidate-2026-07-07.country-context.v0,NER,Niger,country:NER,fishcount_crustaceans_terms_review,False,candidate_pending_fetch_snapshot_license_and_QA,fishcount-farmed-decapods,,,,block until redistribution terms verified
release-candidate-2026-07-07.country-context.v0,NFK,Norfolk Island,country:NFK,identity_boundary,True,candidate_pending_fetch_snapshot_license_and_QA,natural-earth-admin0;geoboundaries-adm1,,,,boundaries/context only
release-candidate-2026-07-07.country-context.v0,NFK,Norfolk Island,country:NFK,wdi_population_land_agriculture,True,candidate_pending_fetch_snapshot_license_and_QA,world-bank-wdi-api,,,,"population, land area, agricultural land denominators"
release-candidate-2026-07-07.country-context.v0,NFK,Norfolk Island,country:NFK,owid_land_animals_slaughtered,True,candidate_pending_fetch_snapshot_license_and_QA,owid-land-animals-slaughtered,,,,land animal slaughter proxy
release-candidate-2026-07-07.country-context.v0,NFK,Norfolk Island,country:NFK,owid_farmed_fish,False,candidate_pending_fetch_snapshot_license_and_QA,owid-farmed-fish-killed,,,,farmed fish proxy
release-candidate-2026-07-07.country-context.v0,NFK,Norfolk Island,country:NFK,owid_wild_caught_fish,False,candidate_pending_fetch_snapshot_license_and_QA,owid-wild-caught-fish,,,,wild caught fish proxy
release-candidate-2026-07-07.country-context.v0,NFK,Norfolk Island,country:NFK,owid_farmed_crustaceans,False,candidate_pending_fetch_snapshot_license_and_QA,owid-farmed-crustaceans,,,,farmed crustacean proxy
release-candidate-2026-07-07.country-context.v0,NFK,Norfolk Island,country:NFK,owid_insecticide_use_fao,False,candidate_pending_fetch_snapshot_license_and_QA,owid-insecticide-use-fao,,,,insecticide use proxy from FAOSTAT via OWID
release-candidate-2026-07-07.country-context.v0,NFK,Norfolk Island,country:NFK,fishcount_farmed_fish_terms_review,False,candidate_pending_fetch_snapshot_license_and_QA,fishcount-farmed-fish,,,,block until redistribution terms verified
release-candidate-2026-07-07.country-context.v0,NFK,Norfolk Island,country:NFK,fishcount_wild_fish_terms_review,False,candidate_pending_fetch_snapshot_license_and_QA,fishcount-wild-fish,,,,block until redistribution terms verified
release-candidate-2026-07-07.country-context.v0,NFK,Norfolk Island,country:NFK,fishcount_crustaceans_terms_review,False,candidate_pending_fetch_snapshot_license_and_QA,fishcount-farmed-decapods,,,,block until redistribution terms verified
release-candidate-2026-07-07.country-context.v0,NGA,Nigeria,country:NGA,identity_boundary,True,candidate_pending_fetch_snapshot_license_and_QA,natural-earth-admin0;geoboundaries-adm1,,,,boundaries/context only
release-candidate-2026-07-07.country-context.v0,NGA,Nigeria,country:NGA,wdi_population_land_agriculture,True,candidate_pending_fetch_snapshot_license_and_QA,world-bank-wdi-api,,,,"population, land area, agricultural land denominators"
release-candidate-2026-07-07.country-context.v0,NGA,Nigeria,country:NGA,owid_land_animals_slaughtered,True,candidate_pending_fetch_snapshot_license_and_QA,owid-land-animals-slaughtered,,,,land animal slaughter proxy
release-candidate-2026-07-07.country-context.v0,NGA,Nigeria,country:NGA,owid_farmed_fish,False,candidate_pending_fetch_snapshot_license_and_QA,owid-farmed-fish-killed,,,,farmed fish proxy
release-candidate-2026-07-07.country-context.v0,NGA,Nigeria,country:NGA,owid_wild_caught_fish,False,candidate_pending_fetch_snapshot_license_and_QA,owid-wild-caught-fish,,,,wild caught fish proxy
release-candidate-2026-07-07.country-context.v0,NGA,Nigeria,country:NGA,owid_farmed_crustaceans,False,candidate_pending_fetch_snapshot_license_and_QA,owid-farmed-crustaceans,,,,farmed crustacean proxy
release-candidate-2026-07-07.country-context.v0,NGA,Nigeria,country:NGA,owid_insecticide_use_fao,False,candidate_pending_fetch_snapshot_license_and_QA,owid-insecticide-use-fao,,,,insecticide use proxy from FAOSTAT via OWID
release-candidate-2026-07-07.country-context.v0,NGA,Nigeria,country:NGA,fishcount_farmed_fish_terms_review,False,candidate_pending_fetch_snapshot_license_and_QA,fishcount-farmed-fish,,,,block until redistribution terms verified
release-candidate-2026-07-07.country-context.v0,NGA,Nigeria,country:NGA,fishcount_wild_fish_terms_review,False,candidate_pending_fetch_snapshot_license_and_QA,fishcount-wild-fish,,,,block until redistribution terms verified
release-candidate-2026-07-07.country-context.v0,NGA,Nigeria,country:NGA,fishcount_crustaceans_terms_review,False,candidate_pending_fetch_snapshot_license_and_QA,fishcount-farmed-decapods,,,,block until redistribution terms verified
release-candidate-2026-07-07.country-context.v0,NIC,Nicaragua,country:NIC,identity_boundary,True,candidate_pending_fetch_snapshot_license_and_QA,natural-earth-admin0;geoboundaries-adm1,,,,boundaries/context only
release-candidate-2026-07-07.country-context.v0,NIC,Nicaragua,country:NIC,wdi_population_land_agriculture,True,candidate_pending_fetch_snapshot_license_and_QA,world-bank-wdi-api,,,,"population, land area, agricultural land denominators"
release-candidate-2026-07-07.country-context.v0,NIC,Nicaragua,country:NIC,owid_land_animals_slaughtered,True,candidate_pending_fetch_snapshot_license_and_QA,owid-land-animals-slaughtered,,,,land animal slaughter proxy
release-candidate-2026-07-07.country-context.v0,NIC,Nicaragua,country:NIC,owid_farmed_fish,False,candidate_pending_fetch_snapshot_license_and_QA,owid-farmed-fish-killed,,,,farmed fish proxy
release-candidate-2026-07-07.country-context.v0,NIC,Nicaragua,country:NIC,owid_wild_caught_fish,False,candidate_pending_fetch_snapshot_license_and_QA,owid-wild-caught-fish,,,,wild caught fish proxy
release-candidate-2026-07-07.country-context.v0,NIC,Nicaragua,country:NIC,owid_farmed_crustaceans,False,candidate_pending_fetch_snapshot_license_and_QA,owid-farmed-crustaceans,,,,farmed crustacean proxy
release-candidate-2026-07-07.country-context.v0,NIC,Nicaragua,country:NIC,owid_insecticide_use_fao,False,candidate_pending_fetch_snapshot_license_and_QA,owid-insecticide-use-fao,,,,insecticide use proxy from FAOSTAT via OWID
release-candidate-2026-07-07.country-context.v0,NIC,Nicaragua,country:NIC,fishcount_farmed_fish_terms_review,False,candidate_pending_fetch_snapshot_license_and_QA,fishcount-farmed-fish,,,,block until redistribution terms verified
release-candidate-2026-07-07.country-context.v0,NIC,Nicaragua,country:NIC,fishcount_wild_fish_terms_review,False,candidate_pending_fetch_snapshot_license_and_QA,fishcount-wild-fish,,,,block until redistribution terms verified
release-candidate-2026-07-07.country-context.v0,NIC,Nicaragua,country:NIC,fishcount_crustaceans_terms_review,False,candidate_pending_fetch_snapshot_license_and_QA,fishcount-farmed-decapods,,,,block until redistribution terms verified
release-candidate-2026-07-07.country-context.v0,NIU,Niue,country:NIU,identity_boundary,True,candidate_pending_fetch_snapshot_license_and_QA,natural-earth-admin0;geoboundaries-adm1,,,,boundaries/context only
release-candidate-2026-07-07.country-context.v0,NIU,Niue,country:NIU,wdi_population_land_agriculture,True,candidate_pending_fetch_snapshot_license_and_QA,world-bank-wdi-api,,,,"population, land area, agricultural land denominators"
release-candidate-2026-07-07.country-context.v0,NIU,Niue,country:NIU,owid_land_animals_slaughtered,True,candidate_pending_fetch_snapshot_license_and_QA,owid-land-animals-slaughtered,,,,land animal slaughter proxy
release-candidate-2026-07-07.country-context.v0,NIU,Niue,country:NIU,owid_farmed_fish,False,candidate_pending_fetch_snapshot_license_and_QA,owid-farmed-fish-killed,,,,farmed fish proxy
release-candidate-2026-07-07.country-context.v0,NIU,Niue,country:NIU,owid_wild_caught_fish,False,candidate_pending_fetch_snapshot_license_and_QA,owid-wild-caught-fish,,,,wild caught fish proxy
release-candidate-2026-07-07.country-context.v0,NIU,Niue,country:NIU,owid_farmed_crustaceans,False,candidate_pending_fetch_snapshot_license_and_QA,owid-farmed-crustaceans,,,,farmed crustacean proxy
release-candidate-2026-07-07.country-context.v0,NIU,Niue,country:NIU,owid_insecticide_use_fao,False,candidate_pending_fetch_snapshot_license_and_QA,owid-insecticide-use-fao,,,,insecticide use proxy from FAOSTAT via OWID
release-candidate-2026-07-07.country-context.v0,NIU,Niue,country:NIU,fishcount_farmed_fish_terms_review,False,candidate_pending_fetch_snapshot_license_and_QA,fishcount-farmed-fish,,,,block until redistribution terms verified
release-candidate-2026-07-07.country-context.v0,NIU,Niue,country:NIU,fishcount_wild_fish_terms_review,False,candidate_pending_fetch_snapshot_license_and_QA,fishcount-wild-fish,,,,block until redistribution terms verified
release-candidate-2026-07-07.country-context.v0,NIU,Niue,country:NIU,fishcount_crustaceans_terms_review,False,candidate_pending_fetch_snapshot_license_and_QA,fishcount-farmed-decapods,,,,block until redistribution terms verified
release-candidate-2026-07-07.country-context.v0,NLD,Netherlands,country:NLD,identity_boundary,True,candidate_pending_fetch_snapshot_license_and_QA,natural-earth-admin0;geoboundaries-adm1,,,,boundaries/context only
release-candidate-2026-07-07.country-context.v0,NLD,Netherlands,country:NLD,wdi_population_land_agriculture,True,candidate_pending_fetch_snapshot_license_and_QA,world-bank-wdi-api,,,,"population, land area, agricultural land denominators"
release-candidate-2026-07-07.country-context.v0,NLD,Netherlands,country:NLD,owid_land_animals_slaughtered,True,candidate_pending_fetch_snapshot_license_and_QA,owid-land-animals-slaughtered,,,,land animal slaughter proxy
release-candidate-2026-07-07.country-context.v0,NLD,Netherlands,country:NLD,owid_farmed_fish,False,candidate_pending_fetch_snapshot_license_and_QA,owid-farmed-fish-killed,,,,farmed fish proxy
release-candidate-2026-07-07.country-context.v0,NLD,Netherlands,country:NLD,owid_wild_caught_fish,False,candidate_pending_fetch_snapshot_license_and_QA,owid-wild-caught-fish,,,,wild caught fish proxy
release-candidate-2026-07-07.country-context.v0,NLD,Netherlands,country:NLD,owid_farmed_crustaceans,False,candidate_pending_fetch_snapshot_license_and_QA,owid-farmed-crustaceans,,,,farmed crustacean proxy
release-candidate-2026-07-07.country-context.v0,NLD,Netherlands,country:NLD,owid_insecticide_use_fao,False,candidate_pending_fetch_snapshot_license_and_QA,owid-insecticide-use-fao,,,,insecticide use proxy from FAOSTAT via OWID
release-candidate-2026-07-07.country-context.v0,NLD,Netherlands,country:NLD,fishcount_farmed_fish_terms_review,False,candidate_pending_fetch_snapshot_license_and_QA,fishcount-farmed-fish,,,,block until redistribution terms verified
release-candidate-2026-07-07.country-context.v0,NLD,Netherlands,country:NLD,fishcount_wild_fish_terms_review,False,candidate_pending_fetch_snapshot_license_and_QA,fishcount-wild-fish,,,,block until redistribution terms verified
release-candidate-2026-07-07.country-context.v0,NLD,Netherlands,country:NLD,fishcount_crustaceans_terms_review,False,candidate_pending_fetch_snapshot_license_and_QA,fishcount-farmed-decapods,,,,block until redistribution terms verified
release-candidate-2026-07-07.country-context.v0,NOR,Norway,country:NOR,identity_boundary,True,candidate_pending_fetch_snapshot_license_and_QA,natural-earth-admin0;geoboundaries-adm1,,,,boundaries/context only
release-candidate-2026-07-07.country-context.v0,NOR,Norway,country:NOR,wdi_population_land_agriculture,True,candidate_pending_fetch_snapshot_license_and_QA,world-bank-wdi-api,,,,"population, land area, agricultural land denominators"
release-candidate-2026-07-07.country-context.v0,NOR,Norway,country:NOR,owid_land_animals_slaughtered,True,candidate_pending_fetch_snapshot_license_and_QA,owid-land-animals-slaughtered,,,,land animal slaughter proxy
release-candidate-2026-07-07.country-context.v0,NOR,Norway,country:NOR,owid_farmed_fish,False,candidate_pending_fetch_snapshot_license_and_QA,owid-farmed-fish-killed,,,,farmed fish proxy
release-candidate-2026-07-07.country-context.v0,NOR,Norway,country:NOR,owid_wild_caught_fish,False,candidate_pending_fetch_snapshot_license_and_QA,owid-wild-caught-fish,,,,wild caught fish proxy
release-candidate-2026-07-07.country-context.v0,NOR,Norway,country:NOR,owid_farmed_crustaceans,False,candidate_pending_fetch_snapshot_license_and_QA,owid-farmed-crustaceans,,,,farmed crustacean proxy
release-candidate-2026-07-07.country-context.v0,NOR,Norway,country:NOR,owid_insecticide_use_fao,False,candidate_pending_fetch_snapshot_license_and_QA,owid-insecticide-use-fao,,,,insecticide use proxy from FAOSTAT via OWID
release-candidate-2026-07-07.country-context.v0,NOR,Norway,country:NOR,fishcount_farmed_fish_terms_review,False,candidate_pending_fetch_snapshot_license_and_QA,fishcount-farmed-fish,,,,block until redistribution terms verified
release-candidate-2026-07-07.country-context.v0,NOR,Norway,country:NOR,fishcount_wild_fish_terms_review,False,candidate_pending_fetch_snapshot_license_and_QA,fishcount-wild-fish,,,,block until redistribution terms verified
release-candidate-2026-07-07.country-context.v0,NOR,Norway,country:NOR,fishcount_crustaceans_terms_review,False,candidate_pending_fetch_snapshot_license_and_QA,fishcount-farmed-decapods,,,,block until redistribution terms verified
release-candidate-2026-07-07.country-context.v0,NPL,Nepal,country:NPL,identity_boundary,True,candidate_pending_fetch_snapshot_license_and_QA,natural-earth-admin0;geoboundaries-adm1,,,,boundaries/context only
release-candidate-2026-07-07.country-context.v0,NPL,Nepal,country:NPL,wdi_population_land_agriculture,True,candidate_pending_fetch_snapshot_license_and_QA,world-bank-wdi-api,,,,"population, land area, agricultural land denominators"
release-candidate-2026-07-07.country-context.v0,NPL,Nepal,country:NPL,owid_land_animals_slaughtered,True,candidate_pending_fetch_snapshot_license_and_QA,owid-land-animals-slaughtered,,,,land animal slaughter proxy
release-candidate-2026-07-07.country-context.v0,NPL,Nepal,country:NPL,owid_farmed_fish,False,candidate_pending_fetch_snapshot_license_and_QA,owid-farmed-fish-killed,,,,farmed fish proxy
release-candidate-2026-07-07.country-context.v0,NPL,Nepal,country:NPL,owid_wild_caught_fish,False,candidate_pending_fetch_snapshot_license_and_QA,owid-wild-caught-fish,,,,wild caught fish proxy
release-candidate-2026-07-07.country-context.v0,NPL,Nepal,country:NPL,owid_farmed_crustaceans,False,candidate_pending_fetch_snapshot_license_and_QA,owid-farmed-crustaceans,,,,farmed crustacean proxy
release-candidate-2026-07-07.country-context.v0,NPL,Nepal,country:NPL,owid_insecticide_use_fao,False,candidate_pending_fetch_snapshot_license_and_QA,owid-insecticide-use-fao,,,,insecticide use proxy from FAOSTAT via OWID
release-candidate-2026-07-07.country-context.v0,NPL,Nepal,country:NPL,fishcount_farmed_fish_terms_review,False,candidate_pending_fetch_snapshot_license_and_QA,fishcount-farmed-fish,,,,block until redistribution terms verified
release-candidate-2026-07-07.country-context.v0,NPL,Nepal,country:NPL,fishcount_wild_fish_terms_review,False,candidate_pending_fetch_snapshot_license_and_QA,fishcount-wild-fish,,,,block until redistribution terms verified
release-candidate-2026-07-07.country-context.v0,NPL,Nepal,country:NPL,fishcount_crustaceans_terms_review,False,candidate_pending_fetch_snapshot_license_and_QA,fishcount-farmed-decapods,,,,block until redistribution terms verified
release-candidate-2026-07-07.country-context.v0,NRU,Nauru,country:NRU,identity_boundary,True,candidate_pending_fetch_snapshot_license_and_QA,natural-earth-admin0;geoboundaries-adm1,,,,boundaries/context only
release-candidate-2026-07-07.country-context.v0,NRU,Nauru,country:NRU,wdi_population_land_agriculture,True,candidate_pending_fetch_snapshot_license_and_QA,world-bank-wdi-api,,,,"population, land area, agricultural land denominators"
release-candidate-2026-07-07.country-context.v0,NRU,Nauru,country:NRU,owid_land_animals_slaughtered,True,candidate_pending_fetch_snapshot_license_and_QA,owid-land-animals-slaughtered,,,,land animal slaughter proxy
release-candidate-2026-07-07.country-context.v0,NRU,Nauru,country:NRU,owid_farmed_fish,False,candidate_pending_fetch_snapshot_license_and_QA,owid-farmed-fish-killed,,,,farmed fish proxy
release-candidate-2026-07-07.country-context.v0,NRU,Nauru,country:NRU,owid_wild_caught_fish,False,candidate_pending_fetch_snapshot_license_and_QA,owid-wild-caught-fish,,,,wild caught fish proxy
release-candidate-2026-07-07.country-context.v0,NRU,Nauru,country:NRU,owid_farmed_crustaceans,False,candidate_pending_fetch_snapshot_license_and_QA,owid-farmed-crustaceans,,,,farmed crustacean proxy
release-candidate-2026-07-07.country-context.v0,NRU,Nauru,country:NRU,owid_insecticide_use_fao,False,candidate_pending_fetch_snapshot_license_and_QA,owid-insecticide-use-fao,,,,insecticide use proxy from FAOSTAT via OWID
release-candidate-2026-07-07.country-context.v0,NRU,Nauru,country:NRU,fishcount_farmed_fish_terms_review,False,candidate_pending_fetch_snapshot_license_and_QA,fishcount-farmed-fish,,,,block until redistribution terms verified
release-candidate-2026-07-07.country-context.v0,NRU,Nauru,country:NRU,fishcount_wild_fish_terms_review,False,candidate_pending_fetch_snapshot_license_and_QA,fishcount-wild-fish,,,,block until redistribution terms verified
release-candidate-2026-07-07.country-context.v0,NRU,Nauru,country:NRU,fishcount_crustaceans_terms_review,False,candidate_pending_fetch_snapshot_license_and_QA,fishcount-farmed-decapods,,,,block until redistribution terms verified
release-candidate-2026-07-07.country-context.v0,NZL,New Zealand,country:NZL,identity_boundary,True,candidate_pending_fetch_snapshot_license_and_QA,natural-earth-admin0;geoboundaries-adm1,,,,boundaries/context only
release-candidate-2026-07-07.country-context.v0,NZL,New Zealand,country:NZL,wdi_population_land_agriculture,True,candidate_pending_fetch_snapshot_license_and_QA,world-bank-wdi-api,,,,"population, land area, agricultural land denominators"
release-candidate-2026-07-07.country-context.v0,NZL,New Zealand,country:NZL,owid_land_animals_slaughtered,True,candidate_pending_fetch_snapshot_license_and_QA,owid-land-animals-slaughtered,,,,land animal slaughter proxy
release-candidate-2026-07-07.country-context.v0,NZL,New Zealand,country:NZL,owid_farmed_fish,False,candidate_pending_fetch_snapshot_license_and_QA,owid-farmed-fish-killed,,,,farmed fish proxy
release-candidate-2026-07-07.country-context.v0,NZL,New Zealand,country:NZL,owid_wild_caught_fish,False,candidate_pending_fetch_snapshot_license_and_QA,owid-wild-caught-fish,,,,wild caught fish proxy
release-candidate-2026-07-07.country-context.v0,NZL,New Zealand,country:NZL,owid_farmed_crustaceans,False,candidate_pending_fetch_snapshot_license_and_QA,owid-farmed-crustaceans,,,,farmed crustacean proxy
release-candidate-2026-07-07.country-context.v0,NZL,New Zealand,country:NZL,owid_insecticide_use_fao,False,candidate_pending_fetch_snapshot_license_and_QA,owid-insecticide-use-fao,,,,insecticide use proxy from FAOSTAT via OWID
release-candidate-2026-07-07.country-context.v0,NZL,New Zealand,country:NZL,fishcount_farmed_fish_terms_review,False,candidate_pending_fetch_snapshot_license_and_QA,fishcount-farmed-fish,,,,block until redistribution terms verified
release-candidate-2026-07-07.country-context.v0,NZL,New Zealand,country:NZL,fishcount_wild_fish_terms_review,False,candidate_pending_fetch_snapshot_license_and_QA,fishcount-wild-fish,,,,block until redistribution terms verified
release-candidate-2026-07-07.country-context.v0,NZL,New Zealand,country:NZL,fishcount_crustaceans_terms_review,False,candidate_pending_fetch_snapshot_license_and_QA,fishcount-farmed-decapods,,,,block until redistribution terms verified
release-candidate-2026-07-07.country-context.v0,OMN,Oman,country:OMN,identity_boundary,True,candidate_pending_fetch_snapshot_license_and_QA,natural-earth-admin0;geoboundaries-adm1,,,,boundaries/context only
release-candidate-2026-07-07.country-context.v0,OMN,Oman,country:OMN,wdi_population_land_agriculture,True,candidate_pending_fetch_snapshot_license_and_QA,world-bank-wdi-api,,,,"population, land area, agricultural land denominators"
release-candidate-2026-07-07.country-context.v0,OMN,Oman,country:OMN,owid_land_animals_slaughtered,True,candidate_pending_fetch_snapshot_license_and_QA,owid-land-animals-slaughtered,,,,land animal slaughter proxy
release-candidate-2026-07-07.country-context.v0,OMN,Oman,country:OMN,owid_farmed_fish,False,candidate_pending_fetch_snapshot_license_and_QA,owid-farmed-fish-killed,,,,farmed fish proxy
release-candidate-2026-07-07.country-context.v0,OMN,Oman,country:OMN,owid_wild_caught_fish,False,candidate_pending_fetch_snapshot_license_and_QA,owid-wild-caught-fish,,,,wild caught fish proxy
release-candidate-2026-07-07.country-context.v0,OMN,Oman,country:OMN,owid_farmed_crustaceans,False,candidate_pending_fetch_snapshot_license_and_QA,owid-farmed-crustaceans,,,,farmed crustacean proxy
release-candidate-2026-07-07.country-context.v0,OMN,Oman,country:OMN,owid_insecticide_use_fao,False,candidate_pending_fetch_snapshot_license_and_QA,owid-insecticide-use-fao,,,,insecticide use proxy from FAOSTAT via OWID
release-candidate-2026-07-07.country-context.v0,OMN,Oman,country:OMN,fishcount_farmed_fish_terms_review,False,candidate_pending_fetch_snapshot_license_and_QA,fishcount-farmed-fish,,,,block until redistribution terms verified
release-candidate-2026-07-07.country-context.v0,OMN,Oman,country:OMN,fishcount_wild_fish_terms_review,False,candidate_pending_fetch_snapshot_license_and_QA,fishcount-wild-fish,,,,block until redistribution terms verified
release-candidate-2026-07-07.country-context.v0,OMN,Oman,country:OMN,fishcount_crustaceans_terms_review,False,candidate_pending_fetch_snapshot_license_and_QA,fishcount-farmed-decapods,,,,block until redistribution terms verified
release-candidate-2026-07-07.country-context.v0,PAK,Pakistan,country:PAK,identity_boundary,True,candidate_pending_fetch_snapshot_license_and_QA,natural-earth-admin0;geoboundaries-adm1,,,,boundaries/context only
release-candidate-2026-07-07.country-context.v0,PAK,Pakistan,country:PAK,wdi_population_land_agriculture,True,candidate_pending_fetch_snapshot_license_and_QA,world-bank-wdi-api,,,,"population, land area, agricultural land denominators"
release-candidate-2026-07-07.country-context.v0,PAK,Pakistan,country:PAK,owid_land_animals_slaughtered,True,candidate_pending_fetch_snapshot_license_and_QA,owid-land-animals-slaughtered,,,,land animal slaughter proxy
release-candidate-2026-07-07.country-context.v0,PAK,Pakistan,country:PAK,owid_farmed_fish,False,candidate_pending_fetch_snapshot_license_and_QA,owid-farmed-fish-killed,,,,farmed fish proxy
release-candidate-2026-07-07.country-context.v0,PAK,Pakistan,country:PAK,owid_wild_caught_fish,False,candidate_pending_fetch_snapshot_license_and_QA,owid-wild-caught-fish,,,,wild caught fish proxy
release-candidate-2026-07-07.country-context.v0,PAK,Pakistan,country:PAK,owid_farmed_crustaceans,False,candidate_pending_fetch_snapshot_license_and_QA,owid-farmed-crustaceans,,,,farmed crustacean proxy
release-candidate-2026-07-07.country-context.v0,PAK,Pakistan,country:PAK,owid_insecticide_use_fao,False,candidate_pending_fetch_snapshot_license_and_QA,owid-insecticide-use-fao,,,,insecticide use proxy from FAOSTAT via OWID
release-candidate-2026-07-07.country-context.v0,PAK,Pakistan,country:PAK,fishcount_farmed_fish_terms_review,False,candidate_pending_fetch_snapshot_license_and_QA,fishcount-farmed-fish,,,,block until redistribution terms verified
release-candidate-2026-07-07.country-context.v0,PAK,Pakistan,country:PAK,fishcount_wild_fish_terms_review,False,candidate_pending_fetch_snapshot_license_and_QA,fishcount-wild-fish,,,,block until redistribution terms verified
release-candidate-2026-07-07.country-context.v0,PAK,Pakistan,country:PAK,fishcount_crustaceans_terms_review,False,candidate_pending_fetch_snapshot_license_and_QA,fishcount-farmed-decapods,,,,block until redistribution terms verified
release-candidate-2026-07-07.country-context.v0,PAN,Panama,country:PAN,identity_boundary,True,candidate_pending_fetch_snapshot_license_and_QA,natural-earth-admin0;geoboundaries-adm1,,,,boundaries/context only
release-candidate-2026-07-07.country-context.v0,PAN,Panama,country:PAN,wdi_population_land_agriculture,True,candidate_pending_fetch_snapshot_license_and_QA,world-bank-wdi-api,,,,"population, land area, agricultural land denominators"
release-candidate-2026-07-07.country-context.v0,PAN,Panama,country:PAN,owid_land_animals_slaughtered,True,candidate_pending_fetch_snapshot_license_and_QA,owid-land-animals-slaughtered,,,,land animal slaughter proxy
release-candidate-2026-07-07.country-context.v0,PAN,Panama,country:PAN,owid_farmed_fish,False,candidate_pending_fetch_snapshot_license_and_QA,owid-farmed-fish-killed,,,,farmed fish proxy
release-candidate-2026-07-07.country-context.v0,PAN,Panama,country:PAN,owid_wild_caught_fish,False,candidate_pending_fetch_snapshot_license_and_QA,owid-wild-caught-fish,,,,wild caught fish proxy
release-candidate-2026-07-07.country-context.v0,PAN,Panama,country:PAN,owid_farmed_crustaceans,False,candidate_pending_fetch_snapshot_license_and_QA,owid-farmed-crustaceans,,,,farmed crustacean proxy
release-candidate-2026-07-07.country-context.v0,PAN,Panama,country:PAN,owid_insecticide_use_fao,False,candidate_pending_fetch_snapshot_license_and_QA,owid-insecticide-use-fao,,,,insecticide use proxy from FAOSTAT via OWID
release-candidate-2026-07-07.country-context.v0,PAN,Panama,country:PAN,fishcount_farmed_fish_terms_review,False,candidate_pending_fetch_snapshot_license_and_QA,fishcount-farmed-fish,,,,block until redistribution terms verified
release-candidate-2026-07-07.country-context.v0,PAN,Panama,country:PAN,fishcount_wild_fish_terms_review,False,candidate_pending_fetch_snapshot_license_and_QA,fishcount-wild-fish,,,,block until redistribution terms verified
release-candidate-2026-07-07.country-context.v0,PAN,Panama,country:PAN,fishcount_crustaceans_terms_review,False,candidate_pending_fetch_snapshot_license_and_QA,fishcount-farmed-decapods,,,,block until redistribution terms verified
release-candidate-2026-07-07.country-context.v0,PCN,Pitcairn,country:PCN,identity_boundary,True,candidate_pending_fetch_snapshot_license_and_QA,natural-earth-admin0;geoboundaries-adm1,,,,boundaries/context only
release-candidate-2026-07-07.country-context.v0,PCN,Pitcairn,country:PCN,wdi_population_land_agriculture,True,candidate_pending_fetch_snapshot_license_and_QA,world-bank-wdi-api,,,,"population, land area, agricultural land denominators"
release-candidate-2026-07-07.country-context.v0,PCN,Pitcairn,country:PCN,owid_land_animals_slaughtered,True,candidate_pending_fetch_snapshot_license_and_QA,owid-land-animals-slaughtered,,,,land animal slaughter proxy
release-candidate-2026-07-07.country-context.v0,PCN,Pitcairn,country:PCN,owid_farmed_fish,False,candidate_pending_fetch_snapshot_license_and_QA,owid-farmed-fish-killed,,,,farmed fish proxy
release-candidate-2026-07-07.country-context.v0,PCN,Pitcairn,country:PCN,owid_wild_caught_fish,False,candidate_pending_fetch_snapshot_license_and_QA,owid-wild-caught-fish,,,,wild caught fish proxy
release-candidate-2026-07-07.country-context.v0,PCN,Pitcairn,country:PCN,owid_farmed_crustaceans,False,candidate_pending_fetch_snapshot_license_and_QA,owid-farmed-crustaceans,,,,farmed crustacean proxy
release-candidate-2026-07-07.country-context.v0,PCN,Pitcairn,country:PCN,owid_insecticide_use_fao,False,candidate_pending_fetch_snapshot_license_and_QA,owid-insecticide-use-fao,,,,insecticide use proxy from FAOSTAT via OWID
release-candidate-2026-07-07.country-context.v0,PCN,Pitcairn,country:PCN,fishcount_farmed_fish_terms_review,False,candidate_pending_fetch_snapshot_license_and_QA,fishcount-farmed-fish,,,,block until redistribution terms verified
release-candidate-2026-07-07.country-context.v0,PCN,Pitcairn,country:PCN,fishcount_wild_fish_terms_review,False,candidate_pending_fetch_snapshot_license_and_QA,fishcount-wild-fish,,,,block until redistribution terms verified
release-candidate-2026-07-07.country-context.v0,PCN,Pitcairn,country:PCN,fishcount_crustaceans_terms_review,False,candidate_pending_fetch_snapshot_license_and_QA,fishcount-farmed-decapods,,,,block until redistribution terms verified
release-candidate-2026-07-07.country-context.v0,PER,Peru,country:PER,identity_boundary,True,candidate_pending_fetch_snapshot_license_and_QA,natural-earth-admin0;geoboundaries-adm1,,,,boundaries/context only
release-candidate-2026-07-07.country-context.v0,PER,Peru,country:PER,wdi_population_land_agriculture,True,candidate_pending_fetch_snapshot_license_and_QA,world-bank-wdi-api,,,,"population, land area, agricultural land denominators"
release-candidate-2026-07-07.country-context.v0,PER,Peru,country:PER,owid_land_animals_slaughtered,True,candidate_pending_fetch_snapshot_license_and_QA,owid-land-animals-slaughtered,,,,land animal slaughter proxy
release-candidate-2026-07-07.country-context.v0,PER,Peru,country:PER,owid_farmed_fish,False,candidate_pending_fetch_snapshot_license_and_QA,owid-farmed-fish-killed,,,,farmed fish proxy
release-candidate-2026-07-07.country-context.v0,PER,Peru,country:PER,owid_wild_caught_fish,False,candidate_pending_fetch_snapshot_license_and_QA,owid-wild-caught-fish,,,,wild caught fish proxy
release-candidate-2026-07-07.country-context.v0,PER,Peru,country:PER,owid_farmed_crustaceans,False,candidate_pending_fetch_snapshot_license_and_QA,owid-farmed-crustaceans,,,,farmed crustacean proxy
release-candidate-2026-07-07.country-context.v0,PER,Peru,country:PER,owid_insecticide_use_fao,False,candidate_pending_fetch_snapshot_license_and_QA,owid-insecticide-use-fao,,,,insecticide use proxy from FAOSTAT via OWID
release-candidate-2026-07-07.country-context.v0,PER,Peru,country:PER,fishcount_farmed_fish_terms_review,False,candidate_pending_fetch_snapshot_license_and_QA,fishcount-farmed-fish,,,,block until redistribution terms verified
release-candidate-2026-07-07.country-context.v0,PER,Peru,country:PER,fishcount_wild_fish_terms_review,False,candidate_pending_fetch_snapshot_license_and_QA,fishcount-wild-fish,,,,block until redistribution terms verified
release-candidate-2026-07-07.country-context.v0,PER,Peru,country:PER,fishcount_crustaceans_terms_review,False,candidate_pending_fetch_snapshot_license_and_QA,fishcount-farmed-decapods,,,,block until redistribution terms verified
release-candidate-2026-07-07.country-context.v0,PHL,Philippines,country:PHL,identity_boundary,True,candidate_pending_fetch_snapshot_license_and_QA,natural-earth-admin0;geoboundaries-adm1,,,,boundaries/context only
release-candidate-2026-07-07.country-context.v0,PHL,Philippines,country:PHL,wdi_population_land_agriculture,True,candidate_pending_fetch_snapshot_license_and_QA,world-bank-wdi-api,,,,"population, land area, agricultural land denominators"
release-candidate-2026-07-07.country-context.v0,PHL,Philippines,country:PHL,owid_land_animals_slaughtered,True,candidate_pending_fetch_snapshot_license_and_QA,owid-land-animals-slaughtered,,,,land animal slaughter proxy
release-candidate-2026-07-07.country-context.v0,PHL,Philippines,country:PHL,owid_farmed_fish,False,candidate_pending_fetch_snapshot_license_and_QA,owid-farmed-fish-killed,,,,farmed fish proxy
release-candidate-2026-07-07.country-context.v0,PHL,Philippines,country:PHL,owid_wild_caught_fish,False,candidate_pending_fetch_snapshot_license_and_QA,owid-wild-caught-fish,,,,wild caught fish proxy
release-candidate-2026-07-07.country-context.v0,PHL,Philippines,country:PHL,owid_farmed_crustaceans,False,candidate_pending_fetch_snapshot_license_and_QA,owid-farmed-crustaceans,,,,farmed crustacean proxy
release-candidate-2026-07-07.country-context.v0,PHL,Philippines,country:PHL,owid_insecticide_use_fao,False,candidate_pending_fetch_snapshot_license_and_QA,owid-insecticide-use-fao,,,,insecticide use proxy from FAOSTAT via OWID
release-candidate-2026-07-07.country-context.v0,PHL,Philippines,country:PHL,fishcount_farmed_fish_terms_review,False,candidate_pending_fetch_snapshot_license_and_QA,fishcount-farmed-fish,,,,block until redistribution terms verified
release-candidate-2026-07-07.country-context.v0,PHL,Philippines,country:PHL,fishcount_wild_fish_terms_review,False,candidate_pending_fetch_snapshot_license_and_QA,fishcount-wild-fish,,,,block until redistribution terms verified
release-candidate-2026-07-07.country-context.v0,PHL,Philippines,country:PHL,fishcount_crustaceans_terms_review,False,candidate_pending_fetch_snapshot_license_and_QA,fishcount-farmed-decapods,,,,block until redistribution terms verified
release-candidate-2026-07-07.country-context.v0,PLW,Palau,country:PLW,identity_boundary,True,candidate_pending_fetch_snapshot_license_and_QA,natural-earth-admin0;geoboundaries-adm1,,,,boundaries/context only
release-candidate-2026-07-07.country-context.v0,PLW,Palau,country:PLW,wdi_population_land_agriculture,True,candidate_pending_fetch_snapshot_license_and_QA,world-bank-wdi-api,,,,"population, land area, agricultural land denominators"
release-candidate-2026-07-07.country-context.v0,PLW,Palau,country:PLW,owid_land_animals_slaughtered,True,candidate_pending_fetch_snapshot_license_and_QA,owid-land-animals-slaughtered,,,,land animal slaughter proxy
release-candidate-2026-07-07.country-context.v0,PLW,Palau,country:PLW,owid_farmed_fish,False,candidate_pending_fetch_snapshot_license_and_QA,owid-farmed-fish-killed,,,,farmed fish proxy
release-candidate-2026-07-07.country-context.v0,PLW,Palau,country:PLW,owid_wild_caught_fish,False,candidate_pending_fetch_snapshot_license_and_QA,owid-wild-caught-fish,,,,wild caught fish proxy
release-candidate-2026-07-07.country-context.v0,PLW,Palau,country:PLW,owid_farmed_crustaceans,False,candidate_pending_fetch_snapshot_license_and_QA,owid-farmed-crustaceans,,,,farmed crustacean proxy
release-candidate-2026-07-07.country-context.v0,PLW,Palau,country:PLW,owid_insecticide_use_fao,False,candidate_pending_fetch_snapshot_license_and_QA,owid-insecticide-use-fao,,,,insecticide use proxy from FAOSTAT via OWID
release-candidate-2026-07-07.country-context.v0,PLW,Palau,country:PLW,fishcount_farmed_fish_terms_review,False,candidate_pending_fetch_snapshot_license_and_QA,fishcount-farmed-fish,,,,block until redistribution terms verified
release-candidate-2026-07-07.country-context.v0,PLW,Palau,country:PLW,fishcount_wild_fish_terms_review,False,candidate_pending_fetch_snapshot_license_and_QA,fishcount-wild-fish,,,,block until redistribution terms verified
release-candidate-2026-07-07.country-context.v0,PLW,Palau,country:PLW,fishcount_crustaceans_terms_review,False,candidate_pending_fetch_snapshot_license_and_QA,fishcount-farmed-decapods,,,,block until redistribution terms verified
release-candidate-2026-07-07.country-context.v0,PNG,Papua New Guinea,country:PNG,identity_boundary,True,candidate_pending_fetch_snapshot_license_and_QA,natural-earth-admin0;geoboundaries-adm1,,,,boundaries/context only
release-candidate-2026-07-07.country-context.v0,PNG,Papua New Guinea,country:PNG,wdi_population_land_agriculture,True,candidate_pending_fetch_snapshot_license_and_QA,world-bank-wdi-api,,,,"population, land area, agricultural land denominators"
release-candidate-2026-07-07.country-context.v0,PNG,Papua New Guinea,country:PNG,owid_land_animals_slaughtered,True,candidate_pending_fetch_snapshot_license_and_QA,owid-land-animals-slaughtered,,,,land animal slaughter proxy
release-candidate-2026-07-07.country-context.v0,PNG,Papua New Guinea,country:PNG,owid_farmed_fish,False,candidate_pending_fetch_snapshot_license_and_QA,owid-farmed-fish-killed,,,,farmed fish proxy
release-candidate-2026-07-07.country-context.v0,PNG,Papua New Guinea,country:PNG,owid_wild_caught_fish,False,candidate_pending_fetch_snapshot_license_and_QA,owid-wild-caught-fish,,,,wild caught fish proxy
release-candidate-2026-07-07.country-context.v0,PNG,Papua New Guinea,country:PNG,owid_farmed_crustaceans,False,candidate_pending_fetch_snapshot_license_and_QA,owid-farmed-crustaceans,,,,farmed crustacean proxy
release-candidate-2026-07-07.country-context.v0,PNG,Papua New Guinea,country:PNG,owid_insecticide_use_fao,False,candidate_pending_fetch_snapshot_license_and_QA,owid-insecticide-use-fao,,,,insecticide use proxy from FAOSTAT via OWID
release-candidate-2026-07-07.country-context.v0,PNG,Papua New Guinea,country:PNG,fishcount_farmed_fish_terms_review,False,candidate_pending_fetch_snapshot_license_and_QA,fishcount-farmed-fish,,,,block until redistribution terms verified
release-candidate-2026-07-07.country-context.v0,PNG,Papua New Guinea,country:PNG,fishcount_wild_fish_terms_review,False,candidate_pending_fetch_snapshot_license_and_QA,fishcount-wild-fish,,,,block until redistribution terms verified
release-candidate-2026-07-07.country-context.v0,PNG,Papua New Guinea,country:PNG,fishcount_crustaceans_terms_review,False,candidate_pending_fetch_snapshot_license_and_QA,fishcount-farmed-decapods,,,,block until redistribution terms verified
release-candidate-2026-07-07.country-context.v0,POL,Poland,country:POL,identity_boundary,True,candidate_pending_fetch_snapshot_license_and_QA,natural-earth-admin0;geoboundaries-adm1,,,,boundaries/context only
release-candidate-2026-07-07.country-context.v0,POL,Poland,country:POL,wdi_population_land_agriculture,True,candidate_pending_fetch_snapshot_license_and_QA,world-bank-wdi-api,,,,"population, land area, agricultural land denominators"
release-candidate-2026-07-07.country-context.v0,POL,Poland,country:POL,owid_land_animals_slaughtered,True,candidate_pending_fetch_snapshot_license_and_QA,owid-land-animals-slaughtered,,,,land animal slaughter proxy
release-candidate-2026-07-07.country-context.v0,POL,Poland,country:POL,owid_farmed_fish,False,candidate_pending_fetch_snapshot_license_and_QA,owid-farmed-fish-killed,,,,farmed fish proxy
release-candidate-2026-07-07.country-context.v0,POL,Poland,country:POL,owid_wild_caught_fish,False,candidate_pending_fetch_snapshot_license_and_QA,owid-wild-caught-fish,,,,wild caught fish proxy
release-candidate-2026-07-07.country-context.v0,POL,Poland,country:POL,owid_farmed_crustaceans,False,candidate_pending_fetch_snapshot_license_and_QA,owid-farmed-crustaceans,,,,farmed crustacean proxy
release-candidate-2026-07-07.country-context.v0,POL,Poland,country:POL,owid_insecticide_use_fao,False,candidate_pending_fetch_snapshot_license_and_QA,owid-insecticide-use-fao,,,,insecticide use proxy from FAOSTAT via OWID
release-candidate-2026-07-07.country-context.v0,POL,Poland,country:POL,fishcount_farmed_fish_terms_review,False,candidate_pending_fetch_snapshot_license_and_QA,fishcount-farmed-fish,,,,block until redistribution terms verified
release-candidate-2026-07-07.country-context.v0,POL,Poland,country:POL,fishcount_wild_fish_terms_review,False,candidate_pending_fetch_snapshot_license_and_QA,fishcount-wild-fish,,,,block until redistribution terms verified
release-candidate-2026-07-07.country-context.v0,POL,Poland,country:POL,fishcount_crustaceans_terms_review,False,candidate_pending_fetch_snapshot_license_and_QA,fishcount-farmed-decapods,,,,block until redistribution terms verified
release-candidate-2026-07-07.country-context.v0,PRI,Puerto Rico,country:PRI,identity_boundary,True,candidate_pending_fetch_snapshot_license_and_QA,natural-earth-admin0;geoboundaries-adm1,,,,boundaries/context only
release-candidate-2026-07-07.country-context.v0,PRI,Puerto Rico,country:PRI,wdi_population_land_agriculture,True,candidate_pending_fetch_snapshot_license_and_QA,world-bank-wdi-api,,,,"population, land area, agricultural land denominators"
release-candidate-2026-07-07.country-context.v0,PRI,Puerto Rico,country:PRI,owid_land_animals_slaughtered,True,candidate_pending_fetch_snapshot_license_and_QA,owid-land-animals-slaughtered,,,,land animal slaughter proxy
release-candidate-2026-07-07.country-context.v0,PRI,Puerto Rico,country:PRI,owid_farmed_fish,False,candidate_pending_fetch_snapshot_license_and_QA,owid-farmed-fish-killed,,,,farmed fish proxy
release-candidate-2026-07-07.country-context.v0,PRI,Puerto Rico,country:PRI,owid_wild_caught_fish,False,candidate_pending_fetch_snapshot_license_and_QA,owid-wild-caught-fish,,,,wild caught fish proxy
release-candidate-2026-07-07.country-context.v0,PRI,Puerto Rico,country:PRI,owid_farmed_crustaceans,False,candidate_pending_fetch_snapshot_license_and_QA,owid-farmed-crustaceans,,,,farmed crustacean proxy
release-candidate-2026-07-07.country-context.v0,PRI,Puerto Rico,country:PRI,owid_insecticide_use_fao,False,candidate_pending_fetch_snapshot_license_and_QA,owid-insecticide-use-fao,,,,insecticide use proxy from FAOSTAT via OWID
release-candidate-2026-07-07.country-context.v0,PRI,Puerto Rico,country:PRI,fishcount_farmed_fish_terms_review,False,candidate_pending_fetch_snapshot_license_and_QA,fishcount-farmed-fish,,,,block until redistribution terms verified
release-candidate-2026-07-07.country-context.v0,PRI,Puerto Rico,country:PRI,fishcount_wild_fish_terms_review,False,candidate_pending_fetch_snapshot_license_and_QA,fishcount-wild-fish,,,,block until redistribution terms verified
release-candidate-2026-07-07.country-context.v0,PRI,Puerto Rico,country:PRI,fishcount_crustaceans_terms_review,False,candidate_pending_fetch_snapshot_license_and_QA,fishcount-farmed-decapods,,,,block until redistribution terms verified
release-candidate-2026-07-07.country-context.v0,PRK,"Korea, Democratic People's Republic of",country:PRK,identity_boundary,True,candidate_pending_fetch_snapshot_license_and_QA,natural-earth-admin0;geoboundaries-adm1,,,,boundaries/context only
release-candidate-2026-07-07.country-context.v0,PRK,"Korea, Democratic People's Republic of",country:PRK,wdi_population_land_agriculture,True,candidate_pending_fetch_snapshot_license_and_QA,world-bank-wdi-api,,,,"population, land area, agricultural land denominators"
release-candidate-2026-07-07.country-context.v0,PRK,"Korea, Democratic People's Republic of",country:PRK,owid_land_animals_slaughtered,True,candidate_pending_fetch_snapshot_license_and_QA,owid-land-animals-slaughtered,,,,land animal slaughter proxy
release-candidate-2026-07-07.country-context.v0,PRK,"Korea, Democratic People's Republic of",country:PRK,owid_farmed_fish,False,candidate_pending_fetch_snapshot_license_and_QA,owid-farmed-fish-killed,,,,farmed fish proxy
release-candidate-2026-07-07.country-context.v0,PRK,"Korea, Democratic People's Republic of",country:PRK,owid_wild_caught_fish,False,candidate_pending_fetch_snapshot_license_and_QA,owid-wild-caught-fish,,,,wild caught fish proxy
release-candidate-2026-07-07.country-context.v0,PRK,"Korea, Democratic People's Republic of",country:PRK,owid_farmed_crustaceans,False,candidate_pending_fetch_snapshot_license_and_QA,owid-farmed-crustaceans,,,,farmed crustacean proxy
release-candidate-2026-07-07.country-context.v0,PRK,"Korea, Democratic People's Republic of",country:PRK,owid_insecticide_use_fao,False,candidate_pending_fetch_snapshot_license_and_QA,owid-insecticide-use-fao,,,,insecticide use proxy from FAOSTAT via OWID
release-candidate-2026-07-07.country-context.v0,PRK,"Korea, Democratic People's Republic of",country:PRK,fishcount_farmed_fish_terms_review,False,candidate_pending_fetch_snapshot_license_and_QA,fishcount-farmed-fish,,,,block until redistribution terms verified
release-candidate-2026-07-07.country-context.v0,PRK,"Korea, Democratic People's Republic of",country:PRK,fishcount_wild_fish_terms_review,False,candidate_pending_fetch_snapshot_license_and_QA,fishcount-wild-fish,,,,block until redistribution terms verified
release-candidate-2026-07-07.country-context.v0,PRK,"Korea, Democratic People's Republic of",country:PRK,fishcount_crustaceans_terms_review,False,candidate_pending_fetch_snapshot_license_and_QA,fishcount-farmed-decapods,,,,block until redistribution terms verified
release-candidate-2026-07-07.country-context.v0,PRT,Portugal,country:PRT,identity_boundary,True,candidate_pending_fetch_snapshot_license_and_QA,natural-earth-admin0;geoboundaries-adm1,,,,boundaries/context only
release-candidate-2026-07-07.country-context.v0,PRT,Portugal,country:PRT,wdi_population_land_agriculture,True,candidate_pending_fetch_snapshot_license_and_QA,world-bank-wdi-api,,,,"population, land area, agricultural land denominators"
release-candidate-2026-07-07.country-context.v0,PRT,Portugal,country:PRT,owid_land_animals_slaughtered,True,candidate_pending_fetch_snapshot_license_and_QA,owid-land-animals-slaughtered,,,,land animal slaughter proxy
release-candidate-2026-07-07.country-context.v0,PRT,Portugal,country:PRT,owid_farmed_fish,False,candidate_pending_fetch_snapshot_license_and_QA,owid-farmed-fish-killed,,,,farmed fish proxy
release-candidate-2026-07-07.country-context.v0,PRT,Portugal,country:PRT,owid_wild_caught_fish,False,candidate_pending_fetch_snapshot_license_and_QA,owid-wild-caught-fish,,,,wild caught fish proxy
release-candidate-2026-07-07.country-context.v0,PRT,Portugal,country:PRT,owid_farmed_crustaceans,False,candidate_pending_fetch_snapshot_license_and_QA,owid-farmed-crustaceans,,,,farmed crustacean proxy
release-candidate-2026-07-07.country-context.v0,PRT,Portugal,country:PRT,owid_insecticide_use_fao,False,candidate_pending_fetch_snapshot_license_and_QA,owid-insecticide-use-fao,,,,insecticide use proxy from FAOSTAT via OWID
release-candidate-2026-07-07.country-context.v0,PRT,Portugal,country:PRT,fishcount_farmed_fish_terms_review,False,candidate_pending_fetch_snapshot_license_and_QA,fishcount-farmed-fish,,,,block until redistribution terms verified
release-candidate-2026-07-07.country-context.v0,PRT,Portugal,country:PRT,fishcount_wild_fish_terms_review,False,candidate_pending_fetch_snapshot_license_and_QA,fishcount-wild-fish,,,,block until redistribution terms verified
release-candidate-2026-07-07.country-context.v0,PRT,Portugal,country:PRT,fishcount_crustaceans_terms_review,False,candidate_pending_fetch_snapshot_license_and_QA,fishcount-farmed-decapods,,,,block until redistribution terms verified
release-candidate-2026-07-07.country-context.v0,PRY,Paraguay,country:PRY,identity_boundary,True,candidate_pending_fetch_snapshot_license_and_QA,natural-earth-admin0;geoboundaries-adm1,,,,boundaries/context only
release-candidate-2026-07-07.country-context.v0,PRY,Paraguay,country:PRY,wdi_population_land_agriculture,True,candidate_pending_fetch_snapshot_license_and_QA,world-bank-wdi-api,,,,"population, land area, agricultural land denominators"
release-candidate-2026-07-07.country-context.v0,PRY,Paraguay,country:PRY,owid_land_animals_slaughtered,True,candidate_pending_fetch_snapshot_license_and_QA,owid-land-animals-slaughtered,,,,land animal slaughter proxy
release-candidate-2026-07-07.country-context.v0,PRY,Paraguay,country:PRY,owid_farmed_fish,False,candidate_pending_fetch_snapshot_license_and_QA,owid-farmed-fish-killed,,,,farmed fish proxy
release-candidate-2026-07-07.country-context.v0,PRY,Paraguay,country:PRY,owid_wild_caught_fish,False,candidate_pending_fetch_snapshot_license_and_QA,owid-wild-caught-fish,,,,wild caught fish proxy
release-candidate-2026-07-07.country-context.v0,PRY,Paraguay,country:PRY,owid_farmed_crustaceans,False,candidate_pending_fetch_snapshot_license_and_QA,owid-farmed-crustaceans,,,,farmed crustacean proxy
release-candidate-2026-07-07.country-context.v0,PRY,Paraguay,country:PRY,owid_insecticide_use_fao,False,candidate_pending_fetch_snapshot_license_and_QA,owid-insecticide-use-fao,,,,insecticide use proxy from FAOSTAT via OWID
release-candidate-2026-07-07.country-context.v0,PRY,Paraguay,country:PRY,fishcount_farmed_fish_terms_review,False,candidate_pending_fetch_snapshot_license_and_QA,fishcount-farmed-fish,,,,block until redistribution terms verified
release-candidate-2026-07-07.country-context.v0,PRY,Paraguay,country:PRY,fishcount_wild_fish_terms_review,False,candidate_pending_fetch_snapshot_license_and_QA,fishcount-wild-fish,,,,block until redistribution terms verified
release-candidate-2026-07-07.country-context.v0,PRY,Paraguay,country:PRY,fishcount_crustaceans_terms_review,False,candidate_pending_fetch_snapshot_license_and_QA,fishcount-farmed-decapods,,,,block until redistribution terms verified
release-candidate-2026-07-07.country-context.v0,PSE,"Palestine, State of",country:PSE,identity_boundary,True,candidate_pending_fetch_snapshot_license_and_QA,natural-earth-admin0;geoboundaries-adm1,,,,boundaries/context only
release-candidate-2026-07-07.country-context.v0,PSE,"Palestine, State of",country:PSE,wdi_population_land_agriculture,True,candidate_pending_fetch_snapshot_license_and_QA,world-bank-wdi-api,,,,"population, land area, agricultural land denominators"
release-candidate-2026-07-07.country-context.v0,PSE,"Palestine, State of",country:PSE,owid_land_animals_slaughtered,True,candidate_pending_fetch_snapshot_license_and_QA,owid-land-animals-slaughtered,,,,land animal slaughter proxy
release-candidate-2026-07-07.country-context.v0,PSE,"Palestine, State of",country:PSE,owid_farmed_fish,False,candidate_pending_fetch_snapshot_license_and_QA,owid-farmed-fish-killed,,,,farmed fish proxy
release-candidate-2026-07-07.country-context.v0,PSE,"Palestine, State of",country:PSE,owid_wild_caught_fish,False,candidate_pending_fetch_snapshot_license_and_QA,owid-wild-caught-fish,,,,wild caught fish proxy
release-candidate-2026-07-07.country-context.v0,PSE,"Palestine, State of",country:PSE,owid_farmed_crustaceans,False,candidate_pending_fetch_snapshot_license_and_QA,owid-farmed-crustaceans,,,,farmed crustacean proxy
release-candidate-2026-07-07.country-context.v0,PSE,"Palestine, State of",country:PSE,owid_insecticide_use_fao,False,candidate_pending_fetch_snapshot_license_and_QA,owid-insecticide-use-fao,,,,insecticide use proxy from FAOSTAT via OWID
release-candidate-2026-07-07.country-context.v0,PSE,"Palestine, State of",country:PSE,fishcount_farmed_fish_terms_review,False,candidate_pending_fetch_snapshot_license_and_QA,fishcount-farmed-fish,,,,block until redistribution terms verified
release-candidate-2026-07-07.country-context.v0,PSE,"Palestine, State of",country:PSE,fishcount_wild_fish_terms_review,False,candidate_pending_fetch_snapshot_license_and_QA,fishcount-wild-fish,,,,block until redistribution terms verified
release-candidate-2026-07-07.country-context.v0,PSE,"Palestine, State of",country:PSE,fishcount_crustaceans_terms_review,False,candidate_pending_fetch_snapshot_license_and_QA,fishcount-farmed-decapods,,,,block until redistribution terms verified
release-candidate-2026-07-07.country-context.v0,PYF,French Polynesia,country:PYF,identity_boundary,True,candidate_pending_fetch_snapshot_license_and_QA,natural-earth-admin0;geoboundaries-adm1,,,,boundaries/context only
release-candidate-2026-07-07.country-context.v0,PYF,French Polynesia,country:PYF,wdi_population_land_agriculture,True,candidate_pending_fetch_snapshot_license_and_QA,world-bank-wdi-api,,,,"population, land area, agricultural land denominators"
release-candidate-2026-07-07.country-context.v0,PYF,French Polynesia,country:PYF,owid_land_animals_slaughtered,True,candidate_pending_fetch_snapshot_license_and_QA,owid-land-animals-slaughtered,,,,land animal slaughter proxy
release-candidate-2026-07-07.country-context.v0,PYF,French Polynesia,country:PYF,owid_farmed_fish,False,candidate_pending_fetch_snapshot_license_and_QA,owid-farmed-fish-killed,,,,farmed fish proxy
release-candidate-2026-07-07.country-context.v0,PYF,French Polynesia,country:PYF,owid_wild_caught_fish,False,candidate_pending_fetch_snapshot_license_and_QA,owid-wild-caught-fish,,,,wild caught fish proxy
release-candidate-2026-07-07.country-context.v0,PYF,French Polynesia,country:PYF,owid_farmed_crustaceans,False,candidate_pending_fetch_snapshot_license_and_QA,owid-farmed-crustaceans,,,,farmed crustacean proxy
release-candidate-2026-07-07.country-context.v0,PYF,French Polynesia,country:PYF,owid_insecticide_use_fao,False,candidate_pending_fetch_snapshot_license_and_QA,owid-insecticide-use-fao,,,,insecticide use proxy from FAOSTAT via OWID
release-candidate-2026-07-07.country-context.v0,PYF,French Polynesia,country:PYF,fishcount_farmed_fish_terms_review,False,candidate_pending_fetch_snapshot_license_and_QA,fishcount-farmed-fish,,,,block until redistribution terms verified
release-candidate-2026-07-07.country-context.v0,PYF,French Polynesia,country:PYF,fishcount_wild_fish_terms_review,False,candidate_pending_fetch_snapshot_license_and_QA,fishcount-wild-fish,,,,block until redistribution terms verified
release-candidate-2026-07-07.country-context.v0,PYF,French Polynesia,country:PYF,fishcount_crustaceans_terms_review,False,candidate_pending_fetch_snapshot_license_and_QA,fishcount-farmed-decapods,,,,block until redistribution terms verified
release-candidate-2026-07-07.country-context.v0,QAT,Qatar,country:QAT,identity_boundary,True,candidate_pending_fetch_snapshot_license_and_QA,natural-earth-admin0;geoboundaries-adm1,,,,boundaries/context only
release-candidate-2026-07-07.country-context.v0,QAT,Qatar,country:QAT,wdi_population_land_agriculture,True,candidate_pending_fetch_snapshot_license_and_QA,world-bank-wdi-api,,,,"population, land area, agricultural land denominators"
release-candidate-2026-07-07.country-context.v0,QAT,Qatar,country:QAT,owid_land_animals_slaughtered,True,candidate_pending_fetch_snapshot_license_and_QA,owid-land-animals-slaughtered,,,,land animal slaughter proxy
release-candidate-2026-07-07.country-context.v0,QAT,Qatar,country:QAT,owid_farmed_fish,False,candidate_pending_fetch_snapshot_license_and_QA,owid-farmed-fish-killed,,,,farmed fish proxy
release-candidate-2026-07-07.country-context.v0,QAT,Qatar,country:QAT,owid_wild_caught_fish,False,candidate_pending_fetch_snapshot_license_and_QA,owid-wild-caught-fish,,,,wild caught fish proxy
release-candidate-2026-07-07.country-context.v0,QAT,Qatar,country:QAT,owid_farmed_crustaceans,False,candidate_pending_fetch_snapshot_license_and_QA,owid-farmed-crustaceans,,,,farmed crustacean proxy
release-candidate-2026-07-07.country-context.v0,QAT,Qatar,country:QAT,owid_insecticide_use_fao,False,candidate_pending_fetch_snapshot_license_and_QA,owid-insecticide-use-fao,,,,insecticide use proxy from FAOSTAT via OWID
release-candidate-2026-07-07.country-context.v0,QAT,Qatar,country:QAT,fishcount_farmed_fish_terms_review,False,candidate_pending_fetch_snapshot_license_and_QA,fishcount-farmed-fish,,,,block until redistribution terms verified
release-candidate-2026-07-07.country-context.v0,QAT,Qatar,country:QAT,fishcount_wild_fish_terms_review,False,candidate_pending_fetch_snapshot_license_and_QA,fishcount-wild-fish,,,,block until redistribution terms verified
release-candidate-2026-07-07.country-context.v0,QAT,Qatar,country:QAT,fishcount_crustaceans_terms_review,False,candidate_pending_fetch_snapshot_license_and_QA,fishcount-farmed-decapods,,,,block until redistribution terms verified
release-candidate-2026-07-07.country-context.v0,REU,Réunion,country:REU,identity_boundary,True,candidate_pending_fetch_snapshot_license_and_QA,natural-earth-admin0;geoboundaries-adm1,,,,boundaries/context only
release-candidate-2026-07-07.country-context.v0,REU,Réunion,country:REU,wdi_population_land_agriculture,True,candidate_pending_fetch_snapshot_license_and_QA,world-bank-wdi-api,,,,"population, land area, agricultural land denominators"
release-candidate-2026-07-07.country-context.v0,REU,Réunion,country:REU,owid_land_animals_slaughtered,True,candidate_pending_fetch_snapshot_license_and_QA,owid-land-animals-slaughtered,,,,land animal slaughter proxy
release-candidate-2026-07-07.country-context.v0,REU,Réunion,country:REU,owid_farmed_fish,False,candidate_pending_fetch_snapshot_license_and_QA,owid-farmed-fish-killed,,,,farmed fish proxy
release-candidate-2026-07-07.country-context.v0,REU,Réunion,country:REU,owid_wild_caught_fish,False,candidate_pending_fetch_snapshot_license_and_QA,owid-wild-caught-fish,,,,wild caught fish proxy
release-candidate-2026-07-07.country-context.v0,REU,Réunion,country:REU,owid_farmed_crustaceans,False,candidate_pending_fetch_snapshot_license_and_QA,owid-farmed-crustaceans,,,,farmed crustacean proxy
release-candidate-2026-07-07.country-context.v0,REU,Réunion,country:REU,owid_insecticide_use_fao,False,candidate_pending_fetch_snapshot_license_and_QA,owid-insecticide-use-fao,,,,insecticide use proxy from FAOSTAT via OWID
release-candidate-2026-07-07.country-context.v0,REU,Réunion,country:REU,fishcount_farmed_fish_terms_review,False,candidate_pending_fetch_snapshot_license_and_QA,fishcount-farmed-fish,,,,block until redistribution terms verified
release-candidate-2026-07-07.country-context.v0,REU,Réunion,country:REU,fishcount_wild_fish_terms_review,False,candidate_pending_fetch_snapshot_license_and_QA,fishcount-wild-fish,,,,block until redistribution terms verified
release-candidate-2026-07-07.country-context.v0,REU,Réunion,country:REU,fishcount_crustaceans_terms_review,False,candidate_pending_fetch_snapshot_license_and_QA,fishcount-farmed-decapods,,,,block until redistribution terms verified
release-candidate-2026-07-07.country-context.v0,ROU,Romania,country:ROU,identity_boundary,True,candidate_pending_fetch_snapshot_license_and_QA,natural-earth-admin0;geoboundaries-adm1,,,,boundaries/context only
release-candidate-2026-07-07.country-context.v0,ROU,Romania,country:ROU,wdi_population_land_agriculture,True,candidate_pending_fetch_snapshot_license_and_QA,world-bank-wdi-api,,,,"population, land area, agricultural land denominators"
release-candidate-2026-07-07.country-context.v0,ROU,Romania,country:ROU,owid_land_animals_slaughtered,True,candidate_pending_fetch_snapshot_license_and_QA,owid-land-animals-slaughtered,,,,land animal slaughter proxy
release-candidate-2026-07-07.country-context.v0,ROU,Romania,country:ROU,owid_farmed_fish,False,candidate_pending_fetch_snapshot_license_and_QA,owid-farmed-fish-killed,,,,farmed fish proxy
release-candidate-2026-07-07.country-context.v0,ROU,Romania,country:ROU,owid_wild_caught_fish,False,candidate_pending_fetch_snapshot_license_and_QA,owid-wild-caught-fish,,,,wild caught fish proxy
release-candidate-2026-07-07.country-context.v0,ROU,Romania,country:ROU,owid_farmed_crustaceans,False,candidate_pending_fetch_snapshot_license_and_QA,owid-farmed-crustaceans,,,,farmed crustacean proxy
release-candidate-2026-07-07.country-context.v0,ROU,Romania,country:ROU,owid_insecticide_use_fao,False,candidate_pending_fetch_snapshot_license_and_QA,owid-insecticide-use-fao,,,,insecticide use proxy from FAOSTAT via OWID
release-candidate-2026-07-07.country-context.v0,ROU,Romania,country:ROU,fishcount_farmed_fish_terms_review,False,candidate_pending_fetch_snapshot_license_and_QA,fishcount-farmed-fish,,,,block until redistribution terms verified
release-candidate-2026-07-07.country-context.v0,ROU,Romania,country:ROU,fishcount_wild_fish_terms_review,False,candidate_pending_fetch_snapshot_license_and_QA,fishcount-wild-fish,,,,block until redistribution terms verified
release-candidate-2026-07-07.country-context.v0,ROU,Romania,country:ROU,fishcount_crustaceans_terms_review,False,candidate_pending_fetch_snapshot_license_and_QA,fishcount-farmed-decapods,,,,block until redistribution terms verified
release-candidate-2026-07-07.country-context.v0,RUS,Russian Federation,country:RUS,identity_boundary,True,candidate_pending_fetch_snapshot_license_and_QA,natural-earth-admin0;geoboundaries-adm1,,,,boundaries/context only
release-candidate-2026-07-07.country-context.v0,RUS,Russian Federation,country:RUS,wdi_population_land_agriculture,True,candidate_pending_fetch_snapshot_license_and_QA,world-bank-wdi-api,,,,"population, land area, agricultural land denominators"
release-candidate-2026-07-07.country-context.v0,RUS,Russian Federation,country:RUS,owid_land_animals_slaughtered,True,candidate_pending_fetch_snapshot_license_and_QA,owid-land-animals-slaughtered,,,,land animal slaughter proxy
release-candidate-2026-07-07.country-context.v0,RUS,Russian Federation,country:RUS,owid_farmed_fish,False,candidate_pending_fetch_snapshot_license_and_QA,owid-farmed-fish-killed,,,,farmed fish proxy
release-candidate-2026-07-07.country-context.v0,RUS,Russian Federation,country:RUS,owid_wild_caught_fish,False,candidate_pending_fetch_snapshot_license_and_QA,owid-wild-caught-fish,,,,wild caught fish proxy
release-candidate-2026-07-07.country-context.v0,RUS,Russian Federation,country:RUS,owid_farmed_crustaceans,False,candidate_pending_fetch_snapshot_license_and_QA,owid-farmed-crustaceans,,,,farmed crustacean proxy
release-candidate-2026-07-07.country-context.v0,RUS,Russian Federation,country:RUS,owid_insecticide_use_fao,False,candidate_pending_fetch_snapshot_license_and_QA,owid-insecticide-use-fao,,,,insecticide use proxy from FAOSTAT via OWID
release-candidate-2026-07-07.country-context.v0,RUS,Russian Federation,country:RUS,fishcount_farmed_fish_terms_review,False,candidate_pending_fetch_snapshot_license_and_QA,fishcount-farmed-fish,,,,block until redistribution terms verified
release-candidate-2026-07-07.country-context.v0,RUS,Russian Federation,country:RUS,fishcount_wild_fish_terms_review,False,candidate_pending_fetch_snapshot_license_and_QA,fishcount-wild-fish,,,,block until redistribution terms verified
release-candidate-2026-07-07.country-context.v0,RUS,Russian Federation,country:RUS,fishcount_crustaceans_terms_review,False,candidate_pending_fetch_snapshot_license_and_QA,fishcount-farmed-decapods,,,,block until redistribution terms verified
release-candidate-2026-07-07.country-context.v0,RWA,Rwanda,country:RWA,identity_boundary,True,candidate_pending_fetch_snapshot_license_and_QA,natural-earth-admin0;geoboundaries-adm1,,,,boundaries/context only
release-candidate-2026-07-07.country-context.v0,RWA,Rwanda,country:RWA,wdi_population_land_agriculture,True,candidate_pending_fetch_snapshot_license_and_QA,world-bank-wdi-api,,,,"population, land area, agricultural land denominators"
release-candidate-2026-07-07.country-context.v0,RWA,Rwanda,country:RWA,owid_land_animals_slaughtered,True,candidate_pending_fetch_snapshot_license_and_QA,owid-land-animals-slaughtered,,,,land animal slaughter proxy
release-candidate-2026-07-07.country-context.v0,RWA,Rwanda,country:RWA,owid_farmed_fish,False,candidate_pending_fetch_snapshot_license_and_QA,owid-farmed-fish-killed,,,,farmed fish proxy
release-candidate-2026-07-07.country-context.v0,RWA,Rwanda,country:RWA,owid_wild_caught_fish,False,candidate_pending_fetch_snapshot_license_and_QA,owid-wild-caught-fish,,,,wild caught fish proxy
release-candidate-2026-07-07.country-context.v0,RWA,Rwanda,country:RWA,owid_farmed_crustaceans,False,candidate_pending_fetch_snapshot_license_and_QA,owid-farmed-crustaceans,,,,farmed crustacean proxy
release-candidate-2026-07-07.country-context.v0,RWA,Rwanda,country:RWA,owid_insecticide_use_fao,False,candidate_pending_fetch_snapshot_license_and_QA,owid-insecticide-use-fao,,,,insecticide use proxy from FAOSTAT via OWID
release-candidate-2026-07-07.country-context.v0,RWA,Rwanda,country:RWA,fishcount_farmed_fish_terms_review,False,candidate_pending_fetch_snapshot_license_and_QA,fishcount-farmed-fish,,,,block until redistribution terms verified
release-candidate-2026-07-07.country-context.v0,RWA,Rwanda,country:RWA,fishcount_wild_fish_terms_review,False,candidate_pending_fetch_snapshot_license_and_QA,fishcount-wild-fish,,,,block until redistribution terms verified
release-candidate-2026-07-07.country-context.v0,RWA,Rwanda,country:RWA,fishcount_crustaceans_terms_review,False,candidate_pending_fetch_snapshot_license_and_QA,fishcount-farmed-decapods,,,,block until redistribution terms verified
release-candidate-2026-07-07.country-context.v0,SAU,Saudi Arabia,country:SAU,identity_boundary,True,candidate_pending_fetch_snapshot_license_and_QA,natural-earth-admin0;geoboundaries-adm1,,,,boundaries/context only
release-candidate-2026-07-07.country-context.v0,SAU,Saudi Arabia,country:SAU,wdi_population_land_agriculture,True,candidate_pending_fetch_snapshot_license_and_QA,world-bank-wdi-api,,,,"population, land area, agricultural land denominators"
release-candidate-2026-07-07.country-context.v0,SAU,Saudi Arabia,country:SAU,owid_land_animals_slaughtered,True,candidate_pending_fetch_snapshot_license_and_QA,owid-land-animals-slaughtered,,,,land animal slaughter proxy
release-candidate-2026-07-07.country-context.v0,SAU,Saudi Arabia,country:SAU,owid_farmed_fish,False,candidate_pending_fetch_snapshot_license_and_QA,owid-farmed-fish-killed,,,,farmed fish proxy
release-candidate-2026-07-07.country-context.v0,SAU,Saudi Arabia,country:SAU,owid_wild_caught_fish,False,candidate_pending_fetch_snapshot_license_and_QA,owid-wild-caught-fish,,,,wild caught fish proxy
release-candidate-2026-07-07.country-context.v0,SAU,Saudi Arabia,country:SAU,owid_farmed_crustaceans,False,candidate_pending_fetch_snapshot_license_and_QA,owid-farmed-crustaceans,,,,farmed crustacean proxy
release-candidate-2026-07-07.country-context.v0,SAU,Saudi Arabia,country:SAU,owid_insecticide_use_fao,False,candidate_pending_fetch_snapshot_license_and_QA,owid-insecticide-use-fao,,,,insecticide use proxy from FAOSTAT via OWID
release-candidate-2026-07-07.country-context.v0,SAU,Saudi Arabia,country:SAU,fishcount_farmed_fish_terms_review,False,candidate_pending_fetch_snapshot_license_and_QA,fishcount-farmed-fish,,,,block until redistribution terms verified
release-candidate-2026-07-07.country-context.v0,SAU,Saudi Arabia,country:SAU,fishcount_wild_fish_terms_review,False,candidate_pending_fetch_snapshot_license_and_QA,fishcount-wild-fish,,,,block until redistribution terms verified
release-candidate-2026-07-07.country-context.v0,SAU,Saudi Arabia,country:SAU,fishcount_crustaceans_terms_review,False,candidate_pending_fetch_snapshot_license_and_QA,fishcount-farmed-decapods,,,,block until redistribution terms verified
release-candidate-2026-07-07.country-context.v0,SDN,Sudan,country:SDN,identity_boundary,True,candidate_pending_fetch_snapshot_license_and_QA,natural-earth-admin0;geoboundaries-adm1,,,,boundaries/context only
release-candidate-2026-07-07.country-context.v0,SDN,Sudan,country:SDN,wdi_population_land_agriculture,True,candidate_pending_fetch_snapshot_license_and_QA,world-bank-wdi-api,,,,"population, land area, agricultural land denominators"
release-candidate-2026-07-07.country-context.v0,SDN,Sudan,country:SDN,owid_land_animals_slaughtered,True,candidate_pending_fetch_snapshot_license_and_QA,owid-land-animals-slaughtered,,,,land animal slaughter proxy
release-candidate-2026-07-07.country-context.v0,SDN,Sudan,country:SDN,owid_farmed_fish,False,candidate_pending_fetch_snapshot_license_and_QA,owid-farmed-fish-killed,,,,farmed fish proxy
release-candidate-2026-07-07.country-context.v0,SDN,Sudan,country:SDN,owid_wild_caught_fish,False,candidate_pending_fetch_snapshot_license_and_QA,owid-wild-caught-fish,,,,wild caught fish proxy
release-candidate-2026-07-07.country-context.v0,SDN,Sudan,country:SDN,owid_farmed_crustaceans,False,candidate_pending_fetch_snapshot_license_and_QA,owid-farmed-crustaceans,,,,farmed crustacean proxy
release-candidate-2026-07-07.country-context.v0,SDN,Sudan,country:SDN,owid_insecticide_use_fao,False,candidate_pending_fetch_snapshot_license_and_QA,owid-insecticide-use-fao,,,,insecticide use proxy from FAOSTAT via OWID
release-candidate-2026-07-07.country-context.v0,SDN,Sudan,country:SDN,fishcount_farmed_fish_terms_review,False,candidate_pending_fetch_snapshot_license_and_QA,fishcount-farmed-fish,,,,block until redistribution terms verified
release-candidate-2026-07-07.country-context.v0,SDN,Sudan,country:SDN,fishcount_wild_fish_terms_review,False,candidate_pending_fetch_snapshot_license_and_QA,fishcount-wild-fish,,,,block until redistribution terms verified
release-candidate-2026-07-07.country-context.v0,SDN,Sudan,country:SDN,fishcount_crustaceans_terms_review,False,candidate_pending_fetch_snapshot_license_and_QA,fishcount-farmed-decapods,,,,block until redistribution terms verified
release-candidate-2026-07-07.country-context.v0,SEN,Senegal,country:SEN,identity_boundary,True,candidate_pending_fetch_snapshot_license_and_QA,natural-earth-admin0;geoboundaries-adm1,,,,boundaries/context only
release-candidate-2026-07-07.country-context.v0,SEN,Senegal,country:SEN,wdi_population_land_agriculture,True,candidate_pending_fetch_snapshot_license_and_QA,world-bank-wdi-api,,,,"population, land area, agricultural land denominators"
release-candidate-2026-07-07.country-context.v0,SEN,Senegal,country:SEN,owid_land_animals_slaughtered,True,candidate_pending_fetch_snapshot_license_and_QA,owid-land-animals-slaughtered,,,,land animal slaughter proxy
release-candidate-2026-07-07.country-context.v0,SEN,Senegal,country:SEN,owid_farmed_fish,False,candidate_pending_fetch_snapshot_license_and_QA,owid-farmed-fish-killed,,,,farmed fish proxy
release-candidate-2026-07-07.country-context.v0,SEN,Senegal,country:SEN,owid_wild_caught_fish,False,candidate_pending_fetch_snapshot_license_and_QA,owid-wild-caught-fish,,,,wild caught fish proxy
release-candidate-2026-07-07.country-context.v0,SEN,Senegal,country:SEN,owid_farmed_crustaceans,False,candidate_pending_fetch_snapshot_license_and_QA,owid-farmed-crustaceans,,,,farmed crustacean proxy
release-candidate-2026-07-07.country-context.v0,SEN,Senegal,country:SEN,owid_insecticide_use_fao,False,candidate_pending_fetch_snapshot_license_and_QA,owid-insecticide-use-fao,,,,insecticide use proxy from FAOSTAT via OWID
release-candidate-2026-07-07.country-context.v0,SEN,Senegal,country:SEN,fishcount_farmed_fish_terms_review,False,candidate_pending_fetch_snapshot_license_and_QA,fishcount-farmed-fish,,,,block until redistribution terms verified
release-candidate-2026-07-07.country-context.v0,SEN,Senegal,country:SEN,fishcount_wild_fish_terms_review,False,candidate_pending_fetch_snapshot_license_and_QA,fishcount-wild-fish,,,,block until redistribution terms verified
release-candidate-2026-07-07.country-context.v0,SEN,Senegal,country:SEN,fishcount_crustaceans_terms_review,False,candidate_pending_fetch_snapshot_license_and_QA,fishcount-farmed-decapods,,,,block until redistribution terms verified
release-candidate-2026-07-07.country-context.v0,SGP,Singapore,country:SGP,identity_boundary,True,candidate_pending_fetch_snapshot_license_and_QA,natural-earth-admin0;geoboundaries-adm1,,,,boundaries/context only
release-candidate-2026-07-07.country-context.v0,SGP,Singapore,country:SGP,wdi_population_land_agriculture,True,candidate_pending_fetch_snapshot_license_and_QA,world-bank-wdi-api,,,,"population, land area, agricultural land denominators"
release-candidate-2026-07-07.country-context.v0,SGP,Singapore,country:SGP,owid_land_animals_slaughtered,True,candidate_pending_fetch_snapshot_license_and_QA,owid-land-animals-slaughtered,,,,land animal slaughter proxy
release-candidate-2026-07-07.country-context.v0,SGP,Singapore,country:SGP,owid_farmed_fish,False,candidate_pending_fetch_snapshot_license_and_QA,owid-farmed-fish-killed,,,,farmed fish proxy
release-candidate-2026-07-07.country-context.v0,SGP,Singapore,country:SGP,owid_wild_caught_fish,False,candidate_pending_fetch_snapshot_license_and_QA,owid-wild-caught-fish,,,,wild caught fish proxy
release-candidate-2026-07-07.country-context.v0,SGP,Singapore,country:SGP,owid_farmed_crustaceans,False,candidate_pending_fetch_snapshot_license_and_QA,owid-farmed-crustaceans,,,,farmed crustacean proxy
release-candidate-2026-07-07.country-context.v0,SGP,Singapore,country:SGP,owid_insecticide_use_fao,False,candidate_pending_fetch_snapshot_license_and_QA,owid-insecticide-use-fao,,,,insecticide use proxy from FAOSTAT via OWID
release-candidate-2026-07-07.country-context.v0,SGP,Singapore,country:SGP,fishcount_farmed_fish_terms_review,False,candidate_pending_fetch_snapshot_license_and_QA,fishcount-farmed-fish,,,,block until redistribution terms verified
release-candidate-2026-07-07.country-context.v0,SGP,Singapore,country:SGP,fishcount_wild_fish_terms_review,False,candidate_pending_fetch_snapshot_license_and_QA,fishcount-wild-fish,,,,block until redistribution terms verified
release-candidate-2026-07-07.country-context.v0,SGP,Singapore,country:SGP,fishcount_crustaceans_terms_review,False,candidate_pending_fetch_snapshot_license_and_QA,fishcount-farmed-decapods,,,,block until redistribution terms verified
release-candidate-2026-07-07.country-context.v0,SGS,South Georgia and the South Sandwich Islands,country:SGS,identity_boundary,True,candidate_pending_fetch_snapshot_license_and_QA,natural-earth-admin0;geoboundaries-adm1,,,,boundaries/context only
release-candidate-2026-07-07.country-context.v0,SGS,South Georgia and the South Sandwich Islands,country:SGS,wdi_population_land_agriculture,True,candidate_pending_fetch_snapshot_license_and_QA,world-bank-wdi-api,,,,"population, land area, agricultural land denominators"
release-candidate-2026-07-07.country-context.v0,SGS,South Georgia and the South Sandwich Islands,country:SGS,owid_land_animals_slaughtered,True,candidate_pending_fetch_snapshot_license_and_QA,owid-land-animals-slaughtered,,,,land animal slaughter proxy
release-candidate-2026-07-07.country-context.v0,SGS,South Georgia and the South Sandwich Islands,country:SGS,owid_farmed_fish,False,candidate_pending_fetch_snapshot_license_and_QA,owid-farmed-fish-killed,,,,farmed fish proxy
release-candidate-2026-07-07.country-context.v0,SGS,South Georgia and the South Sandwich Islands,country:SGS,owid_wild_caught_fish,False,candidate_pending_fetch_snapshot_license_and_QA,owid-wild-caught-fish,,,,wild caught fish proxy
release-candidate-2026-07-07.country-context.v0,SGS,South Georgia and the South Sandwich Islands,country:SGS,owid_farmed_crustaceans,False,candidate_pending_fetch_snapshot_license_and_QA,owid-farmed-crustaceans,,,,farmed crustacean proxy
release-candidate-2026-07-07.country-context.v0,SGS,South Georgia and the South Sandwich Islands,country:SGS,owid_insecticide_use_fao,False,candidate_pending_fetch_snapshot_license_and_QA,owid-insecticide-use-fao,,,,insecticide use proxy from FAOSTAT via OWID
release-candidate-2026-07-07.country-context.v0,SGS,South Georgia and the South Sandwich Islands,country:SGS,fishcount_farmed_fish_terms_review,False,candidate_pending_fetch_snapshot_license_and_QA,fishcount-farmed-fish,,,,block until redistribution terms verified
release-candidate-2026-07-07.country-context.v0,SGS,South Georgia and the South Sandwich Islands,country:SGS,fishcount_wild_fish_terms_review,False,candidate_pending_fetch_snapshot_license_and_QA,fishcount-wild-fish,,,,block until redistribution terms verified
release-candidate-2026-07-07.country-context.v0,SGS,South Georgia and the South Sandwich Islands,country:SGS,fishcount_crustaceans_terms_review,False,candidate_pending_fetch_snapshot_license_and_QA,fishcount-farmed-decapods,,,,block until redistribution terms verified
release-candidate-2026-07-07.country-context.v0,SHN,"Saint Helena, Ascension and Tristan da Cunha",country:SHN,identity_boundary,True,candidate_pending_fetch_snapshot_license_and_QA,natural-earth-admin0;geoboundaries-adm1,,,,boundaries/context only
release-candidate-2026-07-07.country-context.v0,SHN,"Saint Helena, Ascension and Tristan da Cunha",country:SHN,wdi_population_land_agriculture,True,candidate_pending_fetch_snapshot_license_and_QA,world-bank-wdi-api,,,,"population, land area, agricultural land denominators"
release-candidate-2026-07-07.country-context.v0,SHN,"Saint Helena, Ascension and Tristan da Cunha",country:SHN,owid_land_animals_slaughtered,True,candidate_pending_fetch_snapshot_license_and_QA,owid-land-animals-slaughtered,,,,land animal slaughter proxy
release-candidate-2026-07-07.country-context.v0,SHN,"Saint Helena, Ascension and Tristan da Cunha",country:SHN,owid_farmed_fish,False,candidate_pending_fetch_snapshot_license_and_QA,owid-farmed-fish-killed,,,,farmed fish proxy
release-candidate-2026-07-07.country-context.v0,SHN,"Saint Helena, Ascension and Tristan da Cunha",country:SHN,owid_wild_caught_fish,False,candidate_pending_fetch_snapshot_license_and_QA,owid-wild-caught-fish,,,,wild caught fish proxy
release-candidate-2026-07-07.country-context.v0,SHN,"Saint Helena, Ascension and Tristan da Cunha",country:SHN,owid_farmed_crustaceans,False,candidate_pending_fetch_snapshot_license_and_QA,owid-farmed-crustaceans,,,,farmed crustacean proxy
release-candidate-2026-07-07.country-context.v0,SHN,"Saint Helena, Ascension and Tristan da Cunha",country:SHN,owid_insecticide_use_fao,False,candidate_pending_fetch_snapshot_license_and_QA,owid-insecticide-use-fao,,,,insecticide use proxy from FAOSTAT via OWID
release-candidate-2026-07-07.country-context.v0,SHN,"Saint Helena, Ascension and Tristan da Cunha",country:SHN,fishcount_farmed_fish_terms_review,False,candidate_pending_fetch_snapshot_license_and_QA,fishcount-farmed-fish,,,,block until redistribution terms verified
release-candidate-2026-07-07.country-context.v0,SHN,"Saint Helena, Ascension and Tristan da Cunha",country:SHN,fishcount_wild_fish_terms_review,False,candidate_pending_fetch_snapshot_license_and_QA,fishcount-wild-fish,,,,block until redistribution terms verified
release-candidate-2026-07-07.country-context.v0,SHN,"Saint Helena, Ascension and Tristan da Cunha",country:SHN,fishcount_crustaceans_terms_review,False,candidate_pending_fetch_snapshot_license_and_QA,fishcount-farmed-decapods,,,,block until redistribution terms verified
release-candidate-2026-07-07.country-context.v0,SJM,Svalbard and Jan Mayen,country:SJM,identity_boundary,True,candidate_pending_fetch_snapshot_license_and_QA,natural-earth-admin0;geoboundaries-adm1,,,,boundaries/context only
release-candidate-2026-07-07.country-context.v0,SJM,Svalbard and Jan Mayen,country:SJM,wdi_population_land_agriculture,True,candidate_pending_fetch_snapshot_license_and_QA,world-bank-wdi-api,,,,"population, land area, agricultural land denominators"
release-candidate-2026-07-07.country-context.v0,SJM,Svalbard and Jan Mayen,country:SJM,owid_land_animals_slaughtered,True,candidate_pending_fetch_snapshot_license_and_QA,owid-land-animals-slaughtered,,,,land animal slaughter proxy
release-candidate-2026-07-07.country-context.v0,SJM,Svalbard and Jan Mayen,country:SJM,owid_farmed_fish,False,candidate_pending_fetch_snapshot_license_and_QA,owid-farmed-fish-killed,,,,farmed fish proxy
release-candidate-2026-07-07.country-context.v0,SJM,Svalbard and Jan Mayen,country:SJM,owid_wild_caught_fish,False,candidate_pending_fetch_snapshot_license_and_QA,owid-wild-caught-fish,,,,wild caught fish proxy
release-candidate-2026-07-07.country-context.v0,SJM,Svalbard and Jan Mayen,country:SJM,owid_farmed_crustaceans,False,candidate_pending_fetch_snapshot_license_and_QA,owid-farmed-crustaceans,,,,farmed crustacean proxy
release-candidate-2026-07-07.country-context.v0,SJM,Svalbard and Jan Mayen,country:SJM,owid_insecticide_use_fao,False,candidate_pending_fetch_snapshot_license_and_QA,owid-insecticide-use-fao,,,,insecticide use proxy from FAOSTAT via OWID
release-candidate-2026-07-07.country-context.v0,SJM,Svalbard and Jan Mayen,country:SJM,fishcount_farmed_fish_terms_review,False,candidate_pending_fetch_snapshot_license_and_QA,fishcount-farmed-fish,,,,block until redistribution terms verified
release-candidate-2026-07-07.country-context.v0,SJM,Svalbard and Jan Mayen,country:SJM,fishcount_wild_fish_terms_review,False,candidate_pending_fetch_snapshot_license_and_QA,fishcount-wild-fish,,,,block until redistribution terms verified
release-candidate-2026-07-07.country-context.v0,SJM,Svalbard and Jan Mayen,country:SJM,fishcount_crustaceans_terms_review,False,candidate_pending_fetch_snapshot_license_and_QA,fishcount-farmed-decapods,,,,block until redistribution terms verified
release-candidate-2026-07-07.country-context.v0,SLB,Solomon Islands,country:SLB,identity_boundary,True,candidate_pending_fetch_snapshot_license_and_QA,natural-earth-admin0;geoboundaries-adm1,,,,boundaries/context only
release-candidate-2026-07-07.country-context.v0,SLB,Solomon Islands,country:SLB,wdi_population_land_agriculture,True,candidate_pending_fetch_snapshot_license_and_QA,world-bank-wdi-api,,,,"population, land area, agricultural land denominators"
release-candidate-2026-07-07.country-context.v0,SLB,Solomon Islands,country:SLB,owid_land_animals_slaughtered,True,candidate_pending_fetch_snapshot_license_and_QA,owid-land-animals-slaughtered,,,,land animal slaughter proxy
release-candidate-2026-07-07.country-context.v0,SLB,Solomon Islands,country:SLB,owid_farmed_fish,False,candidate_pending_fetch_snapshot_license_and_QA,owid-farmed-fish-killed,,,,farmed fish proxy
release-candidate-2026-07-07.country-context.v0,SLB,Solomon Islands,country:SLB,owid_wild_caught_fish,False,candidate_pending_fetch_snapshot_license_and_QA,owid-wild-caught-fish,,,,wild caught fish proxy
release-candidate-2026-07-07.country-context.v0,SLB,Solomon Islands,country:SLB,owid_farmed_crustaceans,False,candidate_pending_fetch_snapshot_license_and_QA,owid-farmed-crustaceans,,,,farmed crustacean proxy
release-candidate-2026-07-07.country-context.v0,SLB,Solomon Islands,country:SLB,owid_insecticide_use_fao,False,candidate_pending_fetch_snapshot_license_and_QA,owid-insecticide-use-fao,,,,insecticide use proxy from FAOSTAT via OWID
release-candidate-2026-07-07.country-context.v0,SLB,Solomon Islands,country:SLB,fishcount_farmed_fish_terms_review,False,candidate_pending_fetch_snapshot_license_and_QA,fishcount-farmed-fish,,,,block until redistribution terms verified
release-candidate-2026-07-07.country-context.v0,SLB,Solomon Islands,country:SLB,fishcount_wild_fish_terms_review,False,candidate_pending_fetch_snapshot_license_and_QA,fishcount-wild-fish,,,,block until redistribution terms verified
release-candidate-2026-07-07.country-context.v0,SLB,Solomon Islands,country:SLB,fishcount_crustaceans_terms_review,False,candidate_pending_fetch_snapshot_license_and_QA,fishcount-farmed-decapods,,,,block until redistribution terms verified
release-candidate-2026-07-07.country-context.v0,SLE,Sierra Leone,country:SLE,identity_boundary,True,candidate_pending_fetch_snapshot_license_and_QA,natural-earth-admin0;geoboundaries-adm1,,,,boundaries/context only
release-candidate-2026-07-07.country-context.v0,SLE,Sierra Leone,country:SLE,wdi_population_land_agriculture,True,candidate_pending_fetch_snapshot_license_and_QA,world-bank-wdi-api,,,,"population, land area, agricultural land denominators"
release-candidate-2026-07-07.country-context.v0,SLE,Sierra Leone,country:SLE,owid_land_animals_slaughtered,True,candidate_pending_fetch_snapshot_license_and_QA,owid-land-animals-slaughtered,,,,land animal slaughter proxy
release-candidate-2026-07-07.country-context.v0,SLE,Sierra Leone,country:SLE,owid_farmed_fish,False,candidate_pending_fetch_snapshot_license_and_QA,owid-farmed-fish-killed,,,,farmed fish proxy
release-candidate-2026-07-07.country-context.v0,SLE,Sierra Leone,country:SLE,owid_wild_caught_fish,False,candidate_pending_fetch_snapshot_license_and_QA,owid-wild-caught-fish,,,,wild caught fish proxy
release-candidate-2026-07-07.country-context.v0,SLE,Sierra Leone,country:SLE,owid_farmed_crustaceans,False,candidate_pending_fetch_snapshot_license_and_QA,owid-farmed-crustaceans,,,,farmed crustacean proxy
release-candidate-2026-07-07.country-context.v0,SLE,Sierra Leone,country:SLE,owid_insecticide_use_fao,False,candidate_pending_fetch_snapshot_license_and_QA,owid-insecticide-use-fao,,,,insecticide use proxy from FAOSTAT via OWID
release-candidate-2026-07-07.country-context.v0,SLE,Sierra Leone,country:SLE,fishcount_farmed_fish_terms_review,False,candidate_pending_fetch_snapshot_license_and_QA,fishcount-farmed-fish,,,,block until redistribution terms verified
release-candidate-2026-07-07.country-context.v0,SLE,Sierra Leone,country:SLE,fishcount_wild_fish_terms_review,False,candidate_pending_fetch_snapshot_license_and_QA,fishcount-wild-fish,,,,block until redistribution terms verified
release-candidate-2026-07-07.country-context.v0,SLE,Sierra Leone,country:SLE,fishcount_crustaceans_terms_review,False,candidate_pending_fetch_snapshot_license_and_QA,fishcount-farmed-decapods,,,,block until redistribution terms verified
release-candidate-2026-07-07.country-context.v0,SLV,El Salvador,country:SLV,identity_boundary,True,candidate_pending_fetch_snapshot_license_and_QA,natural-earth-admin0;geoboundaries-adm1,,,,boundaries/context only
release-candidate-2026-07-07.country-context.v0,SLV,El Salvador,country:SLV,wdi_population_land_agriculture,True,candidate_pending_fetch_snapshot_license_and_QA,world-bank-wdi-api,,,,"population, land area, agricultural land denominators"
release-candidate-2026-07-07.country-context.v0,SLV,El Salvador,country:SLV,owid_land_animals_slaughtered,True,candidate_pending_fetch_snapshot_license_and_QA,owid-land-animals-slaughtered,,,,land animal slaughter proxy
release-candidate-2026-07-07.country-context.v0,SLV,El Salvador,country:SLV,owid_farmed_fish,False,candidate_pending_fetch_snapshot_license_and_QA,owid-farmed-fish-killed,,,,farmed fish proxy
release-candidate-2026-07-07.country-context.v0,SLV,El Salvador,country:SLV,owid_wild_caught_fish,False,candidate_pending_fetch_snapshot_license_and_QA,owid-wild-caught-fish,,,,wild caught fish proxy
release-candidate-2026-07-07.country-context.v0,SLV,El Salvador,country:SLV,owid_farmed_crustaceans,False,candidate_pending_fetch_snapshot_license_and_QA,owid-farmed-crustaceans,,,,farmed crustacean proxy
release-candidate-2026-07-07.country-context.v0,SLV,El Salvador,country:SLV,owid_insecticide_use_fao,False,candidate_pending_fetch_snapshot_license_and_QA,owid-insecticide-use-fao,,,,insecticide use proxy from FAOSTAT via OWID
release-candidate-2026-07-07.country-context.v0,SLV,El Salvador,country:SLV,fishcount_farmed_fish_terms_review,False,candidate_pending_fetch_snapshot_license_and_QA,fishcount-farmed-fish,,,,block until redistribution terms verified
release-candidate-2026-07-07.country-context.v0,SLV,El Salvador,country:SLV,fishcount_wild_fish_terms_review,False,candidate_pending_fetch_snapshot_license_and_QA,fishcount-wild-fish,,,,block until redistribution terms verified
release-candidate-2026-07-07.country-context.v0,SLV,El Salvador,country:SLV,fishcount_crustaceans_terms_review,False,candidate_pending_fetch_snapshot_license_and_QA,fishcount-farmed-decapods,,,,block until redistribution terms verified
release-candidate-2026-07-07.country-context.v0,SMR,San Marino,country:SMR,identity_boundary,True,candidate_pending_fetch_snapshot_license_and_QA,natural-earth-admin0;geoboundaries-adm1,,,,boundaries/context only
release-candidate-2026-07-07.country-context.v0,SMR,San Marino,country:SMR,wdi_population_land_agriculture,True,candidate_pending_fetch_snapshot_license_and_QA,world-bank-wdi-api,,,,"population, land area, agricultural land denominators"
release-candidate-2026-07-07.country-context.v0,SMR,San Marino,country:SMR,owid_land_animals_slaughtered,True,candidate_pending_fetch_snapshot_license_and_QA,owid-land-animals-slaughtered,,,,land animal slaughter proxy
release-candidate-2026-07-07.country-context.v0,SMR,San Marino,country:SMR,owid_farmed_fish,False,candidate_pending_fetch_snapshot_license_and_QA,owid-farmed-fish-killed,,,,farmed fish proxy
release-candidate-2026-07-07.country-context.v0,SMR,San Marino,country:SMR,owid_wild_caught_fish,False,candidate_pending_fetch_snapshot_license_and_QA,owid-wild-caught-fish,,,,wild caught fish proxy
release-candidate-2026-07-07.country-context.v0,SMR,San Marino,country:SMR,owid_farmed_crustaceans,False,candidate_pending_fetch_snapshot_license_and_QA,owid-farmed-crustaceans,,,,farmed crustacean proxy
release-candidate-2026-07-07.country-context.v0,SMR,San Marino,country:SMR,owid_insecticide_use_fao,False,candidate_pending_fetch_snapshot_license_and_QA,owid-insecticide-use-fao,,,,insecticide use proxy from FAOSTAT via OWID
release-candidate-2026-07-07.country-context.v0,SMR,San Marino,country:SMR,fishcount_farmed_fish_terms_review,False,candidate_pending_fetch_snapshot_license_and_QA,fishcount-farmed-fish,,,,block until redistribution terms verified
release-candidate-2026-07-07.country-context.v0,SMR,San Marino,country:SMR,fishcount_wild_fish_terms_review,False,candidate_pending_fetch_snapshot_license_and_QA,fishcount-wild-fish,,,,block until redistribution terms verified
release-candidate-2026-07-07.country-context.v0,SMR,San Marino,country:SMR,fishcount_crustaceans_terms_review,False,candidate_pending_fetch_snapshot_license_and_QA,fishcount-farmed-decapods,,,,block until redistribution terms verified
release-candidate-2026-07-07.country-context.v0,SOM,Somalia,country:SOM,identity_boundary,True,candidate_pending_fetch_snapshot_license_and_QA,natural-earth-admin0;geoboundaries-adm1,,,,boundaries/context only
release-candidate-2026-07-07.country-context.v0,SOM,Somalia,country:SOM,wdi_population_land_agriculture,True,candidate_pending_fetch_snapshot_license_and_QA,world-bank-wdi-api,,,,"population, land area, agricultural land denominators"
release-candidate-2026-07-07.country-context.v0,SOM,Somalia,country:SOM,owid_land_animals_slaughtered,True,candidate_pending_fetch_snapshot_license_and_QA,owid-land-animals-slaughtered,,,,land animal slaughter proxy
release-candidate-2026-07-07.country-context.v0,SOM,Somalia,country:SOM,owid_farmed_fish,False,candidate_pending_fetch_snapshot_license_and_QA,owid-farmed-fish-killed,,,,farmed fish proxy
release-candidate-2026-07-07.country-context.v0,SOM,Somalia,country:SOM,owid_wild_caught_fish,False,candidate_pending_fetch_snapshot_license_and_QA,owid-wild-caught-fish,,,,wild caught fish proxy
release-candidate-2026-07-07.country-context.v0,SOM,Somalia,country:SOM,owid_farmed_crustaceans,False,candidate_pending_fetch_snapshot_license_and_QA,owid-farmed-crustaceans,,,,farmed crustacean proxy
release-candidate-2026-07-07.country-context.v0,SOM,Somalia,country:SOM,owid_insecticide_use_fao,False,candidate_pending_fetch_snapshot_license_and_QA,owid-insecticide-use-fao,,,,insecticide use proxy from FAOSTAT via OWID
release-candidate-2026-07-07.country-context.v0,SOM,Somalia,country:SOM,fishcount_farmed_fish_terms_review,False,candidate_pending_fetch_snapshot_license_and_QA,fishcount-farmed-fish,,,,block until redistribution terms verified
release-candidate-2026-07-07.country-context.v0,SOM,Somalia,country:SOM,fishcount_wild_fish_terms_review,False,candidate_pending_fetch_snapshot_license_and_QA,fishcount-wild-fish,,,,block until redistribution terms verified
release-candidate-2026-07-07.country-context.v0,SOM,Somalia,country:SOM,fishcount_crustaceans_terms_review,False,candidate_pending_fetch_snapshot_license_and_QA,fishcount-farmed-decapods,,,,block until redistribution terms verified
release-candidate-2026-07-07.country-context.v0,SPM,Saint Pierre and Miquelon,country:SPM,identity_boundary,True,candidate_pending_fetch_snapshot_license_and_QA,natural-earth-admin0;geoboundaries-adm1,,,,boundaries/context only
release-candidate-2026-07-07.country-context.v0,SPM,Saint Pierre and Miquelon,country:SPM,wdi_population_land_agriculture,True,candidate_pending_fetch_snapshot_license_and_QA,world-bank-wdi-api,,,,"population, land area, agricultural land denominators"
release-candidate-2026-07-07.country-context.v0,SPM,Saint Pierre and Miquelon,country:SPM,owid_land_animals_slaughtered,True,candidate_pending_fetch_snapshot_license_and_QA,owid-land-animals-slaughtered,,,,land animal slaughter proxy
release-candidate-2026-07-07.country-context.v0,SPM,Saint Pierre and Miquelon,country:SPM,owid_farmed_fish,False,candidate_pending_fetch_snapshot_license_and_QA,owid-farmed-fish-killed,,,,farmed fish proxy
release-candidate-2026-07-07.country-context.v0,SPM,Saint Pierre and Miquelon,country:SPM,owid_wild_caught_fish,False,candidate_pending_fetch_snapshot_license_and_QA,owid-wild-caught-fish,,,,wild caught fish proxy
release-candidate-2026-07-07.country-context.v0,SPM,Saint Pierre and Miquelon,country:SPM,owid_farmed_crustaceans,False,candidate_pending_fetch_snapshot_license_and_QA,owid-farmed-crustaceans,,,,farmed crustacean proxy
release-candidate-2026-07-07.country-context.v0,SPM,Saint Pierre and Miquelon,country:SPM,owid_insecticide_use_fao,False,candidate_pending_fetch_snapshot_license_and_QA,owid-insecticide-use-fao,,,,insecticide use proxy from FAOSTAT via OWID
release-candidate-2026-07-07.country-context.v0,SPM,Saint Pierre and Miquelon,country:SPM,fishcount_farmed_fish_terms_review,False,candidate_pending_fetch_snapshot_license_and_QA,fishcount-farmed-fish,,,,block until redistribution terms verified
release-candidate-2026-07-07.country-context.v0,SPM,Saint Pierre and Miquelon,country:SPM,fishcount_wild_fish_terms_review,False,candidate_pending_fetch_snapshot_license_and_QA,fishcount-wild-fish,,,,block until redistribution terms verified
release-candidate-2026-07-07.country-context.v0,SPM,Saint Pierre and Miquelon,country:SPM,fishcount_crustaceans_terms_review,False,candidate_pending_fetch_snapshot_license_and_QA,fishcount-farmed-decapods,,,,block until redistribution terms verified
release-candidate-2026-07-07.country-context.v0,SRB,Serbia,country:SRB,identity_boundary,True,candidate_pending_fetch_snapshot_license_and_QA,natural-earth-admin0;geoboundaries-adm1,,,,boundaries/context only
release-candidate-2026-07-07.country-context.v0,SRB,Serbia,country:SRB,wdi_population_land_agriculture,True,candidate_pending_fetch_snapshot_license_and_QA,world-bank-wdi-api,,,,"population, land area, agricultural land denominators"
release-candidate-2026-07-07.country-context.v0,SRB,Serbia,country:SRB,owid_land_animals_slaughtered,True,candidate_pending_fetch_snapshot_license_and_QA,owid-land-animals-slaughtered,,,,land animal slaughter proxy
release-candidate-2026-07-07.country-context.v0,SRB,Serbia,country:SRB,owid_farmed_fish,False,candidate_pending_fetch_snapshot_license_and_QA,owid-farmed-fish-killed,,,,farmed fish proxy
release-candidate-2026-07-07.country-context.v0,SRB,Serbia,country:SRB,owid_wild_caught_fish,False,candidate_pending_fetch_snapshot_license_and_QA,owid-wild-caught-fish,,,,wild caught fish proxy
release-candidate-2026-07-07.country-context.v0,SRB,Serbia,country:SRB,owid_farmed_crustaceans,False,candidate_pending_fetch_snapshot_license_and_QA,owid-farmed-crustaceans,,,,farmed crustacean proxy
release-candidate-2026-07-07.country-context.v0,SRB,Serbia,country:SRB,owid_insecticide_use_fao,False,candidate_pending_fetch_snapshot_license_and_QA,owid-insecticide-use-fao,,,,insecticide use proxy from FAOSTAT via OWID
release-candidate-2026-07-07.country-context.v0,SRB,Serbia,country:SRB,fishcount_farmed_fish_terms_review,False,candidate_pending_fetch_snapshot_license_and_QA,fishcount-farmed-fish,,,,block until redistribution terms verified
release-candidate-2026-07-07.country-context.v0,SRB,Serbia,country:SRB,fishcount_wild_fish_terms_review,False,candidate_pending_fetch_snapshot_license_and_QA,fishcount-wild-fish,,,,block until redistribution terms verified
release-candidate-2026-07-07.country-context.v0,SRB,Serbia,country:SRB,fishcount_crustaceans_terms_review,False,candidate_pending_fetch_snapshot_license_and_QA,fishcount-farmed-decapods,,,,block until redistribution terms verified
release-candidate-2026-07-07.country-context.v0,SSD,South Sudan,country:SSD,identity_boundary,True,candidate_pending_fetch_snapshot_license_and_QA,natural-earth-admin0;geoboundaries-adm1,,,,boundaries/context only
release-candidate-2026-07-07.country-context.v0,SSD,South Sudan,country:SSD,wdi_population_land_agriculture,True,candidate_pending_fetch_snapshot_license_and_QA,world-bank-wdi-api,,,,"population, land area, agricultural land denominators"
release-candidate-2026-07-07.country-context.v0,SSD,South Sudan,country:SSD,owid_land_animals_slaughtered,True,candidate_pending_fetch_snapshot_license_and_QA,owid-land-animals-slaughtered,,,,land animal slaughter proxy
release-candidate-2026-07-07.country-context.v0,SSD,South Sudan,country:SSD,owid_farmed_fish,False,candidate_pending_fetch_snapshot_license_and_QA,owid-farmed-fish-killed,,,,farmed fish proxy
release-candidate-2026-07-07.country-context.v0,SSD,South Sudan,country:SSD,owid_wild_caught_fish,False,candidate_pending_fetch_snapshot_license_and_QA,owid-wild-caught-fish,,,,wild caught fish proxy
release-candidate-2026-07-07.country-context.v0,SSD,South Sudan,country:SSD,owid_farmed_crustaceans,False,candidate_pending_fetch_snapshot_license_and_QA,owid-farmed-crustaceans,,,,farmed crustacean proxy
release-candidate-2026-07-07.country-context.v0,SSD,South Sudan,country:SSD,owid_insecticide_use_fao,False,candidate_pending_fetch_snapshot_license_and_QA,owid-insecticide-use-fao,,,,insecticide use proxy from FAOSTAT via OWID
release-candidate-2026-07-07.country-context.v0,SSD,South Sudan,country:SSD,fishcount_farmed_fish_terms_review,False,candidate_pending_fetch_snapshot_license_and_QA,fishcount-farmed-fish,,,,block until redistribution terms verified
release-candidate-2026-07-07.country-context.v0,SSD,South Sudan,country:SSD,fishcount_wild_fish_terms_review,False,candidate_pending_fetch_snapshot_license_and_QA,fishcount-wild-fish,,,,block until redistribution terms verified
release-candidate-2026-07-07.country-context.v0,SSD,South Sudan,country:SSD,fishcount_crustaceans_terms_review,False,candidate_pending_fetch_snapshot_license_and_QA,fishcount-farmed-decapods,,,,block until redistribution terms verified
release-candidate-2026-07-07.country-context.v0,STP,Sao Tome and Principe,country:STP,identity_boundary,True,candidate_pending_fetch_snapshot_license_and_QA,natural-earth-admin0;geoboundaries-adm1,,,,boundaries/context only
release-candidate-2026-07-07.country-context.v0,STP,Sao Tome and Principe,country:STP,wdi_population_land_agriculture,True,candidate_pending_fetch_snapshot_license_and_QA,world-bank-wdi-api,,,,"population, land area, agricultural land denominators"
release-candidate-2026-07-07.country-context.v0,STP,Sao Tome and Principe,country:STP,owid_land_animals_slaughtered,True,candidate_pending_fetch_snapshot_license_and_QA,owid-land-animals-slaughtered,,,,land animal slaughter proxy
release-candidate-2026-07-07.country-context.v0,STP,Sao Tome and Principe,country:STP,owid_farmed_fish,False,candidate_pending_fetch_snapshot_license_and_QA,owid-farmed-fish-killed,,,,farmed fish proxy
release-candidate-2026-07-07.country-context.v0,STP,Sao Tome and Principe,country:STP,owid_wild_caught_fish,False,candidate_pending_fetch_snapshot_license_and_QA,owid-wild-caught-fish,,,,wild caught fish proxy
release-candidate-2026-07-07.country-context.v0,STP,Sao Tome and Principe,country:STP,owid_farmed_crustaceans,False,candidate_pending_fetch_snapshot_license_and_QA,owid-farmed-crustaceans,,,,farmed crustacean proxy
release-candidate-2026-07-07.country-context.v0,STP,Sao Tome and Principe,country:STP,owid_insecticide_use_fao,False,candidate_pending_fetch_snapshot_license_and_QA,owid-insecticide-use-fao,,,,insecticide use proxy from FAOSTAT via OWID
release-candidate-2026-07-07.country-context.v0,STP,Sao Tome and Principe,country:STP,fishcount_farmed_fish_terms_review,False,candidate_pending_fetch_snapshot_license_and_QA,fishcount-farmed-fish,,,,block until redistribution terms verified
release-candidate-2026-07-07.country-context.v0,STP,Sao Tome and Principe,country:STP,fishcount_wild_fish_terms_review,False,candidate_pending_fetch_snapshot_license_and_QA,fishcount-wild-fish,,,,block until redistribution terms verified
release-candidate-2026-07-07.country-context.v0,STP,Sao Tome and Principe,country:STP,fishcount_crustaceans_terms_review,False,candidate_pending_fetch_snapshot_license_and_QA,fishcount-farmed-decapods,,,,block until redistribution terms verified
release-candidate-2026-07-07.country-context.v0,SUR,Suriname,country:SUR,identity_boundary,True,candidate_pending_fetch_snapshot_license_and_QA,natural-earth-admin0;geoboundaries-adm1,,,,boundaries/context only
release-candidate-2026-07-07.country-context.v0,SUR,Suriname,country:SUR,wdi_population_land_agriculture,True,candidate_pending_fetch_snapshot_license_and_QA,world-bank-wdi-api,,,,"population, land area, agricultural land denominators"
release-candidate-2026-07-07.country-context.v0,SUR,Suriname,country:SUR,owid_land_animals_slaughtered,True,candidate_pending_fetch_snapshot_license_and_QA,owid-land-animals-slaughtered,,,,land animal slaughter proxy
release-candidate-2026-07-07.country-context.v0,SUR,Suriname,country:SUR,owid_farmed_fish,False,candidate_pending_fetch_snapshot_license_and_QA,owid-farmed-fish-killed,,,,farmed fish proxy
release-candidate-2026-07-07.country-context.v0,SUR,Suriname,country:SUR,owid_wild_caught_fish,False,candidate_pending_fetch_snapshot_license_and_QA,owid-wild-caught-fish,,,,wild caught fish proxy
release-candidate-2026-07-07.country-context.v0,SUR,Suriname,country:SUR,owid_farmed_crustaceans,False,candidate_pending_fetch_snapshot_license_and_QA,owid-farmed-crustaceans,,,,farmed crustacean proxy
release-candidate-2026-07-07.country-context.v0,SUR,Suriname,country:SUR,owid_insecticide_use_fao,False,candidate_pending_fetch_snapshot_license_and_QA,owid-insecticide-use-fao,,,,insecticide use proxy from FAOSTAT via OWID
release-candidate-2026-07-07.country-context.v0,SUR,Suriname,country:SUR,fishcount_farmed_fish_terms_review,False,candidate_pending_fetch_snapshot_license_and_QA,fishcount-farmed-fish,,,,block until redistribution terms verified
release-candidate-2026-07-07.country-context.v0,SUR,Suriname,country:SUR,fishcount_wild_fish_terms_review,False,candidate_pending_fetch_snapshot_license_and_QA,fishcount-wild-fish,,,,block until redistribution terms verified
release-candidate-2026-07-07.country-context.v0,SUR,Suriname,country:SUR,fishcount_crustaceans_terms_review,False,candidate_pending_fetch_snapshot_license_and_QA,fishcount-farmed-decapods,,,,block until redistribution terms verified
release-candidate-2026-07-07.country-context.v0,SVK,Slovakia,country:SVK,identity_boundary,True,candidate_pending_fetch_snapshot_license_and_QA,natural-earth-admin0;geoboundaries-adm1,,,,boundaries/context only
release-candidate-2026-07-07.country-context.v0,SVK,Slovakia,country:SVK,wdi_population_land_agriculture,True,candidate_pending_fetch_snapshot_license_and_QA,world-bank-wdi-api,,,,"population, land area, agricultural land denominators"
release-candidate-2026-07-07.country-context.v0,SVK,Slovakia,country:SVK,owid_land_animals_slaughtered,True,candidate_pending_fetch_snapshot_license_and_QA,owid-land-animals-slaughtered,,,,land animal slaughter proxy
release-candidate-2026-07-07.country-context.v0,SVK,Slovakia,country:SVK,owid_farmed_fish,False,candidate_pending_fetch_snapshot_license_and_QA,owid-farmed-fish-killed,,,,farmed fish proxy
release-candidate-2026-07-07.country-context.v0,SVK,Slovakia,country:SVK,owid_wild_caught_fish,False,candidate_pending_fetch_snapshot_license_and_QA,owid-wild-caught-fish,,,,wild caught fish proxy
release-candidate-2026-07-07.country-context.v0,SVK,Slovakia,country:SVK,owid_farmed_crustaceans,False,candidate_pending_fetch_snapshot_license_and_QA,owid-farmed-crustaceans,,,,farmed crustacean proxy
release-candidate-2026-07-07.country-context.v0,SVK,Slovakia,country:SVK,owid_insecticide_use_fao,False,candidate_pending_fetch_snapshot_license_and_QA,owid-insecticide-use-fao,,,,insecticide use proxy from FAOSTAT via OWID
release-candidate-2026-07-07.country-context.v0,SVK,Slovakia,country:SVK,fishcount_farmed_fish_terms_review,False,candidate_pending_fetch_snapshot_license_and_QA,fishcount-farmed-fish,,,,block until redistribution terms verified
release-candidate-2026-07-07.country-context.v0,SVK,Slovakia,country:SVK,fishcount_wild_fish_terms_review,False,candidate_pending_fetch_snapshot_license_and_QA,fishcount-wild-fish,,,,block until redistribution terms verified
release-candidate-2026-07-07.country-context.v0,SVK,Slovakia,country:SVK,fishcount_crustaceans_terms_review,False,candidate_pending_fetch_snapshot_license_and_QA,fishcount-farmed-decapods,,,,block until redistribution terms verified
release-candidate-2026-07-07.country-context.v0,SVN,Slovenia,country:SVN,identity_boundary,True,candidate_pending_fetch_snapshot_license_and_QA,natural-earth-admin0;geoboundaries-adm1,,,,boundaries/context only
release-candidate-2026-07-07.country-context.v0,SVN,Slovenia,country:SVN,wdi_population_land_agriculture,True,candidate_pending_fetch_snapshot_license_and_QA,world-bank-wdi-api,,,,"population, land area, agricultural land denominators"
release-candidate-2026-07-07.country-context.v0,SVN,Slovenia,country:SVN,owid_land_animals_slaughtered,True,candidate_pending_fetch_snapshot_license_and_QA,owid-land-animals-slaughtered,,,,land animal slaughter proxy
release-candidate-2026-07-07.country-context.v0,SVN,Slovenia,country:SVN,owid_farmed_fish,False,candidate_pending_fetch_snapshot_license_and_QA,owid-farmed-fish-killed,,,,farmed fish proxy
release-candidate-2026-07-07.country-context.v0,SVN,Slovenia,country:SVN,owid_wild_caught_fish,False,candidate_pending_fetch_snapshot_license_and_QA,owid-wild-caught-fish,,,,wild caught fish proxy
release-candidate-2026-07-07.country-context.v0,SVN,Slovenia,country:SVN,owid_farmed_crustaceans,False,candidate_pending_fetch_snapshot_license_and_QA,owid-farmed-crustaceans,,,,farmed crustacean proxy
release-candidate-2026-07-07.country-context.v0,SVN,Slovenia,country:SVN,owid_insecticide_use_fao,False,candidate_pending_fetch_snapshot_license_and_QA,owid-insecticide-use-fao,,,,insecticide use proxy from FAOSTAT via OWID
release-candidate-2026-07-07.country-context.v0,SVN,Slovenia,country:SVN,fishcount_farmed_fish_terms_review,False,candidate_pending_fetch_snapshot_license_and_QA,fishcount-farmed-fish,,,,block until redistribution terms verified
release-candidate-2026-07-07.country-context.v0,SVN,Slovenia,country:SVN,fishcount_wild_fish_terms_review,False,candidate_pending_fetch_snapshot_license_and_QA,fishcount-wild-fish,,,,block until redistribution terms verified
release-candidate-2026-07-07.country-context.v0,SVN,Slovenia,country:SVN,fishcount_crustaceans_terms_review,False,candidate_pending_fetch_snapshot_license_and_QA,fishcount-farmed-decapods,,,,block until redistribution terms verified
release-candidate-2026-07-07.country-context.v0,SWE,Sweden,country:SWE,identity_boundary,True,candidate_pending_fetch_snapshot_license_and_QA,natural-earth-admin0;geoboundaries-adm1,,,,boundaries/context only
release-candidate-2026-07-07.country-context.v0,SWE,Sweden,country:SWE,wdi_population_land_agriculture,True,candidate_pending_fetch_snapshot_license_and_QA,world-bank-wdi-api,,,,"population, land area, agricultural land denominators"
release-candidate-2026-07-07.country-context.v0,SWE,Sweden,country:SWE,owid_land_animals_slaughtered,True,candidate_pending_fetch_snapshot_license_and_QA,owid-land-animals-slaughtered,,,,land animal slaughter proxy
release-candidate-2026-07-07.country-context.v0,SWE,Sweden,country:SWE,owid_farmed_fish,False,candidate_pending_fetch_snapshot_license_and_QA,owid-farmed-fish-killed,,,,farmed fish proxy
release-candidate-2026-07-07.country-context.v0,SWE,Sweden,country:SWE,owid_wild_caught_fish,False,candidate_pending_fetch_snapshot_license_and_QA,owid-wild-caught-fish,,,,wild caught fish proxy
release-candidate-2026-07-07.country-context.v0,SWE,Sweden,country:SWE,owid_farmed_crustaceans,False,candidate_pending_fetch_snapshot_license_and_QA,owid-farmed-crustaceans,,,,farmed crustacean proxy
release-candidate-2026-07-07.country-context.v0,SWE,Sweden,country:SWE,owid_insecticide_use_fao,False,candidate_pending_fetch_snapshot_license_and_QA,owid-insecticide-use-fao,,,,insecticide use proxy from FAOSTAT via OWID
release-candidate-2026-07-07.country-context.v0,SWE,Sweden,country:SWE,fishcount_farmed_fish_terms_review,False,candidate_pending_fetch_snapshot_license_and_QA,fishcount-farmed-fish,,,,block until redistribution terms verified
release-candidate-2026-07-07.country-context.v0,SWE,Sweden,country:SWE,fishcount_wild_fish_terms_review,False,candidate_pending_fetch_snapshot_license_and_QA,fishcount-wild-fish,,,,block until redistribution terms verified
release-candidate-2026-07-07.country-context.v0,SWE,Sweden,country:SWE,fishcount_crustaceans_terms_review,False,candidate_pending_fetch_snapshot_license_and_QA,fishcount-farmed-decapods,,,,block until redistribution terms verified
release-candidate-2026-07-07.country-context.v0,SWZ,Eswatini,country:SWZ,identity_boundary,True,candidate_pending_fetch_snapshot_license_and_QA,natural-earth-admin0;geoboundaries-adm1,,,,boundaries/context only
release-candidate-2026-07-07.country-context.v0,SWZ,Eswatini,country:SWZ,wdi_population_land_agriculture,True,candidate_pending_fetch_snapshot_license_and_QA,world-bank-wdi-api,,,,"population, land area, agricultural land denominators"
release-candidate-2026-07-07.country-context.v0,SWZ,Eswatini,country:SWZ,owid_land_animals_slaughtered,True,candidate_pending_fetch_snapshot_license_and_QA,owid-land-animals-slaughtered,,,,land animal slaughter proxy
release-candidate-2026-07-07.country-context.v0,SWZ,Eswatini,country:SWZ,owid_farmed_fish,False,candidate_pending_fetch_snapshot_license_and_QA,owid-farmed-fish-killed,,,,farmed fish proxy
release-candidate-2026-07-07.country-context.v0,SWZ,Eswatini,country:SWZ,owid_wild_caught_fish,False,candidate_pending_fetch_snapshot_license_and_QA,owid-wild-caught-fish,,,,wild caught fish proxy
release-candidate-2026-07-07.country-context.v0,SWZ,Eswatini,country:SWZ,owid_farmed_crustaceans,False,candidate_pending_fetch_snapshot_license_and_QA,owid-farmed-crustaceans,,,,farmed crustacean proxy
release-candidate-2026-07-07.country-context.v0,SWZ,Eswatini,country:SWZ,owid_insecticide_use_fao,False,candidate_pending_fetch_snapshot_license_and_QA,owid-insecticide-use-fao,,,,insecticide use proxy from FAOSTAT via OWID
release-candidate-2026-07-07.country-context.v0,SWZ,Eswatini,country:SWZ,fishcount_farmed_fish_terms_review,False,candidate_pending_fetch_snapshot_license_and_QA,fishcount-farmed-fish,,,,block until redistribution terms verified
release-candidate-2026-07-07.country-context.v0,SWZ,Eswatini,country:SWZ,fishcount_wild_fish_terms_review,False,candidate_pending_fetch_snapshot_license_and_QA,fishcount-wild-fish,,,,block until redistribution terms verified
release-candidate-2026-07-07.country-context.v0,SWZ,Eswatini,country:SWZ,fishcount_crustaceans_terms_review,False,candidate_pending_fetch_snapshot_license_and_QA,fishcount-farmed-decapods,,,,block until redistribution terms verified
release-candidate-2026-07-07.country-context.v0,SXM,Sint Maarten (Dutch part),country:SXM,identity_boundary,True,candidate_pending_fetch_snapshot_license_and_QA,natural-earth-admin0;geoboundaries-adm1,,,,boundaries/context only
release-candidate-2026-07-07.country-context.v0,SXM,Sint Maarten (Dutch part),country:SXM,wdi_population_land_agriculture,True,candidate_pending_fetch_snapshot_license_and_QA,world-bank-wdi-api,,,,"population, land area, agricultural land denominators"
release-candidate-2026-07-07.country-context.v0,SXM,Sint Maarten (Dutch part),country:SXM,owid_land_animals_slaughtered,True,candidate_pending_fetch_snapshot_license_and_QA,owid-land-animals-slaughtered,,,,land animal slaughter proxy
release-candidate-2026-07-07.country-context.v0,SXM,Sint Maarten (Dutch part),country:SXM,owid_farmed_fish,False,candidate_pending_fetch_snapshot_license_and_QA,owid-farmed-fish-killed,,,,farmed fish proxy
release-candidate-2026-07-07.country-context.v0,SXM,Sint Maarten (Dutch part),country:SXM,owid_wild_caught_fish,False,candidate_pending_fetch_snapshot_license_and_QA,owid-wild-caught-fish,,,,wild caught fish proxy
release-candidate-2026-07-07.country-context.v0,SXM,Sint Maarten (Dutch part),country:SXM,owid_farmed_crustaceans,False,candidate_pending_fetch_snapshot_license_and_QA,owid-farmed-crustaceans,,,,farmed crustacean proxy
release-candidate-2026-07-07.country-context.v0,SXM,Sint Maarten (Dutch part),country:SXM,owid_insecticide_use_fao,False,candidate_pending_fetch_snapshot_license_and_QA,owid-insecticide-use-fao,,,,insecticide use proxy from FAOSTAT via OWID
release-candidate-2026-07-07.country-context.v0,SXM,Sint Maarten (Dutch part),country:SXM,fishcount_farmed_fish_terms_review,False,candidate_pending_fetch_snapshot_license_and_QA,fishcount-farmed-fish,,,,block until redistribution terms verified
release-candidate-2026-07-07.country-context.v0,SXM,Sint Maarten (Dutch part),country:SXM,fishcount_wild_fish_terms_review,False,candidate_pending_fetch_snapshot_license_and_QA,fishcount-wild-fish,,,,block until redistribution terms verified
release-candidate-2026-07-07.country-context.v0,SXM,Sint Maarten (Dutch part),country:SXM,fishcount_crustaceans_terms_review,False,candidate_pending_fetch_snapshot_license_and_QA,fishcount-farmed-decapods,,,,block until redistribution terms verified
release-candidate-2026-07-07.country-context.v0,SYC,Seychelles,country:SYC,identity_boundary,True,candidate_pending_fetch_snapshot_license_and_QA,natural-earth-admin0;geoboundaries-adm1,,,,boundaries/context only
release-candidate-2026-07-07.country-context.v0,SYC,Seychelles,country:SYC,wdi_population_land_agriculture,True,candidate_pending_fetch_snapshot_license_and_QA,world-bank-wdi-api,,,,"population, land area, agricultural land denominators"
release-candidate-2026-07-07.country-context.v0,SYC,Seychelles,country:SYC,owid_land_animals_slaughtered,True,candidate_pending_fetch_snapshot_license_and_QA,owid-land-animals-slaughtered,,,,land animal slaughter proxy
release-candidate-2026-07-07.country-context.v0,SYC,Seychelles,country:SYC,owid_farmed_fish,False,candidate_pending_fetch_snapshot_license_and_QA,owid-farmed-fish-killed,,,,farmed fish proxy
release-candidate-2026-07-07.country-context.v0,SYC,Seychelles,country:SYC,owid_wild_caught_fish,False,candidate_pending_fetch_snapshot_license_and_QA,owid-wild-caught-fish,,,,wild caught fish proxy
release-candidate-2026-07-07.country-context.v0,SYC,Seychelles,country:SYC,owid_farmed_crustaceans,False,candidate_pending_fetch_snapshot_license_and_QA,owid-farmed-crustaceans,,,,farmed crustacean proxy
release-candidate-2026-07-07.country-context.v0,SYC,Seychelles,country:SYC,owid_insecticide_use_fao,False,candidate_pending_fetch_snapshot_license_and_QA,owid-insecticide-use-fao,,,,insecticide use proxy from FAOSTAT via OWID
release-candidate-2026-07-07.country-context.v0,SYC,Seychelles,country:SYC,fishcount_farmed_fish_terms_review,False,candidate_pending_fetch_snapshot_license_and_QA,fishcount-farmed-fish,,,,block until redistribution terms verified
release-candidate-2026-07-07.country-context.v0,SYC,Seychelles,country:SYC,fishcount_wild_fish_terms_review,False,candidate_pending_fetch_snapshot_license_and_QA,fishcount-wild-fish,,,,block until redistribution terms verified
release-candidate-2026-07-07.country-context.v0,SYC,Seychelles,country:SYC,fishcount_crustaceans_terms_review,False,candidate_pending_fetch_snapshot_license_and_QA,fishcount-farmed-decapods,,,,block until redistribution terms verified
release-candidate-2026-07-07.country-context.v0,SYR,Syrian Arab Republic,country:SYR,identity_boundary,True,candidate_pending_fetch_snapshot_license_and_QA,natural-earth-admin0;geoboundaries-adm1,,,,boundaries/context only
release-candidate-2026-07-07.country-context.v0,SYR,Syrian Arab Republic,country:SYR,wdi_population_land_agriculture,True,candidate_pending_fetch_snapshot_license_and_QA,world-bank-wdi-api,,,,"population, land area, agricultural land denominators"
release-candidate-2026-07-07.country-context.v0,SYR,Syrian Arab Republic,country:SYR,owid_land_animals_slaughtered,True,candidate_pending_fetch_snapshot_license_and_QA,owid-land-animals-slaughtered,,,,land animal slaughter proxy
release-candidate-2026-07-07.country-context.v0,SYR,Syrian Arab Republic,country:SYR,owid_farmed_fish,False,candidate_pending_fetch_snapshot_license_and_QA,owid-farmed-fish-killed,,,,farmed fish proxy
release-candidate-2026-07-07.country-context.v0,SYR,Syrian Arab Republic,country:SYR,owid_wild_caught_fish,False,candidate_pending_fetch_snapshot_license_and_QA,owid-wild-caught-fish,,,,wild caught fish proxy
release-candidate-2026-07-07.country-context.v0,SYR,Syrian Arab Republic,country:SYR,owid_farmed_crustaceans,False,candidate_pending_fetch_snapshot_license_and_QA,owid-farmed-crustaceans,,,,farmed crustacean proxy
release-candidate-2026-07-07.country-context.v0,SYR,Syrian Arab Republic,country:SYR,owid_insecticide_use_fao,False,candidate_pending_fetch_snapshot_license_and_QA,owid-insecticide-use-fao,,,,insecticide use proxy from FAOSTAT via OWID
release-candidate-2026-07-07.country-context.v0,SYR,Syrian Arab Republic,country:SYR,fishcount_farmed_fish_terms_review,False,candidate_pending_fetch_snapshot_license_and_QA,fishcount-farmed-fish,,,,block until redistribution terms verified
release-candidate-2026-07-07.country-context.v0,SYR,Syrian Arab Republic,country:SYR,fishcount_wild_fish_terms_review,False,candidate_pending_fetch_snapshot_license_and_QA,fishcount-wild-fish,,,,block until redistribution terms verified
release-candidate-2026-07-07.country-context.v0,SYR,Syrian Arab Republic,country:SYR,fishcount_crustaceans_terms_review,False,candidate_pending_fetch_snapshot_license_and_QA,fishcount-farmed-decapods,,,,block until redistribution terms verified
release-candidate-2026-07-07.country-context.v0,TCA,Turks and Caicos Islands,country:TCA,identity_boundary,True,candidate_pending_fetch_snapshot_license_and_QA,natural-earth-admin0;geoboundaries-adm1,,,,boundaries/context only
release-candidate-2026-07-07.country-context.v0,TCA,Turks and Caicos Islands,country:TCA,wdi_population_land_agriculture,True,candidate_pending_fetch_snapshot_license_and_QA,world-bank-wdi-api,,,,"population, land area, agricultural land denominators"
release-candidate-2026-07-07.country-context.v0,TCA,Turks and Caicos Islands,country:TCA,owid_land_animals_slaughtered,True,candidate_pending_fetch_snapshot_license_and_QA,owid-land-animals-slaughtered,,,,land animal slaughter proxy
release-candidate-2026-07-07.country-context.v0,TCA,Turks and Caicos Islands,country:TCA,owid_farmed_fish,False,candidate_pending_fetch_snapshot_license_and_QA,owid-farmed-fish-killed,,,,farmed fish proxy
release-candidate-2026-07-07.country-context.v0,TCA,Turks and Caicos Islands,country:TCA,owid_wild_caught_fish,False,candidate_pending_fetch_snapshot_license_and_QA,owid-wild-caught-fish,,,,wild caught fish proxy
release-candidate-2026-07-07.country-context.v0,TCA,Turks and Caicos Islands,country:TCA,owid_farmed_crustaceans,False,candidate_pending_fetch_snapshot_license_and_QA,owid-farmed-crustaceans,,,,farmed crustacean proxy
release-candidate-2026-07-07.country-context.v0,TCA,Turks and Caicos Islands,country:TCA,owid_insecticide_use_fao,False,candidate_pending_fetch_snapshot_license_and_QA,owid-insecticide-use-fao,,,,insecticide use proxy from FAOSTAT via OWID
release-candidate-2026-07-07.country-context.v0,TCA,Turks and Caicos Islands,country:TCA,fishcount_farmed_fish_terms_review,False,candidate_pending_fetch_snapshot_license_and_QA,fishcount-farmed-fish,,,,block until redistribution terms verified
release-candidate-2026-07-07.country-context.v0,TCA,Turks and Caicos Islands,country:TCA,fishcount_wild_fish_terms_review,False,candidate_pending_fetch_snapshot_license_and_QA,fishcount-wild-fish,,,,block until redistribution terms verified
release-candidate-2026-07-07.country-context.v0,TCA,Turks and Caicos Islands,country:TCA,fishcount_crustaceans_terms_review,False,candidate_pending_fetch_snapshot_license_and_QA,fishcount-farmed-decapods,,,,block until redistribution terms verified
release-candidate-2026-07-07.country-context.v0,TCD,Chad,country:TCD,identity_boundary,True,candidate_pending_fetch_snapshot_license_and_QA,natural-earth-admin0;geoboundaries-adm1,,,,boundaries/context only
release-candidate-2026-07-07.country-context.v0,TCD,Chad,country:TCD,wdi_population_land_agriculture,True,candidate_pending_fetch_snapshot_license_and_QA,world-bank-wdi-api,,,,"population, land area, agricultural land denominators"
release-candidate-2026-07-07.country-context.v0,TCD,Chad,country:TCD,owid_land_animals_slaughtered,True,candidate_pending_fetch_snapshot_license_and_QA,owid-land-animals-slaughtered,,,,land animal slaughter proxy
release-candidate-2026-07-07.country-context.v0,TCD,Chad,country:TCD,owid_farmed_fish,False,candidate_pending_fetch_snapshot_license_and_QA,owid-farmed-fish-killed,,,,farmed fish proxy
release-candidate-2026-07-07.country-context.v0,TCD,Chad,country:TCD,owid_wild_caught_fish,False,candidate_pending_fetch_snapshot_license_and_QA,owid-wild-caught-fish,,,,wild caught fish proxy
release-candidate-2026-07-07.country-context.v0,TCD,Chad,country:TCD,owid_farmed_crustaceans,False,candidate_pending_fetch_snapshot_license_and_QA,owid-farmed-crustaceans,,,,farmed crustacean proxy
release-candidate-2026-07-07.country-context.v0,TCD,Chad,country:TCD,owid_insecticide_use_fao,False,candidate_pending_fetch_snapshot_license_and_QA,owid-insecticide-use-fao,,,,insecticide use proxy from FAOSTAT via OWID
release-candidate-2026-07-07.country-context.v0,TCD,Chad,country:TCD,fishcount_farmed_fish_terms_review,False,candidate_pending_fetch_snapshot_license_and_QA,fishcount-farmed-fish,,,,block until redistribution terms verified
release-candidate-2026-07-07.country-context.v0,TCD,Chad,country:TCD,fishcount_wild_fish_terms_review,False,candidate_pending_fetch_snapshot_license_and_QA,fishcount-wild-fish,,,,block until redistribution terms verified
release-candidate-2026-07-07.country-context.v0,TCD,Chad,country:TCD,fishcount_crustaceans_terms_review,False,candidate_pending_fetch_snapshot_license_and_QA,fishcount-farmed-decapods,,,,block until redistribution terms verified
release-candidate-2026-07-07.country-context.v0,TGO,Togo,country:TGO,identity_boundary,True,candidate_pending_fetch_snapshot_license_and_QA,natural-earth-admin0;geoboundaries-adm1,,,,boundaries/context only
release-candidate-2026-07-07.country-context.v0,TGO,Togo,country:TGO,wdi_population_land_agriculture,True,candidate_pending_fetch_snapshot_license_and_QA,world-bank-wdi-api,,,,"population, land area, agricultural land denominators"
release-candidate-2026-07-07.country-context.v0,TGO,Togo,country:TGO,owid_land_animals_slaughtered,True,candidate_pending_fetch_snapshot_license_and_QA,owid-land-animals-slaughtered,,,,land animal slaughter proxy
release-candidate-2026-07-07.country-context.v0,TGO,Togo,country:TGO,owid_farmed_fish,False,candidate_pending_fetch_snapshot_license_and_QA,owid-farmed-fish-killed,,,,farmed fish proxy
release-candidate-2026-07-07.country-context.v0,TGO,Togo,country:TGO,owid_wild_caught_fish,False,candidate_pending_fetch_snapshot_license_and_QA,owid-wild-caught-fish,,,,wild caught fish proxy
release-candidate-2026-07-07.country-context.v0,TGO,Togo,country:TGO,owid_farmed_crustaceans,False,candidate_pending_fetch_snapshot_license_and_QA,owid-farmed-crustaceans,,,,farmed crustacean proxy
release-candidate-2026-07-07.country-context.v0,TGO,Togo,country:TGO,owid_insecticide_use_fao,False,candidate_pending_fetch_snapshot_license_and_QA,owid-insecticide-use-fao,,,,insecticide use proxy from FAOSTAT via OWID
release-candidate-2026-07-07.country-context.v0,TGO,Togo,country:TGO,fishcount_farmed_fish_terms_review,False,candidate_pending_fetch_snapshot_license_and_QA,fishcount-farmed-fish,,,,block until redistribution terms verified
release-candidate-2026-07-07.country-context.v0,TGO,Togo,country:TGO,fishcount_wild_fish_terms_review,False,candidate_pending_fetch_snapshot_license_and_QA,fishcount-wild-fish,,,,block until redistribution terms verified
release-candidate-2026-07-07.country-context.v0,TGO,Togo,country:TGO,fishcount_crustaceans_terms_review,False,candidate_pending_fetch_snapshot_license_and_QA,fishcount-farmed-decapods,,,,block until redistribution terms verified
release-candidate-2026-07-07.country-context.v0,THA,Thailand,country:THA,identity_boundary,True,candidate_pending_fetch_snapshot_license_and_QA,natural-earth-admin0;geoboundaries-adm1,,,,boundaries/context only
release-candidate-2026-07-07.country-context.v0,THA,Thailand,country:THA,wdi_population_land_agriculture,True,candidate_pending_fetch_snapshot_license_and_QA,world-bank-wdi-api,,,,"population, land area, agricultural land denominators"
release-candidate-2026-07-07.country-context.v0,THA,Thailand,country:THA,owid_land_animals_slaughtered,True,candidate_pending_fetch_snapshot_license_and_QA,owid-land-animals-slaughtered,,,,land animal slaughter proxy
release-candidate-2026-07-07.country-context.v0,THA,Thailand,country:THA,owid_farmed_fish,False,candidate_pending_fetch_snapshot_license_and_QA,owid-farmed-fish-killed,,,,farmed fish proxy
release-candidate-2026-07-07.country-context.v0,THA,Thailand,country:THA,owid_wild_caught_fish,False,candidate_pending_fetch_snapshot_license_and_QA,owid-wild-caught-fish,,,,wild caught fish proxy
release-candidate-2026-07-07.country-context.v0,THA,Thailand,country:THA,owid_farmed_crustaceans,False,candidate_pending_fetch_snapshot_license_and_QA,owid-farmed-crustaceans,,,,farmed crustacean proxy
release-candidate-2026-07-07.country-context.v0,THA,Thailand,country:THA,owid_insecticide_use_fao,False,candidate_pending_fetch_snapshot_license_and_QA,owid-insecticide-use-fao,,,,insecticide use proxy from FAOSTAT via OWID
release-candidate-2026-07-07.country-context.v0,THA,Thailand,country:THA,fishcount_farmed_fish_terms_review,False,candidate_pending_fetch_snapshot_license_and_QA,fishcount-farmed-fish,,,,block until redistribution terms verified
release-candidate-2026-07-07.country-context.v0,THA,Thailand,country:THA,fishcount_wild_fish_terms_review,False,candidate_pending_fetch_snapshot_license_and_QA,fishcount-wild-fish,,,,block until redistribution terms verified
release-candidate-2026-07-07.country-context.v0,THA,Thailand,country:THA,fishcount_crustaceans_terms_review,False,candidate_pending_fetch_snapshot_license_and_QA,fishcount-farmed-decapods,,,,block until redistribution terms verified
release-candidate-2026-07-07.country-context.v0,TJK,Tajikistan,country:TJK,identity_boundary,True,candidate_pending_fetch_snapshot_license_and_QA,natural-earth-admin0;geoboundaries-adm1,,,,boundaries/context only
release-candidate-2026-07-07.country-context.v0,TJK,Tajikistan,country:TJK,wdi_population_land_agriculture,True,candidate_pending_fetch_snapshot_license_and_QA,world-bank-wdi-api,,,,"population, land area, agricultural land denominators"
release-candidate-2026-07-07.country-context.v0,TJK,Tajikistan,country:TJK,owid_land_animals_slaughtered,True,candidate_pending_fetch_snapshot_license_and_QA,owid-land-animals-slaughtered,,,,land animal slaughter proxy
release-candidate-2026-07-07.country-context.v0,TJK,Tajikistan,country:TJK,owid_farmed_fish,False,candidate_pending_fetch_snapshot_license_and_QA,owid-farmed-fish-killed,,,,farmed fish proxy
release-candidate-2026-07-07.country-context.v0,TJK,Tajikistan,country:TJK,owid_wild_caught_fish,False,candidate_pending_fetch_snapshot_license_and_QA,owid-wild-caught-fish,,,,wild caught fish proxy
release-candidate-2026-07-07.country-context.v0,TJK,Tajikistan,country:TJK,owid_farmed_crustaceans,False,candidate_pending_fetch_snapshot_license_and_QA,owid-farmed-crustaceans,,,,farmed crustacean proxy
release-candidate-2026-07-07.country-context.v0,TJK,Tajikistan,country:TJK,owid_insecticide_use_fao,False,candidate_pending_fetch_snapshot_license_and_QA,owid-insecticide-use-fao,,,,insecticide use proxy from FAOSTAT via OWID
release-candidate-2026-07-07.country-context.v0,TJK,Tajikistan,country:TJK,fishcount_farmed_fish_terms_review,False,candidate_pending_fetch_snapshot_license_and_QA,fishcount-farmed-fish,,,,block until redistribution terms verified
release-candidate-2026-07-07.country-context.v0,TJK,Tajikistan,country:TJK,fishcount_wild_fish_terms_review,False,candidate_pending_fetch_snapshot_license_and_QA,fishcount-wild-fish,,,,block until redistribution terms verified
release-candidate-2026-07-07.country-context.v0,TJK,Tajikistan,country:TJK,fishcount_crustaceans_terms_review,False,candidate_pending_fetch_snapshot_license_and_QA,fishcount-farmed-decapods,,,,block until redistribution terms verified
release-candidate-2026-07-07.country-context.v0,TKL,Tokelau,country:TKL,identity_boundary,True,candidate_pending_fetch_snapshot_license_and_QA,natural-earth-admin0;geoboundaries-adm1,,,,boundaries/context only
release-candidate-2026-07-07.country-context.v0,TKL,Tokelau,country:TKL,wdi_population_land_agriculture,True,candidate_pending_fetch_snapshot_license_and_QA,world-bank-wdi-api,,,,"population, land area, agricultural land denominators"
release-candidate-2026-07-07.country-context.v0,TKL,Tokelau,country:TKL,owid_land_animals_slaughtered,True,candidate_pending_fetch_snapshot_license_and_QA,owid-land-animals-slaughtered,,,,land animal slaughter proxy
release-candidate-2026-07-07.country-context.v0,TKL,Tokelau,country:TKL,owid_farmed_fish,False,candidate_pending_fetch_snapshot_license_and_QA,owid-farmed-fish-killed,,,,farmed fish proxy
release-candidate-2026-07-07.country-context.v0,TKL,Tokelau,country:TKL,owid_wild_caught_fish,False,candidate_pending_fetch_snapshot_license_and_QA,owid-wild-caught-fish,,,,wild caught fish proxy
release-candidate-2026-07-07.country-context.v0,TKL,Tokelau,country:TKL,owid_farmed_crustaceans,False,candidate_pending_fetch_snapshot_license_and_QA,owid-farmed-crustaceans,,,,farmed crustacean proxy
release-candidate-2026-07-07.country-context.v0,TKL,Tokelau,country:TKL,owid_insecticide_use_fao,False,candidate_pending_fetch_snapshot_license_and_QA,owid-insecticide-use-fao,,,,insecticide use proxy from FAOSTAT via OWID
release-candidate-2026-07-07.country-context.v0,TKL,Tokelau,country:TKL,fishcount_farmed_fish_terms_review,False,candidate_pending_fetch_snapshot_license_and_QA,fishcount-farmed-fish,,,,block until redistribution terms verified
release-candidate-2026-07-07.country-context.v0,TKL,Tokelau,country:TKL,fishcount_wild_fish_terms_review,False,candidate_pending_fetch_snapshot_license_and_QA,fishcount-wild-fish,,,,block until redistribution terms verified
release-candidate-2026-07-07.country-context.v0,TKL,Tokelau,country:TKL,fishcount_crustaceans_terms_review,False,candidate_pending_fetch_snapshot_license_and_QA,fishcount-farmed-decapods,,,,block until redistribution terms verified
release-candidate-2026-07-07.country-context.v0,TKM,Turkmenistan,country:TKM,identity_boundary,True,candidate_pending_fetch_snapshot_license_and_QA,natural-earth-admin0;geoboundaries-adm1,,,,boundaries/context only
release-candidate-2026-07-07.country-context.v0,TKM,Turkmenistan,country:TKM,wdi_population_land_agriculture,True,candidate_pending_fetch_snapshot_license_and_QA,world-bank-wdi-api,,,,"population, land area, agricultural land denominators"
release-candidate-2026-07-07.country-context.v0,TKM,Turkmenistan,country:TKM,owid_land_animals_slaughtered,True,candidate_pending_fetch_snapshot_license_and_QA,owid-land-animals-slaughtered,,,,land animal slaughter proxy
release-candidate-2026-07-07.country-context.v0,TKM,Turkmenistan,country:TKM,owid_farmed_fish,False,candidate_pending_fetch_snapshot_license_and_QA,owid-farmed-fish-killed,,,,farmed fish proxy
release-candidate-2026-07-07.country-context.v0,TKM,Turkmenistan,country:TKM,owid_wild_caught_fish,False,candidate_pending_fetch_snapshot_license_and_QA,owid-wild-caught-fish,,,,wild caught fish proxy
release-candidate-2026-07-07.country-context.v0,TKM,Turkmenistan,country:TKM,owid_farmed_crustaceans,False,candidate_pending_fetch_snapshot_license_and_QA,owid-farmed-crustaceans,,,,farmed crustacean proxy
release-candidate-2026-07-07.country-context.v0,TKM,Turkmenistan,country:TKM,owid_insecticide_use_fao,False,candidate_pending_fetch_snapshot_license_and_QA,owid-insecticide-use-fao,,,,insecticide use proxy from FAOSTAT via OWID
release-candidate-2026-07-07.country-context.v0,TKM,Turkmenistan,country:TKM,fishcount_farmed_fish_terms_review,False,candidate_pending_fetch_snapshot_license_and_QA,fishcount-farmed-fish,,,,block until redistribution terms verified
release-candidate-2026-07-07.country-context.v0,TKM,Turkmenistan,country:TKM,fishcount_wild_fish_terms_review,False,candidate_pending_fetch_snapshot_license_and_QA,fishcount-wild-fish,,,,block until redistribution terms verified
release-candidate-2026-07-07.country-context.v0,TKM,Turkmenistan,country:TKM,fishcount_crustaceans_terms_review,False,candidate_pending_fetch_snapshot_license_and_QA,fishcount-farmed-decapods,,,,block until redistribution terms verified
release-candidate-2026-07-07.country-context.v0,TLS,Timor-Leste,country:TLS,identity_boundary,True,candidate_pending_fetch_snapshot_license_and_QA,natural-earth-admin0;geoboundaries-adm1,,,,boundaries/context only
release-candidate-2026-07-07.country-context.v0,TLS,Timor-Leste,country:TLS,wdi_population_land_agriculture,True,candidate_pending_fetch_snapshot_license_and_QA,world-bank-wdi-api,,,,"population, land area, agricultural land denominators"
release-candidate-2026-07-07.country-context.v0,TLS,Timor-Leste,country:TLS,owid_land_animals_slaughtered,True,candidate_pending_fetch_snapshot_license_and_QA,owid-land-animals-slaughtered,,,,land animal slaughter proxy
release-candidate-2026-07-07.country-context.v0,TLS,Timor-Leste,country:TLS,owid_farmed_fish,False,candidate_pending_fetch_snapshot_license_and_QA,owid-farmed-fish-killed,,,,farmed fish proxy
release-candidate-2026-07-07.country-context.v0,TLS,Timor-Leste,country:TLS,owid_wild_caught_fish,False,candidate_pending_fetch_snapshot_license_and_QA,owid-wild-caught-fish,,,,wild caught fish proxy
release-candidate-2026-07-07.country-context.v0,TLS,Timor-Leste,country:TLS,owid_farmed_crustaceans,False,candidate_pending_fetch_snapshot_license_and_QA,owid-farmed-crustaceans,,,,farmed crustacean proxy
release-candidate-2026-07-07.country-context.v0,TLS,Timor-Leste,country:TLS,owid_insecticide_use_fao,False,candidate_pending_fetch_snapshot_license_and_QA,owid-insecticide-use-fao,,,,insecticide use proxy from FAOSTAT via OWID
release-candidate-2026-07-07.country-context.v0,TLS,Timor-Leste,country:TLS,fishcount_farmed_fish_terms_review,False,candidate_pending_fetch_snapshot_license_and_QA,fishcount-farmed-fish,,,,block until redistribution terms verified
release-candidate-2026-07-07.country-context.v0,TLS,Timor-Leste,country:TLS,fishcount_wild_fish_terms_review,False,candidate_pending_fetch_snapshot_license_and_QA,fishcount-wild-fish,,,,block until redistribution terms verified
release-candidate-2026-07-07.country-context.v0,TLS,Timor-Leste,country:TLS,fishcount_crustaceans_terms_review,False,candidate_pending_fetch_snapshot_license_and_QA,fishcount-farmed-decapods,,,,block until redistribution terms verified
release-candidate-2026-07-07.country-context.v0,TON,Tonga,country:TON,identity_boundary,True,candidate_pending_fetch_snapshot_license_and_QA,natural-earth-admin0;geoboundaries-adm1,,,,boundaries/context only
release-candidate-2026-07-07.country-context.v0,TON,Tonga,country:TON,wdi_population_land_agriculture,True,candidate_pending_fetch_snapshot_license_and_QA,world-bank-wdi-api,,,,"population, land area, agricultural land denominators"
release-candidate-2026-07-07.country-context.v0,TON,Tonga,country:TON,owid_land_animals_slaughtered,True,candidate_pending_fetch_snapshot_license_and_QA,owid-land-animals-slaughtered,,,,land animal slaughter proxy
release-candidate-2026-07-07.country-context.v0,TON,Tonga,country:TON,owid_farmed_fish,False,candidate_pending_fetch_snapshot_license_and_QA,owid-farmed-fish-killed,,,,farmed fish proxy
release-candidate-2026-07-07.country-context.v0,TON,Tonga,country:TON,owid_wild_caught_fish,False,candidate_pending_fetch_snapshot_license_and_QA,owid-wild-caught-fish,,,,wild caught fish proxy
release-candidate-2026-07-07.country-context.v0,TON,Tonga,country:TON,owid_farmed_crustaceans,False,candidate_pending_fetch_snapshot_license_and_QA,owid-farmed-crustaceans,,,,farmed crustacean proxy
release-candidate-2026-07-07.country-context.v0,TON,Tonga,country:TON,owid_insecticide_use_fao,False,candidate_pending_fetch_snapshot_license_and_QA,owid-insecticide-use-fao,,,,insecticide use proxy from FAOSTAT via OWID
release-candidate-2026-07-07.country-context.v0,TON,Tonga,country:TON,fishcount_farmed_fish_terms_review,False,candidate_pending_fetch_snapshot_license_and_QA,fishcount-farmed-fish,,,,block until redistribution terms verified
release-candidate-2026-07-07.country-context.v0,TON,Tonga,country:TON,fishcount_wild_fish_terms_review,False,candidate_pending_fetch_snapshot_license_and_QA,fishcount-wild-fish,,,,block until redistribution terms verified
release-candidate-2026-07-07.country-context.v0,TON,Tonga,country:TON,fishcount_crustaceans_terms_review,False,candidate_pending_fetch_snapshot_license_and_QA,fishcount-farmed-decapods,,,,block until redistribution terms verified
release-candidate-2026-07-07.country-context.v0,TTO,Trinidad and Tobago,country:TTO,identity_boundary,True,candidate_pending_fetch_snapshot_license_and_QA,natural-earth-admin0;geoboundaries-adm1,,,,boundaries/context only
release-candidate-2026-07-07.country-context.v0,TTO,Trinidad and Tobago,country:TTO,wdi_population_land_agriculture,True,candidate_pending_fetch_snapshot_license_and_QA,world-bank-wdi-api,,,,"population, land area, agricultural land denominators"
release-candidate-2026-07-07.country-context.v0,TTO,Trinidad and Tobago,country:TTO,owid_land_animals_slaughtered,True,candidate_pending_fetch_snapshot_license_and_QA,owid-land-animals-slaughtered,,,,land animal slaughter proxy
release-candidate-2026-07-07.country-context.v0,TTO,Trinidad and Tobago,country:TTO,owid_farmed_fish,False,candidate_pending_fetch_snapshot_license_and_QA,owid-farmed-fish-killed,,,,farmed fish proxy
release-candidate-2026-07-07.country-context.v0,TTO,Trinidad and Tobago,country:TTO,owid_wild_caught_fish,False,candidate_pending_fetch_snapshot_license_and_QA,owid-wild-caught-fish,,,,wild caught fish proxy
release-candidate-2026-07-07.country-context.v0,TTO,Trinidad and Tobago,country:TTO,owid_farmed_crustaceans,False,candidate_pending_fetch_snapshot_license_and_QA,owid-farmed-crustaceans,,,,farmed crustacean proxy
release-candidate-2026-07-07.country-context.v0,TTO,Trinidad and Tobago,country:TTO,owid_insecticide_use_fao,False,candidate_pending_fetch_snapshot_license_and_QA,owid-insecticide-use-fao,,,,insecticide use proxy from FAOSTAT via OWID
release-candidate-2026-07-07.country-context.v0,TTO,Trinidad and Tobago,country:TTO,fishcount_farmed_fish_terms_review,False,candidate_pending_fetch_snapshot_license_and_QA,fishcount-farmed-fish,,,,block until redistribution terms verified
release-candidate-2026-07-07.country-context.v0,TTO,Trinidad and Tobago,country:TTO,fishcount_wild_fish_terms_review,False,candidate_pending_fetch_snapshot_license_and_QA,fishcount-wild-fish,,,,block until redistribution terms verified
release-candidate-2026-07-07.country-context.v0,TTO,Trinidad and Tobago,country:TTO,fishcount_crustaceans_terms_review,False,candidate_pending_fetch_snapshot_license_and_QA,fishcount-farmed-decapods,,,,block until redistribution terms verified
release-candidate-2026-07-07.country-context.v0,TUN,Tunisia,country:TUN,identity_boundary,True,candidate_pending_fetch_snapshot_license_and_QA,natural-earth-admin0;geoboundaries-adm1,,,,boundaries/context only
release-candidate-2026-07-07.country-context.v0,TUN,Tunisia,country:TUN,wdi_population_land_agriculture,True,candidate_pending_fetch_snapshot_license_and_QA,world-bank-wdi-api,,,,"population, land area, agricultural land denominators"
release-candidate-2026-07-07.country-context.v0,TUN,Tunisia,country:TUN,owid_land_animals_slaughtered,True,candidate_pending_fetch_snapshot_license_and_QA,owid-land-animals-slaughtered,,,,land animal slaughter proxy
release-candidate-2026-07-07.country-context.v0,TUN,Tunisia,country:TUN,owid_farmed_fish,False,candidate_pending_fetch_snapshot_license_and_QA,owid-farmed-fish-killed,,,,farmed fish proxy
release-candidate-2026-07-07.country-context.v0,TUN,Tunisia,country:TUN,owid_wild_caught_fish,False,candidate_pending_fetch_snapshot_license_and_QA,owid-wild-caught-fish,,,,wild caught fish proxy
release-candidate-2026-07-07.country-context.v0,TUN,Tunisia,country:TUN,owid_farmed_crustaceans,False,candidate_pending_fetch_snapshot_license_and_QA,owid-farmed-crustaceans,,,,farmed crustacean proxy
release-candidate-2026-07-07.country-context.v0,TUN,Tunisia,country:TUN,owid_insecticide_use_fao,False,candidate_pending_fetch_snapshot_license_and_QA,owid-insecticide-use-fao,,,,insecticide use proxy from FAOSTAT via OWID
release-candidate-2026-07-07.country-context.v0,TUN,Tunisia,country:TUN,fishcount_farmed_fish_terms_review,False,candidate_pending_fetch_snapshot_license_and_QA,fishcount-farmed-fish,,,,block until redistribution terms verified
release-candidate-2026-07-07.country-context.v0,TUN,Tunisia,country:TUN,fishcount_wild_fish_terms_review,False,candidate_pending_fetch_snapshot_license_and_QA,fishcount-wild-fish,,,,block until redistribution terms verified
release-candidate-2026-07-07.country-context.v0,TUN,Tunisia,country:TUN,fishcount_crustaceans_terms_review,False,candidate_pending_fetch_snapshot_license_and_QA,fishcount-farmed-decapods,,,,block until redistribution terms verified
release-candidate-2026-07-07.country-context.v0,TUR,Türkiye,country:TUR,identity_boundary,True,candidate_pending_fetch_snapshot_license_and_QA,natural-earth-admin0;geoboundaries-adm1,,,,boundaries/context only
release-candidate-2026-07-07.country-context.v0,TUR,Türkiye,country:TUR,wdi_population_land_agriculture,True,candidate_pending_fetch_snapshot_license_and_QA,world-bank-wdi-api,,,,"population, land area, agricultural land denominators"
release-candidate-2026-07-07.country-context.v0,TUR,Türkiye,country:TUR,owid_land_animals_slaughtered,True,candidate_pending_fetch_snapshot_license_and_QA,owid-land-animals-slaughtered,,,,land animal slaughter proxy
release-candidate-2026-07-07.country-context.v0,TUR,Türkiye,country:TUR,owid_farmed_fish,False,candidate_pending_fetch_snapshot_license_and_QA,owid-farmed-fish-killed,,,,farmed fish proxy
release-candidate-2026-07-07.country-context.v0,TUR,Türkiye,country:TUR,owid_wild_caught_fish,False,candidate_pending_fetch_snapshot_license_and_QA,owid-wild-caught-fish,,,,wild caught fish proxy
release-candidate-2026-07-07.country-context.v0,TUR,Türkiye,country:TUR,owid_farmed_crustaceans,False,candidate_pending_fetch_snapshot_license_and_QA,owid-farmed-crustaceans,,,,farmed crustacean proxy
release-candidate-2026-07-07.country-context.v0,TUR,Türkiye,country:TUR,owid_insecticide_use_fao,False,candidate_pending_fetch_snapshot_license_and_QA,owid-insecticide-use-fao,,,,insecticide use proxy from FAOSTAT via OWID
release-candidate-2026-07-07.country-context.v0,TUR,Türkiye,country:TUR,fishcount_farmed_fish_terms_review,False,candidate_pending_fetch_snapshot_license_and_QA,fishcount-farmed-fish,,,,block until redistribution terms verified
release-candidate-2026-07-07.country-context.v0,TUR,Türkiye,country:TUR,fishcount_wild_fish_terms_review,False,candidate_pending_fetch_snapshot_license_and_QA,fishcount-wild-fish,,,,block until redistribution terms verified
release-candidate-2026-07-07.country-context.v0,TUR,Türkiye,country:TUR,fishcount_crustaceans_terms_review,False,candidate_pending_fetch_snapshot_license_and_QA,fishcount-farmed-decapods,,,,block until redistribution terms verified
release-candidate-2026-07-07.country-context.v0,TUV,Tuvalu,country:TUV,identity_boundary,True,candidate_pending_fetch_snapshot_license_and_QA,natural-earth-admin0;geoboundaries-adm1,,,,boundaries/context only
release-candidate-2026-07-07.country-context.v0,TUV,Tuvalu,country:TUV,wdi_population_land_agriculture,True,candidate_pending_fetch_snapshot_license_and_QA,world-bank-wdi-api,,,,"population, land area, agricultural land denominators"
release-candidate-2026-07-07.country-context.v0,TUV,Tuvalu,country:TUV,owid_land_animals_slaughtered,True,candidate_pending_fetch_snapshot_license_and_QA,owid-land-animals-slaughtered,,,,land animal slaughter proxy
release-candidate-2026-07-07.country-context.v0,TUV,Tuvalu,country:TUV,owid_farmed_fish,False,candidate_pending_fetch_snapshot_license_and_QA,owid-farmed-fish-killed,,,,farmed fish proxy
release-candidate-2026-07-07.country-context.v0,TUV,Tuvalu,country:TUV,owid_wild_caught_fish,False,candidate_pending_fetch_snapshot_license_and_QA,owid-wild-caught-fish,,,,wild caught fish proxy
release-candidate-2026-07-07.country-context.v0,TUV,Tuvalu,country:TUV,owid_farmed_crustaceans,False,candidate_pending_fetch_snapshot_license_and_QA,owid-farmed-crustaceans,,,,farmed crustacean proxy
release-candidate-2026-07-07.country-context.v0,TUV,Tuvalu,country:TUV,owid_insecticide_use_fao,False,candidate_pending_fetch_snapshot_license_and_QA,owid-insecticide-use-fao,,,,insecticide use proxy from FAOSTAT via OWID
release-candidate-2026-07-07.country-context.v0,TUV,Tuvalu,country:TUV,fishcount_farmed_fish_terms_review,False,candidate_pending_fetch_snapshot_license_and_QA,fishcount-farmed-fish,,,,block until redistribution terms verified
release-candidate-2026-07-07.country-context.v0,TUV,Tuvalu,country:TUV,fishcount_wild_fish_terms_review,False,candidate_pending_fetch_snapshot_license_and_QA,fishcount-wild-fish,,,,block until redistribution terms verified
release-candidate-2026-07-07.country-context.v0,TUV,Tuvalu,country:TUV,fishcount_crustaceans_terms_review,False,candidate_pending_fetch_snapshot_license_and_QA,fishcount-farmed-decapods,,,,block until redistribution terms verified
release-candidate-2026-07-07.country-context.v0,TWN,"Taiwan, Province of China",country:TWN,identity_boundary,True,candidate_pending_fetch_snapshot_license_and_QA,natural-earth-admin0;geoboundaries-adm1,,,,boundaries/context only
release-candidate-2026-07-07.country-context.v0,TWN,"Taiwan, Province of China",country:TWN,wdi_population_land_agriculture,True,candidate_pending_fetch_snapshot_license_and_QA,world-bank-wdi-api,,,,"population, land area, agricultural land denominators"
release-candidate-2026-07-07.country-context.v0,TWN,"Taiwan, Province of China",country:TWN,owid_land_animals_slaughtered,True,candidate_pending_fetch_snapshot_license_and_QA,owid-land-animals-slaughtered,,,,land animal slaughter proxy
release-candidate-2026-07-07.country-context.v0,TWN,"Taiwan, Province of China",country:TWN,owid_farmed_fish,False,candidate_pending_fetch_snapshot_license_and_QA,owid-farmed-fish-killed,,,,farmed fish proxy
release-candidate-2026-07-07.country-context.v0,TWN,"Taiwan, Province of China",country:TWN,owid_wild_caught_fish,False,candidate_pending_fetch_snapshot_license_and_QA,owid-wild-caught-fish,,,,wild caught fish proxy
release-candidate-2026-07-07.country-context.v0,TWN,"Taiwan, Province of China",country:TWN,owid_farmed_crustaceans,False,candidate_pending_fetch_snapshot_license_and_QA,owid-farmed-crustaceans,,,,farmed crustacean proxy
release-candidate-2026-07-07.country-context.v0,TWN,"Taiwan, Province of China",country:TWN,owid_insecticide_use_fao,False,candidate_pending_fetch_snapshot_license_and_QA,owid-insecticide-use-fao,,,,insecticide use proxy from FAOSTAT via OWID
release-candidate-2026-07-07.country-context.v0,TWN,"Taiwan, Province of China",country:TWN,fishcount_farmed_fish_terms_review,False,candidate_pending_fetch_snapshot_license_and_QA,fishcount-farmed-fish,,,,block until redistribution terms verified
release-candidate-2026-07-07.country-context.v0,TWN,"Taiwan, Province of China",country:TWN,fishcount_wild_fish_terms_review,False,candidate_pending_fetch_snapshot_license_and_QA,fishcount-wild-fish,,,,block until redistribution terms verified
release-candidate-2026-07-07.country-context.v0,TWN,"Taiwan, Province of China",country:TWN,fishcount_crustaceans_terms_review,False,candidate_pending_fetch_snapshot_license_and_QA,fishcount-farmed-decapods,,,,block until redistribution terms verified
release-candidate-2026-07-07.country-context.v0,TZA,"Tanzania, United Republic of",country:TZA,identity_boundary,True,candidate_pending_fetch_snapshot_license_and_QA,natural-earth-admin0;geoboundaries-adm1,,,,boundaries/context only
release-candidate-2026-07-07.country-context.v0,TZA,"Tanzania, United Republic of",country:TZA,wdi_population_land_agriculture,True,candidate_pending_fetch_snapshot_license_and_QA,world-bank-wdi-api,,,,"population, land area, agricultural land denominators"
release-candidate-2026-07-07.country-context.v0,TZA,"Tanzania, United Republic of",country:TZA,owid_land_animals_slaughtered,True,candidate_pending_fetch_snapshot_license_and_QA,owid-land-animals-slaughtered,,,,land animal slaughter proxy
release-candidate-2026-07-07.country-context.v0,TZA,"Tanzania, United Republic of",country:TZA,owid_farmed_fish,False,candidate_pending_fetch_snapshot_license_and_QA,owid-farmed-fish-killed,,,,farmed fish proxy
release-candidate-2026-07-07.country-context.v0,TZA,"Tanzania, United Republic of",country:TZA,owid_wild_caught_fish,False,candidate_pending_fetch_snapshot_license_and_QA,owid-wild-caught-fish,,,,wild caught fish proxy
release-candidate-2026-07-07.country-context.v0,TZA,"Tanzania, United Republic of",country:TZA,owid_farmed_crustaceans,False,candidate_pending_fetch_snapshot_license_and_QA,owid-farmed-crustaceans,,,,farmed crustacean proxy
release-candidate-2026-07-07.country-context.v0,TZA,"Tanzania, United Republic of",country:TZA,owid_insecticide_use_fao,False,candidate_pending_fetch_snapshot_license_and_QA,owid-insecticide-use-fao,,,,insecticide use proxy from FAOSTAT via OWID
release-candidate-2026-07-07.country-context.v0,TZA,"Tanzania, United Republic of",country:TZA,fishcount_farmed_fish_terms_review,False,candidate_pending_fetch_snapshot_license_and_QA,fishcount-farmed-fish,,,,block until redistribution terms verified
release-candidate-2026-07-07.country-context.v0,TZA,"Tanzania, United Republic of",country:TZA,fishcount_wild_fish_terms_review,False,candidate_pending_fetch_snapshot_license_and_QA,fishcount-wild-fish,,,,block until redistribution terms verified
release-candidate-2026-07-07.country-context.v0,TZA,"Tanzania, United Republic of",country:TZA,fishcount_crustaceans_terms_review,False,candidate_pending_fetch_snapshot_license_and_QA,fishcount-farmed-decapods,,,,block until redistribution terms verified
release-candidate-2026-07-07.country-context.v0,UGA,Uganda,country:UGA,identity_boundary,True,candidate_pending_fetch_snapshot_license_and_QA,natural-earth-admin0;geoboundaries-adm1,,,,boundaries/context only
release-candidate-2026-07-07.country-context.v0,UGA,Uganda,country:UGA,wdi_population_land_agriculture,True,candidate_pending_fetch_snapshot_license_and_QA,world-bank-wdi-api,,,,"population, land area, agricultural land denominators"
release-candidate-2026-07-07.country-context.v0,UGA,Uganda,country:UGA,owid_land_animals_slaughtered,True,candidate_pending_fetch_snapshot_license_and_QA,owid-land-animals-slaughtered,,,,land animal slaughter proxy
release-candidate-2026-07-07.country-context.v0,UGA,Uganda,country:UGA,owid_farmed_fish,False,candidate_pending_fetch_snapshot_license_and_QA,owid-farmed-fish-killed,,,,farmed fish proxy
release-candidate-2026-07-07.country-context.v0,UGA,Uganda,country:UGA,owid_wild_caught_fish,False,candidate_pending_fetch_snapshot_license_and_QA,owid-wild-caught-fish,,,,wild caught fish proxy
release-candidate-2026-07-07.country-context.v0,UGA,Uganda,country:UGA,owid_farmed_crustaceans,False,candidate_pending_fetch_snapshot_license_and_QA,owid-farmed-crustaceans,,,,farmed crustacean proxy
release-candidate-2026-07-07.country-context.v0,UGA,Uganda,country:UGA,owid_insecticide_use_fao,False,candidate_pending_fetch_snapshot_license_and_QA,owid-insecticide-use-fao,,,,insecticide use proxy from FAOSTAT via OWID
release-candidate-2026-07-07.country-context.v0,UGA,Uganda,country:UGA,fishcount_farmed_fish_terms_review,False,candidate_pending_fetch_snapshot_license_and_QA,fishcount-farmed-fish,,,,block until redistribution terms verified
release-candidate-2026-07-07.country-context.v0,UGA,Uganda,country:UGA,fishcount_wild_fish_terms_review,False,candidate_pending_fetch_snapshot_license_and_QA,fishcount-wild-fish,,,,block until redistribution terms verified
release-candidate-2026-07-07.country-context.v0,UGA,Uganda,country:UGA,fishcount_crustaceans_terms_review,False,candidate_pending_fetch_snapshot_license_and_QA,fishcount-farmed-decapods,,,,block until redistribution terms verified
release-candidate-2026-07-07.country-context.v0,UKR,Ukraine,country:UKR,identity_boundary,True,candidate_pending_fetch_snapshot_license_and_QA,natural-earth-admin0;geoboundaries-adm1,,,,boundaries/context only
release-candidate-2026-07-07.country-context.v0,UKR,Ukraine,country:UKR,wdi_population_land_agriculture,True,candidate_pending_fetch_snapshot_license_and_QA,world-bank-wdi-api,,,,"population, land area, agricultural land denominators"
release-candidate-2026-07-07.country-context.v0,UKR,Ukraine,country:UKR,owid_land_animals_slaughtered,True,candidate_pending_fetch_snapshot_license_and_QA,owid-land-animals-slaughtered,,,,land animal slaughter proxy
release-candidate-2026-07-07.country-context.v0,UKR,Ukraine,country:UKR,owid_farmed_fish,False,candidate_pending_fetch_snapshot_license_and_QA,owid-farmed-fish-killed,,,,farmed fish proxy
release-candidate-2026-07-07.country-context.v0,UKR,Ukraine,country:UKR,owid_wild_caught_fish,False,candidate_pending_fetch_snapshot_license_and_QA,owid-wild-caught-fish,,,,wild caught fish proxy
release-candidate-2026-07-07.country-context.v0,UKR,Ukraine,country:UKR,owid_farmed_crustaceans,False,candidate_pending_fetch_snapshot_license_and_QA,owid-farmed-crustaceans,,,,farmed crustacean proxy
release-candidate-2026-07-07.country-context.v0,UKR,Ukraine,country:UKR,owid_insecticide_use_fao,False,candidate_pending_fetch_snapshot_license_and_QA,owid-insecticide-use-fao,,,,insecticide use proxy from FAOSTAT via OWID
release-candidate-2026-07-07.country-context.v0,UKR,Ukraine,country:UKR,fishcount_farmed_fish_terms_review,False,candidate_pending_fetch_snapshot_license_and_QA,fishcount-farmed-fish,,,,block until redistribution terms verified
release-candidate-2026-07-07.country-context.v0,UKR,Ukraine,country:UKR,fishcount_wild_fish_terms_review,False,candidate_pending_fetch_snapshot_license_and_QA,fishcount-wild-fish,,,,block until redistribution terms verified
release-candidate-2026-07-07.country-context.v0,UKR,Ukraine,country:UKR,fishcount_crustaceans_terms_review,False,candidate_pending_fetch_snapshot_license_and_QA,fishcount-farmed-decapods,,,,block until redistribution terms verified
release-candidate-2026-07-07.country-context.v0,UMI,United States Minor Outlying Islands,country:UMI,identity_boundary,True,candidate_pending_fetch_snapshot_license_and_QA,natural-earth-admin0;geoboundaries-adm1,,,,boundaries/context only
release-candidate-2026-07-07.country-context.v0,UMI,United States Minor Outlying Islands,country:UMI,wdi_population_land_agriculture,True,candidate_pending_fetch_snapshot_license_and_QA,world-bank-wdi-api,,,,"population, land area, agricultural land denominators"
release-candidate-2026-07-07.country-context.v0,UMI,United States Minor Outlying Islands,country:UMI,owid_land_animals_slaughtered,True,candidate_pending_fetch_snapshot_license_and_QA,owid-land-animals-slaughtered,,,,land animal slaughter proxy
release-candidate-2026-07-07.country-context.v0,UMI,United States Minor Outlying Islands,country:UMI,owid_farmed_fish,False,candidate_pending_fetch_snapshot_license_and_QA,owid-farmed-fish-killed,,,,farmed fish proxy
release-candidate-2026-07-07.country-context.v0,UMI,United States Minor Outlying Islands,country:UMI,owid_wild_caught_fish,False,candidate_pending_fetch_snapshot_license_and_QA,owid-wild-caught-fish,,,,wild caught fish proxy
release-candidate-2026-07-07.country-context.v0,UMI,United States Minor Outlying Islands,country:UMI,owid_farmed_crustaceans,False,candidate_pending_fetch_snapshot_license_and_QA,owid-farmed-crustaceans,,,,farmed crustacean proxy
release-candidate-2026-07-07.country-context.v0,UMI,United States Minor Outlying Islands,country:UMI,owid_insecticide_use_fao,False,candidate_pending_fetch_snapshot_license_and_QA,owid-insecticide-use-fao,,,,insecticide use proxy from FAOSTAT via OWID
release-candidate-2026-07-07.country-context.v0,UMI,United States Minor Outlying Islands,country:UMI,fishcount_farmed_fish_terms_review,False,candidate_pending_fetch_snapshot_license_and_QA,fishcount-farmed-fish,,,,block until redistribution terms verified
release-candidate-2026-07-07.country-context.v0,UMI,United States Minor Outlying Islands,country:UMI,fishcount_wild_fish_terms_review,False,candidate_pending_fetch_snapshot_license_and_QA,fishcount-wild-fish,,,,block until redistribution terms verified
release-candidate-2026-07-07.country-context.v0,UMI,United States Minor Outlying Islands,country:UMI,fishcount_crustaceans_terms_review,False,candidate_pending_fetch_snapshot_license_and_QA,fishcount-farmed-decapods,,,,block until redistribution terms verified
release-candidate-2026-07-07.country-context.v0,URY,Uruguay,country:URY,identity_boundary,True,candidate_pending_fetch_snapshot_license_and_QA,natural-earth-admin0;geoboundaries-adm1,,,,boundaries/context only
release-candidate-2026-07-07.country-context.v0,URY,Uruguay,country:URY,wdi_population_land_agriculture,True,candidate_pending_fetch_snapshot_license_and_QA,world-bank-wdi-api,,,,"population, land area, agricultural land denominators"
release-candidate-2026-07-07.country-context.v0,URY,Uruguay,country:URY,owid_land_animals_slaughtered,True,candidate_pending_fetch_snapshot_license_and_QA,owid-land-animals-slaughtered,,,,land animal slaughter proxy
release-candidate-2026-07-07.country-context.v0,URY,Uruguay,country:URY,owid_farmed_fish,False,candidate_pending_fetch_snapshot_license_and_QA,owid-farmed-fish-killed,,,,farmed fish proxy
release-candidate-2026-07-07.country-context.v0,URY,Uruguay,country:URY,owid_wild_caught_fish,False,candidate_pending_fetch_snapshot_license_and_QA,owid-wild-caught-fish,,,,wild caught fish proxy
release-candidate-2026-07-07.country-context.v0,URY,Uruguay,country:URY,owid_farmed_crustaceans,False,candidate_pending_fetch_snapshot_license_and_QA,owid-farmed-crustaceans,,,,farmed crustacean proxy
release-candidate-2026-07-07.country-context.v0,URY,Uruguay,country:URY,owid_insecticide_use_fao,False,candidate_pending_fetch_snapshot_license_and_QA,owid-insecticide-use-fao,,,,insecticide use proxy from FAOSTAT via OWID
release-candidate-2026-07-07.country-context.v0,URY,Uruguay,country:URY,fishcount_farmed_fish_terms_review,False,candidate_pending_fetch_snapshot_license_and_QA,fishcount-farmed-fish,,,,block until redistribution terms verified
release-candidate-2026-07-07.country-context.v0,URY,Uruguay,country:URY,fishcount_wild_fish_terms_review,False,candidate_pending_fetch_snapshot_license_and_QA,fishcount-wild-fish,,,,block until redistribution terms verified
release-candidate-2026-07-07.country-context.v0,URY,Uruguay,country:URY,fishcount_crustaceans_terms_review,False,candidate_pending_fetch_snapshot_license_and_QA,fishcount-farmed-decapods,,,,block until redistribution terms verified
release-candidate-2026-07-07.country-context.v0,USA,United States,country:USA,identity_boundary,True,candidate_pending_fetch_snapshot_license_and_QA,natural-earth-admin0;geoboundaries-adm1,,,,boundaries/context only
release-candidate-2026-07-07.country-context.v0,USA,United States,country:USA,wdi_population_land_agriculture,True,candidate_pending_fetch_snapshot_license_and_QA,world-bank-wdi-api,,,,"population, land area, agricultural land denominators"
release-candidate-2026-07-07.country-context.v0,USA,United States,country:USA,owid_land_animals_slaughtered,True,candidate_pending_fetch_snapshot_license_and_QA,owid-land-animals-slaughtered,,,,land animal slaughter proxy
release-candidate-2026-07-07.country-context.v0,USA,United States,country:USA,owid_farmed_fish,False,candidate_pending_fetch_snapshot_license_and_QA,owid-farmed-fish-killed,,,,farmed fish proxy
release-candidate-2026-07-07.country-context.v0,USA,United States,country:USA,owid_wild_caught_fish,False,candidate_pending_fetch_snapshot_license_and_QA,owid-wild-caught-fish,,,,wild caught fish proxy
release-candidate-2026-07-07.country-context.v0,USA,United States,country:USA,owid_farmed_crustaceans,False,candidate_pending_fetch_snapshot_license_and_QA,owid-farmed-crustaceans,,,,farmed crustacean proxy
release-candidate-2026-07-07.country-context.v0,USA,United States,country:USA,owid_insecticide_use_fao,False,candidate_pending_fetch_snapshot_license_and_QA,owid-insecticide-use-fao,,,,insecticide use proxy from FAOSTAT via OWID
release-candidate-2026-07-07.country-context.v0,USA,United States,country:USA,fishcount_farmed_fish_terms_review,False,candidate_pending_fetch_snapshot_license_and_QA,fishcount-farmed-fish,,,,block until redistribution terms verified
release-candidate-2026-07-07.country-context.v0,USA,United States,country:USA,fishcount_wild_fish_terms_review,False,candidate_pending_fetch_snapshot_license_and_QA,fishcount-wild-fish,,,,block until redistribution terms verified
release-candidate-2026-07-07.country-context.v0,USA,United States,country:USA,fishcount_crustaceans_terms_review,False,candidate_pending_fetch_snapshot_license_and_QA,fishcount-farmed-decapods,,,,block until redistribution terms verified
release-candidate-2026-07-07.country-context.v0,UZB,Uzbekistan,country:UZB,identity_boundary,True,candidate_pending_fetch_snapshot_license_and_QA,natural-earth-admin0;geoboundaries-adm1,,,,boundaries/context only
release-candidate-2026-07-07.country-context.v0,UZB,Uzbekistan,country:UZB,wdi_population_land_agriculture,True,candidate_pending_fetch_snapshot_license_and_QA,world-bank-wdi-api,,,,"population, land area, agricultural land denominators"
release-candidate-2026-07-07.country-context.v0,UZB,Uzbekistan,country:UZB,owid_land_animals_slaughtered,True,candidate_pending_fetch_snapshot_license_and_QA,owid-land-animals-slaughtered,,,,land animal slaughter proxy
release-candidate-2026-07-07.country-context.v0,UZB,Uzbekistan,country:UZB,owid_farmed_fish,False,candidate_pending_fetch_snapshot_license_and_QA,owid-farmed-fish-killed,,,,farmed fish proxy
release-candidate-2026-07-07.country-context.v0,UZB,Uzbekistan,country:UZB,owid_wild_caught_fish,False,candidate_pending_fetch_snapshot_license_and_QA,owid-wild-caught-fish,,,,wild caught fish proxy
release-candidate-2026-07-07.country-context.v0,UZB,Uzbekistan,country:UZB,owid_farmed_crustaceans,False,candidate_pending_fetch_snapshot_license_and_QA,owid-farmed-crustaceans,,,,farmed crustacean proxy
release-candidate-2026-07-07.country-context.v0,UZB,Uzbekistan,country:UZB,owid_insecticide_use_fao,False,candidate_pending_fetch_snapshot_license_and_QA,owid-insecticide-use-fao,,,,insecticide use proxy from FAOSTAT via OWID
release-candidate-2026-07-07.country-context.v0,UZB,Uzbekistan,country:UZB,fishcount_farmed_fish_terms_review,False,candidate_pending_fetch_snapshot_license_and_QA,fishcount-farmed-fish,,,,block until redistribution terms verified
release-candidate-2026-07-07.country-context.v0,UZB,Uzbekistan,country:UZB,fishcount_wild_fish_terms_review,False,candidate_pending_fetch_snapshot_license_and_QA,fishcount-wild-fish,,,,block until redistribution terms verified
release-candidate-2026-07-07.country-context.v0,UZB,Uzbekistan,country:UZB,fishcount_crustaceans_terms_review,False,candidate_pending_fetch_snapshot_license_and_QA,fishcount-farmed-decapods,,,,block until redistribution terms verified
release-candidate-2026-07-07.country-context.v0,VAT,Holy See (Vatican City State),country:VAT,identity_boundary,True,candidate_pending_fetch_snapshot_license_and_QA,natural-earth-admin0;geoboundaries-adm1,,,,boundaries/context only
release-candidate-2026-07-07.country-context.v0,VAT,Holy See (Vatican City State),country:VAT,wdi_population_land_agriculture,True,candidate_pending_fetch_snapshot_license_and_QA,world-bank-wdi-api,,,,"population, land area, agricultural land denominators"
release-candidate-2026-07-07.country-context.v0,VAT,Holy See (Vatican City State),country:VAT,owid_land_animals_slaughtered,True,candidate_pending_fetch_snapshot_license_and_QA,owid-land-animals-slaughtered,,,,land animal slaughter proxy
release-candidate-2026-07-07.country-context.v0,VAT,Holy See (Vatican City State),country:VAT,owid_farmed_fish,False,candidate_pending_fetch_snapshot_license_and_QA,owid-farmed-fish-killed,,,,farmed fish proxy
release-candidate-2026-07-07.country-context.v0,VAT,Holy See (Vatican City State),country:VAT,owid_wild_caught_fish,False,candidate_pending_fetch_snapshot_license_and_QA,owid-wild-caught-fish,,,,wild caught fish proxy
release-candidate-2026-07-07.country-context.v0,VAT,Holy See (Vatican City State),country:VAT,owid_farmed_crustaceans,False,candidate_pending_fetch_snapshot_license_and_QA,owid-farmed-crustaceans,,,,farmed crustacean proxy
release-candidate-2026-07-07.country-context.v0,VAT,Holy See (Vatican City State),country:VAT,owid_insecticide_use_fao,False,candidate_pending_fetch_snapshot_license_and_QA,owid-insecticide-use-fao,,,,insecticide use proxy from FAOSTAT via OWID
release-candidate-2026-07-07.country-context.v0,VAT,Holy See (Vatican City State),country:VAT,fishcount_farmed_fish_terms_review,False,candidate_pending_fetch_snapshot_license_and_QA,fishcount-farmed-fish,,,,block until redistribution terms verified
release-candidate-2026-07-07.country-context.v0,VAT,Holy See (Vatican City State),country:VAT,fishcount_wild_fish_terms_review,False,candidate_pending_fetch_snapshot_license_and_QA,fishcount-wild-fish,,,,block until redistribution terms verified
release-candidate-2026-07-07.country-context.v0,VAT,Holy See (Vatican City State),country:VAT,fishcount_crustaceans_terms_review,False,candidate_pending_fetch_snapshot_license_and_QA,fishcount-farmed-decapods,,,,block until redistribution terms verified
release-candidate-2026-07-07.country-context.v0,VCT,Saint Vincent and the Grenadines,country:VCT,identity_boundary,True,candidate_pending_fetch_snapshot_license_and_QA,natural-earth-admin0;geoboundaries-adm1,,,,boundaries/context only
release-candidate-2026-07-07.country-context.v0,VCT,Saint Vincent and the Grenadines,country:VCT,wdi_population_land_agriculture,True,candidate_pending_fetch_snapshot_license_and_QA,world-bank-wdi-api,,,,"population, land area, agricultural land denominators"
release-candidate-2026-07-07.country-context.v0,VCT,Saint Vincent and the Grenadines,country:VCT,owid_land_animals_slaughtered,True,candidate_pending_fetch_snapshot_license_and_QA,owid-land-animals-slaughtered,,,,land animal slaughter proxy
release-candidate-2026-07-07.country-context.v0,VCT,Saint Vincent and the Grenadines,country:VCT,owid_farmed_fish,False,candidate_pending_fetch_snapshot_license_and_QA,owid-farmed-fish-killed,,,,farmed fish proxy
release-candidate-2026-07-07.country-context.v0,VCT,Saint Vincent and the Grenadines,country:VCT,owid_wild_caught_fish,False,candidate_pending_fetch_snapshot_license_and_QA,owid-wild-caught-fish,,,,wild caught fish proxy
release-candidate-2026-07-07.country-context.v0,VCT,Saint Vincent and the Grenadines,country:VCT,owid_farmed_crustaceans,False,candidate_pending_fetch_snapshot_license_and_QA,owid-farmed-crustaceans,,,,farmed crustacean proxy
release-candidate-2026-07-07.country-context.v0,VCT,Saint Vincent and the Grenadines,country:VCT,owid_insecticide_use_fao,False,candidate_pending_fetch_snapshot_license_and_QA,owid-insecticide-use-fao,,,,insecticide use proxy from FAOSTAT via OWID
release-candidate-2026-07-07.country-context.v0,VCT,Saint Vincent and the Grenadines,country:VCT,fishcount_farmed_fish_terms_review,False,candidate_pending_fetch_snapshot_license_and_QA,fishcount-farmed-fish,,,,block until redistribution terms verified
release-candidate-2026-07-07.country-context.v0,VCT,Saint Vincent and the Grenadines,country:VCT,fishcount_wild_fish_terms_review,False,candidate_pending_fetch_snapshot_license_and_QA,fishcount-wild-fish,,,,block until redistribution terms verified
release-candidate-2026-07-07.country-context.v0,VCT,Saint Vincent and the Grenadines,country:VCT,fishcount_crustaceans_terms_review,False,candidate_pending_fetch_snapshot_license_and_QA,fishcount-farmed-decapods,,,,block until redistribution terms verified
release-candidate-2026-07-07.country-context.v0,VEN,"Venezuela, Bolivarian Republic of",country:VEN,identity_boundary,True,candidate_pending_fetch_snapshot_license_and_QA,natural-earth-admin0;geoboundaries-adm1,,,,boundaries/context only
release-candidate-2026-07-07.country-context.v0,VEN,"Venezuela, Bolivarian Republic of",country:VEN,wdi_population_land_agriculture,True,candidate_pending_fetch_snapshot_license_and_QA,world-bank-wdi-api,,,,"population, land area, agricultural land denominators"
release-candidate-2026-07-07.country-context.v0,VEN,"Venezuela, Bolivarian Republic of",country:VEN,owid_land_animals_slaughtered,True,candidate_pending_fetch_snapshot_license_and_QA,owid-land-animals-slaughtered,,,,land animal slaughter proxy
release-candidate-2026-07-07.country-context.v0,VEN,"Venezuela, Bolivarian Republic of",country:VEN,owid_farmed_fish,False,candidate_pending_fetch_snapshot_license_and_QA,owid-farmed-fish-killed,,,,farmed fish proxy
release-candidate-2026-07-07.country-context.v0,VEN,"Venezuela, Bolivarian Republic of",country:VEN,owid_wild_caught_fish,False,candidate_pending_fetch_snapshot_license_and_QA,owid-wild-caught-fish,,,,wild caught fish proxy
release-candidate-2026-07-07.country-context.v0,VEN,"Venezuela, Bolivarian Republic of",country:VEN,owid_farmed_crustaceans,False,candidate_pending_fetch_snapshot_license_and_QA,owid-farmed-crustaceans,,,,farmed crustacean proxy
release-candidate-2026-07-07.country-context.v0,VEN,"Venezuela, Bolivarian Republic of",country:VEN,owid_insecticide_use_fao,False,candidate_pending_fetch_snapshot_license_and_QA,owid-insecticide-use-fao,,,,insecticide use proxy from FAOSTAT via OWID
release-candidate-2026-07-07.country-context.v0,VEN,"Venezuela, Bolivarian Republic of",country:VEN,fishcount_farmed_fish_terms_review,False,candidate_pending_fetch_snapshot_license_and_QA,fishcount-farmed-fish,,,,block until redistribution terms verified
release-candidate-2026-07-07.country-context.v0,VEN,"Venezuela, Bolivarian Republic of",country:VEN,fishcount_wild_fish_terms_review,False,candidate_pending_fetch_snapshot_license_and_QA,fishcount-wild-fish,,,,block until redistribution terms verified
release-candidate-2026-07-07.country-context.v0,VEN,"Venezuela, Bolivarian Republic of",country:VEN,fishcount_crustaceans_terms_review,False,candidate_pending_fetch_snapshot_license_and_QA,fishcount-farmed-decapods,,,,block until redistribution terms verified
release-candidate-2026-07-07.country-context.v0,VGB,"Virgin Islands, British",country:VGB,identity_boundary,True,candidate_pending_fetch_snapshot_license_and_QA,natural-earth-admin0;geoboundaries-adm1,,,,boundaries/context only
release-candidate-2026-07-07.country-context.v0,VGB,"Virgin Islands, British",country:VGB,wdi_population_land_agriculture,True,candidate_pending_fetch_snapshot_license_and_QA,world-bank-wdi-api,,,,"population, land area, agricultural land denominators"
release-candidate-2026-07-07.country-context.v0,VGB,"Virgin Islands, British",country:VGB,owid_land_animals_slaughtered,True,candidate_pending_fetch_snapshot_license_and_QA,owid-land-animals-slaughtered,,,,land animal slaughter proxy
release-candidate-2026-07-07.country-context.v0,VGB,"Virgin Islands, British",country:VGB,owid_farmed_fish,False,candidate_pending_fetch_snapshot_license_and_QA,owid-farmed-fish-killed,,,,farmed fish proxy
release-candidate-2026-07-07.country-context.v0,VGB,"Virgin Islands, British",country:VGB,owid_wild_caught_fish,False,candidate_pending_fetch_snapshot_license_and_QA,owid-wild-caught-fish,,,,wild caught fish proxy
release-candidate-2026-07-07.country-context.v0,VGB,"Virgin Islands, British",country:VGB,owid_farmed_crustaceans,False,candidate_pending_fetch_snapshot_license_and_QA,owid-farmed-crustaceans,,,,farmed crustacean proxy
release-candidate-2026-07-07.country-context.v0,VGB,"Virgin Islands, British",country:VGB,owid_insecticide_use_fao,False,candidate_pending_fetch_snapshot_license_and_QA,owid-insecticide-use-fao,,,,insecticide use proxy from FAOSTAT via OWID
release-candidate-2026-07-07.country-context.v0,VGB,"Virgin Islands, British",country:VGB,fishcount_farmed_fish_terms_review,False,candidate_pending_fetch_snapshot_license_and_QA,fishcount-farmed-fish,,,,block until redistribution terms verified
release-candidate-2026-07-07.country-context.v0,VGB,"Virgin Islands, British",country:VGB,fishcount_wild_fish_terms_review,False,candidate_pending_fetch_snapshot_license_and_QA,fishcount-wild-fish,,,,block until redistribution terms verified
release-candidate-2026-07-07.country-context.v0,VGB,"Virgin Islands, British",country:VGB,fishcount_crustaceans_terms_review,False,candidate_pending_fetch_snapshot_license_and_QA,fishcount-farmed-decapods,,,,block until redistribution terms verified
release-candidate-2026-07-07.country-context.v0,VIR,"Virgin Islands, U.S.",country:VIR,identity_boundary,True,candidate_pending_fetch_snapshot_license_and_QA,natural-earth-admin0;geoboundaries-adm1,,,,boundaries/context only
release-candidate-2026-07-07.country-context.v0,VIR,"Virgin Islands, U.S.",country:VIR,wdi_population_land_agriculture,True,candidate_pending_fetch_snapshot_license_and_QA,world-bank-wdi-api,,,,"population, land area, agricultural land denominators"
release-candidate-2026-07-07.country-context.v0,VIR,"Virgin Islands, U.S.",country:VIR,owid_land_animals_slaughtered,True,candidate_pending_fetch_snapshot_license_and_QA,owid-land-animals-slaughtered,,,,land animal slaughter proxy
release-candidate-2026-07-07.country-context.v0,VIR,"Virgin Islands, U.S.",country:VIR,owid_farmed_fish,False,candidate_pending_fetch_snapshot_license_and_QA,owid-farmed-fish-killed,,,,farmed fish proxy
release-candidate-2026-07-07.country-context.v0,VIR,"Virgin Islands, U.S.",country:VIR,owid_wild_caught_fish,False,candidate_pending_fetch_snapshot_license_and_QA,owid-wild-caught-fish,,,,wild caught fish proxy
release-candidate-2026-07-07.country-context.v0,VIR,"Virgin Islands, U.S.",country:VIR,owid_farmed_crustaceans,False,candidate_pending_fetch_snapshot_license_and_QA,owid-farmed-crustaceans,,,,farmed crustacean proxy
release-candidate-2026-07-07.country-context.v0,VIR,"Virgin Islands, U.S.",country:VIR,owid_insecticide_use_fao,False,candidate_pending_fetch_snapshot_license_and_QA,owid-insecticide-use-fao,,,,insecticide use proxy from FAOSTAT via OWID
release-candidate-2026-07-07.country-context.v0,VIR,"Virgin Islands, U.S.",country:VIR,fishcount_farmed_fish_terms_review,False,candidate_pending_fetch_snapshot_license_and_QA,fishcount-farmed-fish,,,,block until redistribution terms verified
release-candidate-2026-07-07.country-context.v0,VIR,"Virgin Islands, U.S.",country:VIR,fishcount_wild_fish_terms_review,False,candidate_pending_fetch_snapshot_license_and_QA,fishcount-wild-fish,,,,block until redistribution terms verified
release-candidate-2026-07-07.country-context.v0,VIR,"Virgin Islands, U.S.",country:VIR,fishcount_crustaceans_terms_review,False,candidate_pending_fetch_snapshot_license_and_QA,fishcount-farmed-decapods,,,,block until redistribution terms verified
release-candidate-2026-07-07.country-context.v0,VNM,Viet Nam,country:VNM,identity_boundary,True,candidate_pending_fetch_snapshot_license_and_QA,natural-earth-admin0;geoboundaries-adm1,,,,boundaries/context only
release-candidate-2026-07-07.country-context.v0,VNM,Viet Nam,country:VNM,wdi_population_land_agriculture,True,candidate_pending_fetch_snapshot_license_and_QA,world-bank-wdi-api,,,,"population, land area, agricultural land denominators"
release-candidate-2026-07-07.country-context.v0,VNM,Viet Nam,country:VNM,owid_land_animals_slaughtered,True,candidate_pending_fetch_snapshot_license_and_QA,owid-land-animals-slaughtered,,,,land animal slaughter proxy
release-candidate-2026-07-07.country-context.v0,VNM,Viet Nam,country:VNM,owid_farmed_fish,False,candidate_pending_fetch_snapshot_license_and_QA,owid-farmed-fish-killed,,,,farmed fish proxy
release-candidate-2026-07-07.country-context.v0,VNM,Viet Nam,country:VNM,owid_wild_caught_fish,False,candidate_pending_fetch_snapshot_license_and_QA,owid-wild-caught-fish,,,,wild caught fish proxy
release-candidate-2026-07-07.country-context.v0,VNM,Viet Nam,country:VNM,owid_farmed_crustaceans,False,candidate_pending_fetch_snapshot_license_and_QA,owid-farmed-crustaceans,,,,farmed crustacean proxy
release-candidate-2026-07-07.country-context.v0,VNM,Viet Nam,country:VNM,owid_insecticide_use_fao,False,candidate_pending_fetch_snapshot_license_and_QA,owid-insecticide-use-fao,,,,insecticide use proxy from FAOSTAT via OWID
release-candidate-2026-07-07.country-context.v0,VNM,Viet Nam,country:VNM,fishcount_farmed_fish_terms_review,False,candidate_pending_fetch_snapshot_license_and_QA,fishcount-farmed-fish,,,,block until redistribution terms verified
release-candidate-2026-07-07.country-context.v0,VNM,Viet Nam,country:VNM,fishcount_wild_fish_terms_review,False,candidate_pending_fetch_snapshot_license_and_QA,fishcount-wild-fish,,,,block until redistribution terms verified
release-candidate-2026-07-07.country-context.v0,VNM,Viet Nam,country:VNM,fishcount_crustaceans_terms_review,False,candidate_pending_fetch_snapshot_license_and_QA,fishcount-farmed-decapods,,,,block until redistribution terms verified
release-candidate-2026-07-07.country-context.v0,VUT,Vanuatu,country:VUT,identity_boundary,True,candidate_pending_fetch_snapshot_license_and_QA,natural-earth-admin0;geoboundaries-adm1,,,,boundaries/context only
release-candidate-2026-07-07.country-context.v0,VUT,Vanuatu,country:VUT,wdi_population_land_agriculture,True,candidate_pending_fetch_snapshot_license_and_QA,world-bank-wdi-api,,,,"population, land area, agricultural land denominators"
release-candidate-2026-07-07.country-context.v0,VUT,Vanuatu,country:VUT,owid_land_animals_slaughtered,True,candidate_pending_fetch_snapshot_license_and_QA,owid-land-animals-slaughtered,,,,land animal slaughter proxy
release-candidate-2026-07-07.country-context.v0,VUT,Vanuatu,country:VUT,owid_farmed_fish,False,candidate_pending_fetch_snapshot_license_and_QA,owid-farmed-fish-killed,,,,farmed fish proxy
release-candidate-2026-07-07.country-context.v0,VUT,Vanuatu,country:VUT,owid_wild_caught_fish,False,candidate_pending_fetch_snapshot_license_and_QA,owid-wild-caught-fish,,,,wild caught fish proxy
release-candidate-2026-07-07.country-context.v0,VUT,Vanuatu,country:VUT,owid_farmed_crustaceans,False,candidate_pending_fetch_snapshot_license_and_QA,owid-farmed-crustaceans,,,,farmed crustacean proxy
release-candidate-2026-07-07.country-context.v0,VUT,Vanuatu,country:VUT,owid_insecticide_use_fao,False,candidate_pending_fetch_snapshot_license_and_QA,owid-insecticide-use-fao,,,,insecticide use proxy from FAOSTAT via OWID
release-candidate-2026-07-07.country-context.v0,VUT,Vanuatu,country:VUT,fishcount_farmed_fish_terms_review,False,candidate_pending_fetch_snapshot_license_and_QA,fishcount-farmed-fish,,,,block until redistribution terms verified
release-candidate-2026-07-07.country-context.v0,VUT,Vanuatu,country:VUT,fishcount_wild_fish_terms_review,False,candidate_pending_fetch_snapshot_license_and_QA,fishcount-wild-fish,,,,block until redistribution terms verified
release-candidate-2026-07-07.country-context.v0,VUT,Vanuatu,country:VUT,fishcount_crustaceans_terms_review,False,candidate_pending_fetch_snapshot_license_and_QA,fishcount-farmed-decapods,,,,block until redistribution terms verified
release-candidate-2026-07-07.country-context.v0,WLF,Wallis and Futuna,country:WLF,identity_boundary,True,candidate_pending_fetch_snapshot_license_and_QA,natural-earth-admin0;geoboundaries-adm1,,,,boundaries/context only
release-candidate-2026-07-07.country-context.v0,WLF,Wallis and Futuna,country:WLF,wdi_population_land_agriculture,True,candidate_pending_fetch_snapshot_license_and_QA,world-bank-wdi-api,,,,"population, land area, agricultural land denominators"
release-candidate-2026-07-07.country-context.v0,WLF,Wallis and Futuna,country:WLF,owid_land_animals_slaughtered,True,candidate_pending_fetch_snapshot_license_and_QA,owid-land-animals-slaughtered,,,,land animal slaughter proxy
release-candidate-2026-07-07.country-context.v0,WLF,Wallis and Futuna,country:WLF,owid_farmed_fish,False,candidate_pending_fetch_snapshot_license_and_QA,owid-farmed-fish-killed,,,,farmed fish proxy
release-candidate-2026-07-07.country-context.v0,WLF,Wallis and Futuna,country:WLF,owid_wild_caught_fish,False,candidate_pending_fetch_snapshot_license_and_QA,owid-wild-caught-fish,,,,wild caught fish proxy
release-candidate-2026-07-07.country-context.v0,WLF,Wallis and Futuna,country:WLF,owid_farmed_crustaceans,False,candidate_pending_fetch_snapshot_license_and_QA,owid-farmed-crustaceans,,,,farmed crustacean proxy
release-candidate-2026-07-07.country-context.v0,WLF,Wallis and Futuna,country:WLF,owid_insecticide_use_fao,False,candidate_pending_fetch_snapshot_license_and_QA,owid-insecticide-use-fao,,,,insecticide use proxy from FAOSTAT via OWID
release-candidate-2026-07-07.country-context.v0,WLF,Wallis and Futuna,country:WLF,fishcount_farmed_fish_terms_review,False,candidate_pending_fetch_snapshot_license_and_QA,fishcount-farmed-fish,,,,block until redistribution terms verified
release-candidate-2026-07-07.country-context.v0,WLF,Wallis and Futuna,country:WLF,fishcount_wild_fish_terms_review,False,candidate_pending_fetch_snapshot_license_and_QA,fishcount-wild-fish,,,,block until redistribution terms verified
release-candidate-2026-07-07.country-context.v0,WLF,Wallis and Futuna,country:WLF,fishcount_crustaceans_terms_review,False,candidate_pending_fetch_snapshot_license_and_QA,fishcount-farmed-decapods,,,,block until redistribution terms verified
release-candidate-2026-07-07.country-context.v0,WSM,Samoa,country:WSM,identity_boundary,True,candidate_pending_fetch_snapshot_license_and_QA,natural-earth-admin0;geoboundaries-adm1,,,,boundaries/context only
release-candidate-2026-07-07.country-context.v0,WSM,Samoa,country:WSM,wdi_population_land_agriculture,True,candidate_pending_fetch_snapshot_license_and_QA,world-bank-wdi-api,,,,"population, land area, agricultural land denominators"
release-candidate-2026-07-07.country-context.v0,WSM,Samoa,country:WSM,owid_land_animals_slaughtered,True,candidate_pending_fetch_snapshot_license_and_QA,owid-land-animals-slaughtered,,,,land animal slaughter proxy
release-candidate-2026-07-07.country-context.v0,WSM,Samoa,country:WSM,owid_farmed_fish,False,candidate_pending_fetch_snapshot_license_and_QA,owid-farmed-fish-killed,,,,farmed fish proxy
release-candidate-2026-07-07.country-context.v0,WSM,Samoa,country:WSM,owid_wild_caught_fish,False,candidate_pending_fetch_snapshot_license_and_QA,owid-wild-caught-fish,,,,wild caught fish proxy
release-candidate-2026-07-07.country-context.v0,WSM,Samoa,country:WSM,owid_farmed_crustaceans,False,candidate_pending_fetch_snapshot_license_and_QA,owid-farmed-crustaceans,,,,farmed crustacean proxy
release-candidate-2026-07-07.country-context.v0,WSM,Samoa,country:WSM,owid_insecticide_use_fao,False,candidate_pending_fetch_snapshot_license_and_QA,owid-insecticide-use-fao,,,,insecticide use proxy from FAOSTAT via OWID
release-candidate-2026-07-07.country-context.v0,WSM,Samoa,country:WSM,fishcount_farmed_fish_terms_review,False,candidate_pending_fetch_snapshot_license_and_QA,fishcount-farmed-fish,,,,block until redistribution terms verified
release-candidate-2026-07-07.country-context.v0,WSM,Samoa,country:WSM,fishcount_wild_fish_terms_review,False,candidate_pending_fetch_snapshot_license_and_QA,fishcount-wild-fish,,,,block until redistribution terms verified
release-candidate-2026-07-07.country-context.v0,WSM,Samoa,country:WSM,fishcount_crustaceans_terms_review,False,candidate_pending_fetch_snapshot_license_and_QA,fishcount-farmed-decapods,,,,block until redistribution terms verified
release-candidate-2026-07-07.country-context.v0,YEM,Yemen,country:YEM,identity_boundary,True,candidate_pending_fetch_snapshot_license_and_QA,natural-earth-admin0;geoboundaries-adm1,,,,boundaries/context only
release-candidate-2026-07-07.country-context.v0,YEM,Yemen,country:YEM,wdi_population_land_agriculture,True,candidate_pending_fetch_snapshot_license_and_QA,world-bank-wdi-api,,,,"population, land area, agricultural land denominators"
release-candidate-2026-07-07.country-context.v0,YEM,Yemen,country:YEM,owid_land_animals_slaughtered,True,candidate_pending_fetch_snapshot_license_and_QA,owid-land-animals-slaughtered,,,,land animal slaughter proxy
release-candidate-2026-07-07.country-context.v0,YEM,Yemen,country:YEM,owid_farmed_fish,False,candidate_pending_fetch_snapshot_license_and_QA,owid-farmed-fish-killed,,,,farmed fish proxy
release-candidate-2026-07-07.country-context.v0,YEM,Yemen,country:YEM,owid_wild_caught_fish,False,candidate_pending_fetch_snapshot_license_and_QA,owid-wild-caught-fish,,,,wild caught fish proxy
release-candidate-2026-07-07.country-context.v0,YEM,Yemen,country:YEM,owid_farmed_crustaceans,False,candidate_pending_fetch_snapshot_license_and_QA,owid-farmed-crustaceans,,,,farmed crustacean proxy
release-candidate-2026-07-07.country-context.v0,YEM,Yemen,country:YEM,owid_insecticide_use_fao,False,candidate_pending_fetch_snapshot_license_and_QA,owid-insecticide-use-fao,,,,insecticide use proxy from FAOSTAT via OWID
release-candidate-2026-07-07.country-context.v0,YEM,Yemen,country:YEM,fishcount_farmed_fish_terms_review,False,candidate_pending_fetch_snapshot_license_and_QA,fishcount-farmed-fish,,,,block until redistribution terms verified
release-candidate-2026-07-07.country-context.v0,YEM,Yemen,country:YEM,fishcount_wild_fish_terms_review,False,candidate_pending_fetch_snapshot_license_and_QA,fishcount-wild-fish,,,,block until redistribution terms verified
release-candidate-2026-07-07.country-context.v0,YEM,Yemen,country:YEM,fishcount_crustaceans_terms_review,False,candidate_pending_fetch_snapshot_license_and_QA,fishcount-farmed-decapods,,,,block until redistribution terms verified
release-candidate-2026-07-07.country-context.v0,ZAF,South Africa,country:ZAF,identity_boundary,True,candidate_pending_fetch_snapshot_license_and_QA,natural-earth-admin0;geoboundaries-adm1,,,,boundaries/context only
release-candidate-2026-07-07.country-context.v0,ZAF,South Africa,country:ZAF,wdi_population_land_agriculture,True,candidate_pending_fetch_snapshot_license_and_QA,world-bank-wdi-api,,,,"population, land area, agricultural land denominators"
release-candidate-2026-07-07.country-context.v0,ZAF,South Africa,country:ZAF,owid_land_animals_slaughtered,True,candidate_pending_fetch_snapshot_license_and_QA,owid-land-animals-slaughtered,,,,land animal slaughter proxy
release-candidate-2026-07-07.country-context.v0,ZAF,South Africa,country:ZAF,owid_farmed_fish,False,candidate_pending_fetch_snapshot_license_and_QA,owid-farmed-fish-killed,,,,farmed fish proxy
release-candidate-2026-07-07.country-context.v0,ZAF,South Africa,country:ZAF,owid_wild_caught_fish,False,candidate_pending_fetch_snapshot_license_and_QA,owid-wild-caught-fish,,,,wild caught fish proxy
release-candidate-2026-07-07.country-context.v0,ZAF,South Africa,country:ZAF,owid_farmed_crustaceans,False,candidate_pending_fetch_snapshot_license_and_QA,owid-farmed-crustaceans,,,,farmed crustacean proxy
release-candidate-2026-07-07.country-context.v0,ZAF,South Africa,country:ZAF,owid_insecticide_use_fao,False,candidate_pending_fetch_snapshot_license_and_QA,owid-insecticide-use-fao,,,,insecticide use proxy from FAOSTAT via OWID
release-candidate-2026-07-07.country-context.v0,ZAF,South Africa,country:ZAF,fishcount_farmed_fish_terms_review,False,candidate_pending_fetch_snapshot_license_and_QA,fishcount-farmed-fish,,,,block until redistribution terms verified
release-candidate-2026-07-07.country-context.v0,ZAF,South Africa,country:ZAF,fishcount_wild_fish_terms_review,False,candidate_pending_fetch_snapshot_license_and_QA,fishcount-wild-fish,,,,block until redistribution terms verified
release-candidate-2026-07-07.country-context.v0,ZAF,South Africa,country:ZAF,fishcount_crustaceans_terms_review,False,candidate_pending_fetch_snapshot_license_and_QA,fishcount-farmed-decapods,,,,block until redistribution terms verified
release-candidate-2026-07-07.country-context.v0,ZMB,Zambia,country:ZMB,identity_boundary,True,candidate_pending_fetch_snapshot_license_and_QA,natural-earth-admin0;geoboundaries-adm1,,,,boundaries/context only
release-candidate-2026-07-07.country-context.v0,ZMB,Zambia,country:ZMB,wdi_population_land_agriculture,True,candidate_pending_fetch_snapshot_license_and_QA,world-bank-wdi-api,,,,"population, land area, agricultural land denominators"
release-candidate-2026-07-07.country-context.v0,ZMB,Zambia,country:ZMB,owid_land_animals_slaughtered,True,candidate_pending_fetch_snapshot_license_and_QA,owid-land-animals-slaughtered,,,,land animal slaughter proxy
release-candidate-2026-07-07.country-context.v0,ZMB,Zambia,country:ZMB,owid_farmed_fish,False,candidate_pending_fetch_snapshot_license_and_QA,owid-farmed-fish-killed,,,,farmed fish proxy
release-candidate-2026-07-07.country-context.v0,ZMB,Zambia,country:ZMB,owid_wild_caught_fish,False,candidate_pending_fetch_snapshot_license_and_QA,owid-wild-caught-fish,,,,wild caught fish proxy
release-candidate-2026-07-07.country-context.v0,ZMB,Zambia,country:ZMB,owid_farmed_crustaceans,False,candidate_pending_fetch_snapshot_license_and_QA,owid-farmed-crustaceans,,,,farmed crustacean proxy
release-candidate-2026-07-07.country-context.v0,ZMB,Zambia,country:ZMB,owid_insecticide_use_fao,False,candidate_pending_fetch_snapshot_license_and_QA,owid-insecticide-use-fao,,,,insecticide use proxy from FAOSTAT via OWID
release-candidate-2026-07-07.country-context.v0,ZMB,Zambia,country:ZMB,fishcount_farmed_fish_terms_review,False,candidate_pending_fetch_snapshot_license_and_QA,fishcount-farmed-fish,,,,block until redistribution terms verified
release-candidate-2026-07-07.country-context.v0,ZMB,Zambia,country:ZMB,fishcount_wild_fish_terms_review,False,candidate_pending_fetch_snapshot_license_and_QA,fishcount-wild-fish,,,,block until redistribution terms verified
release-candidate-2026-07-07.country-context.v0,ZMB,Zambia,country:ZMB,fishcount_crustaceans_terms_review,False,candidate_pending_fetch_snapshot_license_and_QA,fishcount-farmed-decapods,,,,block until redistribution terms verified
release-candidate-2026-07-07.country-context.v0,ZWE,Zimbabwe,country:ZWE,identity_boundary,True,candidate_pending_fetch_snapshot_license_and_QA,natural-earth-admin0;geoboundaries-adm1,,,,boundaries/context only
release-candidate-2026-07-07.country-context.v0,ZWE,Zimbabwe,country:ZWE,wdi_population_land_agriculture,True,candidate_pending_fetch_snapshot_license_and_QA,world-bank-wdi-api,,,,"population, land area, agricultural land denominators"
release-candidate-2026-07-07.country-context.v0,ZWE,Zimbabwe,country:ZWE,owid_land_animals_slaughtered,True,candidate_pending_fetch_snapshot_license_and_QA,owid-land-animals-slaughtered,,,,land animal slaughter proxy
release-candidate-2026-07-07.country-context.v0,ZWE,Zimbabwe,country:ZWE,owid_farmed_fish,False,candidate_pending_fetch_snapshot_license_and_QA,owid-farmed-fish-killed,,,,farmed fish proxy
release-candidate-2026-07-07.country-context.v0,ZWE,Zimbabwe,country:ZWE,owid_wild_caught_fish,False,candidate_pending_fetch_snapshot_license_and_QA,owid-wild-caught-fish,,,,wild caught fish proxy
release-candidate-2026-07-07.country-context.v0,ZWE,Zimbabwe,country:ZWE,owid_farmed_crustaceans,False,candidate_pending_fetch_snapshot_license_and_QA,owid-farmed-crustaceans,,,,farmed crustacean proxy
release-candidate-2026-07-07.country-context.v0,ZWE,Zimbabwe,country:ZWE,owid_insecticide_use_fao,False,candidate_pending_fetch_snapshot_license_and_QA,owid-insecticide-use-fao,,,,insecticide use proxy from FAOSTAT via OWID
release-candidate-2026-07-07.country-context.v0,ZWE,Zimbabwe,country:ZWE,fishcount_farmed_fish_terms_review,False,candidate_pending_fetch_snapshot_license_and_QA,fishcount-farmed-fish,,,,block until redistribution terms verified
release-candidate-2026-07-07.country-context.v0,ZWE,Zimbabwe,country:ZWE,fishcount_wild_fish_terms_review,False,candidate_pending_fetch_snapshot_license_and_QA,fishcount-wild-fish,,,,block until redistribution terms verified
release-candidate-2026-07-07.country-context.v0,ZWE,Zimbabwe,country:ZWE,fishcount_crustaceans_terms_review,False,candidate_pending_fetch_snapshot_license_and_QA,fishcount-farmed-decapods,,,,block until redistribution terms verified
