iso3,iso2,display_name,official_name,release_id,place_id_candidate,current_coverage_status,current_visible_country_fields_layers,missing_required_inputs,proposed_promotion_status_after_research,reason_if_still_not_promotable,live_site_basis
ABW,AW,Aruba,,release-candidate-2026-07-07.country-context.v0,country:ABW,missing_canonical_country_profile_or_only_boundary_context,country boundary/context only or not individually verified; live site states only Brazil and India have canonical country profiles,source snapshots; license verification; source vintage; reference period; method transform; comparability metadata; QA; release artifact regeneration,blocked_pending_source_snapshots_license_method_QA,"no verified source snapshots, licenses, methods, reference periods, or QA in this session; do not publish fabricated values","homepage says 2 canonical country profiles, Brazil and India, with 239 country boundary entries and 0 direct place-evidence rows"
AFG,AF,Afghanistan,Islamic Republic of Afghanistan,release-candidate-2026-07-07.country-context.v0,country:AFG,missing_canonical_country_profile_or_only_boundary_context,country boundary/context only or not individually verified; live site states only Brazil and India have canonical country profiles,source snapshots; license verification; source vintage; reference period; method transform; comparability metadata; QA; release artifact regeneration,blocked_pending_source_snapshots_license_method_QA,"no verified source snapshots, licenses, methods, reference periods, or QA in this session; do not publish fabricated values","homepage says 2 canonical country profiles, Brazil and India, with 239 country boundary entries and 0 direct place-evidence rows"
AGO,AO,Angola,Republic of Angola,release-candidate-2026-07-07.country-context.v0,country:AGO,missing_canonical_country_profile_or_only_boundary_context,country boundary/context only or not individually verified; live site states only Brazil and India have canonical country profiles,source snapshots; license verification; source vintage; reference period; method transform; comparability metadata; QA; release artifact regeneration,blocked_pending_source_snapshots_license_method_QA,"no verified source snapshots, licenses, methods, reference periods, or QA in this session; do not publish fabricated values","homepage says 2 canonical country profiles, Brazil and India, with 239 country boundary entries and 0 direct place-evidence rows"
AIA,AI,Anguilla,,release-candidate-2026-07-07.country-context.v0,country:AIA,missing_canonical_country_profile_or_only_boundary_context,country boundary/context only or not individually verified; live site states only Brazil and India have canonical country profiles,source snapshots; license verification; source vintage; reference period; method transform; comparability metadata; QA; release artifact regeneration,blocked_pending_source_snapshots_license_method_QA,"no verified source snapshots, licenses, methods, reference periods, or QA in this session; do not publish fabricated values","homepage says 2 canonical country profiles, Brazil and India, with 239 country boundary entries and 0 direct place-evidence rows"
ALA,AX,Åland Islands,,release-candidate-2026-07-07.country-context.v0,country:ALA,missing_canonical_country_profile_or_only_boundary_context,country boundary/context only or not individually verified; live site states only Brazil and India have canonical country profiles,source snapshots; license verification; source vintage; reference period; method transform; comparability metadata; QA; release artifact regeneration,blocked_pending_source_snapshots_license_method_QA,"no verified source snapshots, licenses, methods, reference periods, or QA in this session; do not publish fabricated values","homepage says 2 canonical country profiles, Brazil and India, with 239 country boundary entries and 0 direct place-evidence rows"
ALB,AL,Albania,Republic of Albania,release-candidate-2026-07-07.country-context.v0,country:ALB,missing_canonical_country_profile_or_only_boundary_context,country boundary/context only or not individually verified; live site states only Brazil and India have canonical country profiles,source snapshots; license verification; source vintage; reference period; method transform; comparability metadata; QA; release artifact regeneration,blocked_pending_source_snapshots_license_method_QA,"no verified source snapshots, licenses, methods, reference periods, or QA in this session; do not publish fabricated values","homepage says 2 canonical country profiles, Brazil and India, with 239 country boundary entries and 0 direct place-evidence rows"
AND,AD,Andorra,Principality of Andorra,release-candidate-2026-07-07.country-context.v0,country:AND,missing_canonical_country_profile_or_only_boundary_context,country boundary/context only or not individually verified; live site states only Brazil and India have canonical country profiles,source snapshots; license verification; source vintage; reference period; method transform; comparability metadata; QA; release artifact regeneration,blocked_pending_source_snapshots_license_method_QA,"no verified source snapshots, licenses, methods, reference periods, or QA in this session; do not publish fabricated values","homepage says 2 canonical country profiles, Brazil and India, with 239 country boundary entries and 0 direct place-evidence rows"
ARE,AE,United Arab Emirates,,release-candidate-2026-07-07.country-context.v0,country:ARE,missing_canonical_country_profile_or_only_boundary_context,country boundary/context only or not individually verified; live site states only Brazil and India have canonical country profiles,source snapshots; license verification; source vintage; reference period; method transform; comparability metadata; QA; release artifact regeneration,blocked_pending_source_snapshots_license_method_QA,"no verified source snapshots, licenses, methods, reference periods, or QA in this session; do not publish fabricated values","homepage says 2 canonical country profiles, Brazil and India, with 239 country boundary entries and 0 direct place-evidence rows"
ARG,AR,Argentina,Argentine Republic,release-candidate-2026-07-07.country-context.v0,country:ARG,missing_canonical_country_profile_or_only_boundary_context,country boundary/context only or not individually verified; live site states only Brazil and India have canonical country profiles,source snapshots; license verification; source vintage; reference period; method transform; comparability metadata; QA; release artifact regeneration,blocked_pending_source_snapshots_license_method_QA,"no verified source snapshots, licenses, methods, reference periods, or QA in this session; do not publish fabricated values","homepage says 2 canonical country profiles, Brazil and India, with 239 country boundary entries and 0 direct place-evidence rows"
ARM,AM,Armenia,Republic of Armenia,release-candidate-2026-07-07.country-context.v0,country:ARM,missing_canonical_country_profile_or_only_boundary_context,country boundary/context only or not individually verified; live site states only Brazil and India have canonical country profiles,source snapshots; license verification; source vintage; reference period; method transform; comparability metadata; QA; release artifact regeneration,blocked_pending_source_snapshots_license_method_QA,"no verified source snapshots, licenses, methods, reference periods, or QA in this session; do not publish fabricated values","homepage says 2 canonical country profiles, Brazil and India, with 239 country boundary entries and 0 direct place-evidence rows"
ASM,AS,American Samoa,,release-candidate-2026-07-07.country-context.v0,country:ASM,missing_canonical_country_profile_or_only_boundary_context,country boundary/context only or not individually verified; live site states only Brazil and India have canonical country profiles,source snapshots; license verification; source vintage; reference period; method transform; comparability metadata; QA; release artifact regeneration,blocked_pending_source_snapshots_license_method_QA,"no verified source snapshots, licenses, methods, reference periods, or QA in this session; do not publish fabricated values","homepage says 2 canonical country profiles, Brazil and India, with 239 country boundary entries and 0 direct place-evidence rows"
ATA,AQ,Antarctica,,release-candidate-2026-07-07.country-context.v0,country:ATA,missing_canonical_country_profile_or_only_boundary_context,country boundary/context only or not individually verified; live site states only Brazil and India have canonical country profiles,source snapshots; license verification; source vintage; reference period; method transform; comparability metadata; QA; release artifact regeneration,blocked_pending_source_snapshots_license_method_QA,"no verified source snapshots, licenses, methods, reference periods, or QA in this session; do not publish fabricated values","homepage says 2 canonical country profiles, Brazil and India, with 239 country boundary entries and 0 direct place-evidence rows"
ATF,TF,French Southern Territories,,release-candidate-2026-07-07.country-context.v0,country:ATF,missing_canonical_country_profile_or_only_boundary_context,country boundary/context only or not individually verified; live site states only Brazil and India have canonical country profiles,source snapshots; license verification; source vintage; reference period; method transform; comparability metadata; QA; release artifact regeneration,blocked_pending_source_snapshots_license_method_QA,"no verified source snapshots, licenses, methods, reference periods, or QA in this session; do not publish fabricated values","homepage says 2 canonical country profiles, Brazil and India, with 239 country boundary entries and 0 direct place-evidence rows"
ATG,AG,Antigua and Barbuda,,release-candidate-2026-07-07.country-context.v0,country:ATG,missing_canonical_country_profile_or_only_boundary_context,country boundary/context only or not individually verified; live site states only Brazil and India have canonical country profiles,source snapshots; license verification; source vintage; reference period; method transform; comparability metadata; QA; release artifact regeneration,blocked_pending_source_snapshots_license_method_QA,"no verified source snapshots, licenses, methods, reference periods, or QA in this session; do not publish fabricated values","homepage says 2 canonical country profiles, Brazil and India, with 239 country boundary entries and 0 direct place-evidence rows"
AUS,AU,Australia,,release-candidate-2026-07-07.country-context.v0,country:AUS,missing_canonical_country_profile_or_only_boundary_context,country boundary/context only or not individually verified; live site states only Brazil and India have canonical country profiles,source snapshots; license verification; source vintage; reference period; method transform; comparability metadata; QA; release artifact regeneration,blocked_pending_source_snapshots_license_method_QA,"no verified source snapshots, licenses, methods, reference periods, or QA in this session; do not publish fabricated values","homepage says 2 canonical country profiles, Brazil and India, with 239 country boundary entries and 0 direct place-evidence rows"
AUT,AT,Austria,Republic of Austria,release-candidate-2026-07-07.country-context.v0,country:AUT,missing_canonical_country_profile_or_only_boundary_context,country boundary/context only or not individually verified; live site states only Brazil and India have canonical country profiles,source snapshots; license verification; source vintage; reference period; method transform; comparability metadata; QA; release artifact regeneration,blocked_pending_source_snapshots_license_method_QA,"no verified source snapshots, licenses, methods, reference periods, or QA in this session; do not publish fabricated values","homepage says 2 canonical country profiles, Brazil and India, with 239 country boundary entries and 0 direct place-evidence rows"
AZE,AZ,Azerbaijan,Republic of Azerbaijan,release-candidate-2026-07-07.country-context.v0,country:AZE,missing_canonical_country_profile_or_only_boundary_context,country boundary/context only or not individually verified; live site states only Brazil and India have canonical country profiles,source snapshots; license verification; source vintage; reference period; method transform; comparability metadata; QA; release artifact regeneration,blocked_pending_source_snapshots_license_method_QA,"no verified source snapshots, licenses, methods, reference periods, or QA in this session; do not publish fabricated values","homepage says 2 canonical country profiles, Brazil and India, with 239 country boundary entries and 0 direct place-evidence rows"
BDI,BI,Burundi,Republic of Burundi,release-candidate-2026-07-07.country-context.v0,country:BDI,missing_canonical_country_profile_or_only_boundary_context,country boundary/context only or not individually verified; live site states only Brazil and India have canonical country profiles,source snapshots; license verification; source vintage; reference period; method transform; comparability metadata; QA; release artifact regeneration,blocked_pending_source_snapshots_license_method_QA,"no verified source snapshots, licenses, methods, reference periods, or QA in this session; do not publish fabricated values","homepage says 2 canonical country profiles, Brazil and India, with 239 country boundary entries and 0 direct place-evidence rows"
BEL,BE,Belgium,Kingdom of Belgium,release-candidate-2026-07-07.country-context.v0,country:BEL,missing_canonical_country_profile_or_only_boundary_context,country boundary/context only or not individually verified; live site states only Brazil and India have canonical country profiles,source snapshots; license verification; source vintage; reference period; method transform; comparability metadata; QA; release artifact regeneration,blocked_pending_source_snapshots_license_method_QA,"no verified source snapshots, licenses, methods, reference periods, or QA in this session; do not publish fabricated values","homepage says 2 canonical country profiles, Brazil and India, with 239 country boundary entries and 0 direct place-evidence rows"
BEN,BJ,Benin,Republic of Benin,release-candidate-2026-07-07.country-context.v0,country:BEN,missing_canonical_country_profile_or_only_boundary_context,country boundary/context only or not individually verified; live site states only Brazil and India have canonical country profiles,source snapshots; license verification; source vintage; reference period; method transform; comparability metadata; QA; release artifact regeneration,blocked_pending_source_snapshots_license_method_QA,"no verified source snapshots, licenses, methods, reference periods, or QA in this session; do not publish fabricated values","homepage says 2 canonical country profiles, Brazil and India, with 239 country boundary entries and 0 direct place-evidence rows"
BES,BQ,"Bonaire, Sint Eustatius and Saba","Bonaire, Sint Eustatius and Saba",release-candidate-2026-07-07.country-context.v0,country:BES,missing_canonical_country_profile_or_only_boundary_context,country boundary/context only or not individually verified; live site states only Brazil and India have canonical country profiles,source snapshots; license verification; source vintage; reference period; method transform; comparability metadata; QA; release artifact regeneration,blocked_pending_source_snapshots_license_method_QA,"no verified source snapshots, licenses, methods, reference periods, or QA in this session; do not publish fabricated values","homepage says 2 canonical country profiles, Brazil and India, with 239 country boundary entries and 0 direct place-evidence rows"
BFA,BF,Burkina Faso,,release-candidate-2026-07-07.country-context.v0,country:BFA,missing_canonical_country_profile_or_only_boundary_context,country boundary/context only or not individually verified; live site states only Brazil and India have canonical country profiles,source snapshots; license verification; source vintage; reference period; method transform; comparability metadata; QA; release artifact regeneration,blocked_pending_source_snapshots_license_method_QA,"no verified source snapshots, licenses, methods, reference periods, or QA in this session; do not publish fabricated values","homepage says 2 canonical country profiles, Brazil and India, with 239 country boundary entries and 0 direct place-evidence rows"
BGD,BD,Bangladesh,People's Republic of Bangladesh,release-candidate-2026-07-07.country-context.v0,country:BGD,missing_canonical_country_profile_or_only_boundary_context,country boundary/context only or not individually verified; live site states only Brazil and India have canonical country profiles,source snapshots; license verification; source vintage; reference period; method transform; comparability metadata; QA; release artifact regeneration,blocked_pending_source_snapshots_license_method_QA,"no verified source snapshots, licenses, methods, reference periods, or QA in this session; do not publish fabricated values","homepage says 2 canonical country profiles, Brazil and India, with 239 country boundary entries and 0 direct place-evidence rows"
BGR,BG,Bulgaria,Republic of Bulgaria,release-candidate-2026-07-07.country-context.v0,country:BGR,missing_canonical_country_profile_or_only_boundary_context,country boundary/context only or not individually verified; live site states only Brazil and India have canonical country profiles,source snapshots; license verification; source vintage; reference period; method transform; comparability metadata; QA; release artifact regeneration,blocked_pending_source_snapshots_license_method_QA,"no verified source snapshots, licenses, methods, reference periods, or QA in this session; do not publish fabricated values","homepage says 2 canonical country profiles, Brazil and India, with 239 country boundary entries and 0 direct place-evidence rows"
BHR,BH,Bahrain,Kingdom of Bahrain,release-candidate-2026-07-07.country-context.v0,country:BHR,missing_canonical_country_profile_or_only_boundary_context,country boundary/context only or not individually verified; live site states only Brazil and India have canonical country profiles,source snapshots; license verification; source vintage; reference period; method transform; comparability metadata; QA; release artifact regeneration,blocked_pending_source_snapshots_license_method_QA,"no verified source snapshots, licenses, methods, reference periods, or QA in this session; do not publish fabricated values","homepage says 2 canonical country profiles, Brazil and India, with 239 country boundary entries and 0 direct place-evidence rows"
BHS,BS,Bahamas,Commonwealth of the Bahamas,release-candidate-2026-07-07.country-context.v0,country:BHS,missing_canonical_country_profile_or_only_boundary_context,country boundary/context only or not individually verified; live site states only Brazil and India have canonical country profiles,source snapshots; license verification; source vintage; reference period; method transform; comparability metadata; QA; release artifact regeneration,blocked_pending_source_snapshots_license_method_QA,"no verified source snapshots, licenses, methods, reference periods, or QA in this session; do not publish fabricated values","homepage says 2 canonical country profiles, Brazil and India, with 239 country boundary entries and 0 direct place-evidence rows"
BIH,BA,Bosnia and Herzegovina,Republic of Bosnia and Herzegovina,release-candidate-2026-07-07.country-context.v0,country:BIH,missing_canonical_country_profile_or_only_boundary_context,country boundary/context only or not individually verified; live site states only Brazil and India have canonical country profiles,source snapshots; license verification; source vintage; reference period; method transform; comparability metadata; QA; release artifact regeneration,blocked_pending_source_snapshots_license_method_QA,"no verified source snapshots, licenses, methods, reference periods, or QA in this session; do not publish fabricated values","homepage says 2 canonical country profiles, Brazil and India, with 239 country boundary entries and 0 direct place-evidence rows"
BLM,BL,Saint Barthélemy,,release-candidate-2026-07-07.country-context.v0,country:BLM,missing_canonical_country_profile_or_only_boundary_context,country boundary/context only or not individually verified; live site states only Brazil and India have canonical country profiles,source snapshots; license verification; source vintage; reference period; method transform; comparability metadata; QA; release artifact regeneration,blocked_pending_source_snapshots_license_method_QA,"no verified source snapshots, licenses, methods, reference periods, or QA in this session; do not publish fabricated values","homepage says 2 canonical country profiles, Brazil and India, with 239 country boundary entries and 0 direct place-evidence rows"
BLR,BY,Belarus,Republic of Belarus,release-candidate-2026-07-07.country-context.v0,country:BLR,missing_canonical_country_profile_or_only_boundary_context,country boundary/context only or not individually verified; live site states only Brazil and India have canonical country profiles,source snapshots; license verification; source vintage; reference period; method transform; comparability metadata; QA; release artifact regeneration,blocked_pending_source_snapshots_license_method_QA,"no verified source snapshots, licenses, methods, reference periods, or QA in this session; do not publish fabricated values","homepage says 2 canonical country profiles, Brazil and India, with 239 country boundary entries and 0 direct place-evidence rows"
BLZ,BZ,Belize,,release-candidate-2026-07-07.country-context.v0,country:BLZ,missing_canonical_country_profile_or_only_boundary_context,country boundary/context only or not individually verified; live site states only Brazil and India have canonical country profiles,source snapshots; license verification; source vintage; reference period; method transform; comparability metadata; QA; release artifact regeneration,blocked_pending_source_snapshots_license_method_QA,"no verified source snapshots, licenses, methods, reference periods, or QA in this session; do not publish fabricated values","homepage says 2 canonical country profiles, Brazil and India, with 239 country boundary entries and 0 direct place-evidence rows"
BMU,BM,Bermuda,,release-candidate-2026-07-07.country-context.v0,country:BMU,missing_canonical_country_profile_or_only_boundary_context,country boundary/context only or not individually verified; live site states only Brazil and India have canonical country profiles,source snapshots; license verification; source vintage; reference period; method transform; comparability metadata; QA; release artifact regeneration,blocked_pending_source_snapshots_license_method_QA,"no verified source snapshots, licenses, methods, reference periods, or QA in this session; do not publish fabricated values","homepage says 2 canonical country profiles, Brazil and India, with 239 country boundary entries and 0 direct place-evidence rows"
BOL,BO,"Bolivia, Plurinational State of",Plurinational State of Bolivia,release-candidate-2026-07-07.country-context.v0,country:BOL,missing_canonical_country_profile_or_only_boundary_context,country boundary/context only or not individually verified; live site states only Brazil and India have canonical country profiles,source snapshots; license verification; source vintage; reference period; method transform; comparability metadata; QA; release artifact regeneration,blocked_pending_source_snapshots_license_method_QA,"no verified source snapshots, licenses, methods, reference periods, or QA in this session; do not publish fabricated values","homepage says 2 canonical country profiles, Brazil and India, with 239 country boundary entries and 0 direct place-evidence rows"
BRA,BR,Brazil,Federative Republic of Brazil,release-candidate-2026-07-07.country-context.v0,country:BRA,canonical_country_profile_present_on_live_site,canonical country measurement profile; exact layers must be verified from release artifacts before modification,,retain_and_revalidate_against_new_source_snapshots,live site states Brazil and India currently have canonical country measurement profiles,"homepage says 2 canonical country profiles, Brazil and India, with 239 country boundary entries and 0 direct place-evidence rows"
BRB,BB,Barbados,,release-candidate-2026-07-07.country-context.v0,country:BRB,missing_canonical_country_profile_or_only_boundary_context,country boundary/context only or not individually verified; live site states only Brazil and India have canonical country profiles,source snapshots; license verification; source vintage; reference period; method transform; comparability metadata; QA; release artifact regeneration,blocked_pending_source_snapshots_license_method_QA,"no verified source snapshots, licenses, methods, reference periods, or QA in this session; do not publish fabricated values","homepage says 2 canonical country profiles, Brazil and India, with 239 country boundary entries and 0 direct place-evidence rows"
BRN,BN,Brunei Darussalam,,release-candidate-2026-07-07.country-context.v0,country:BRN,missing_canonical_country_profile_or_only_boundary_context,country boundary/context only or not individually verified; live site states only Brazil and India have canonical country profiles,source snapshots; license verification; source vintage; reference period; method transform; comparability metadata; QA; release artifact regeneration,blocked_pending_source_snapshots_license_method_QA,"no verified source snapshots, licenses, methods, reference periods, or QA in this session; do not publish fabricated values","homepage says 2 canonical country profiles, Brazil and India, with 239 country boundary entries and 0 direct place-evidence rows"
BTN,BT,Bhutan,Kingdom of Bhutan,release-candidate-2026-07-07.country-context.v0,country:BTN,missing_canonical_country_profile_or_only_boundary_context,country boundary/context only or not individually verified; live site states only Brazil and India have canonical country profiles,source snapshots; license verification; source vintage; reference period; method transform; comparability metadata; QA; release artifact regeneration,blocked_pending_source_snapshots_license_method_QA,"no verified source snapshots, licenses, methods, reference periods, or QA in this session; do not publish fabricated values","homepage says 2 canonical country profiles, Brazil and India, with 239 country boundary entries and 0 direct place-evidence rows"
BVT,BV,Bouvet Island,,release-candidate-2026-07-07.country-context.v0,country:BVT,missing_canonical_country_profile_or_only_boundary_context,country boundary/context only or not individually verified; live site states only Brazil and India have canonical country profiles,source snapshots; license verification; source vintage; reference period; method transform; comparability metadata; QA; release artifact regeneration,blocked_pending_source_snapshots_license_method_QA,"no verified source snapshots, licenses, methods, reference periods, or QA in this session; do not publish fabricated values","homepage says 2 canonical country profiles, Brazil and India, with 239 country boundary entries and 0 direct place-evidence rows"
BWA,BW,Botswana,Republic of Botswana,release-candidate-2026-07-07.country-context.v0,country:BWA,missing_canonical_country_profile_or_only_boundary_context,country boundary/context only or not individually verified; live site states only Brazil and India have canonical country profiles,source snapshots; license verification; source vintage; reference period; method transform; comparability metadata; QA; release artifact regeneration,blocked_pending_source_snapshots_license_method_QA,"no verified source snapshots, licenses, methods, reference periods, or QA in this session; do not publish fabricated values","homepage says 2 canonical country profiles, Brazil and India, with 239 country boundary entries and 0 direct place-evidence rows"
CAF,CF,Central African Republic,,release-candidate-2026-07-07.country-context.v0,country:CAF,missing_canonical_country_profile_or_only_boundary_context,country boundary/context only or not individually verified; live site states only Brazil and India have canonical country profiles,source snapshots; license verification; source vintage; reference period; method transform; comparability metadata; QA; release artifact regeneration,blocked_pending_source_snapshots_license_method_QA,"no verified source snapshots, licenses, methods, reference periods, or QA in this session; do not publish fabricated values","homepage says 2 canonical country profiles, Brazil and India, with 239 country boundary entries and 0 direct place-evidence rows"
CAN,CA,Canada,,release-candidate-2026-07-07.country-context.v0,country:CAN,missing_canonical_country_profile_or_only_boundary_context,country boundary/context only or not individually verified; live site states only Brazil and India have canonical country profiles,source snapshots; license verification; source vintage; reference period; method transform; comparability metadata; QA; release artifact regeneration,blocked_pending_source_snapshots_license_method_QA,"no verified source snapshots, licenses, methods, reference periods, or QA in this session; do not publish fabricated values","homepage says 2 canonical country profiles, Brazil and India, with 239 country boundary entries and 0 direct place-evidence rows"
CCK,CC,Cocos (Keeling) Islands,,release-candidate-2026-07-07.country-context.v0,country:CCK,missing_canonical_country_profile_or_only_boundary_context,country boundary/context only or not individually verified; live site states only Brazil and India have canonical country profiles,source snapshots; license verification; source vintage; reference period; method transform; comparability metadata; QA; release artifact regeneration,blocked_pending_source_snapshots_license_method_QA,"no verified source snapshots, licenses, methods, reference periods, or QA in this session; do not publish fabricated values","homepage says 2 canonical country profiles, Brazil and India, with 239 country boundary entries and 0 direct place-evidence rows"
CHE,CH,Switzerland,Swiss Confederation,release-candidate-2026-07-07.country-context.v0,country:CHE,missing_canonical_country_profile_or_only_boundary_context,country boundary/context only or not individually verified; live site states only Brazil and India have canonical country profiles,source snapshots; license verification; source vintage; reference period; method transform; comparability metadata; QA; release artifact regeneration,blocked_pending_source_snapshots_license_method_QA,"no verified source snapshots, licenses, methods, reference periods, or QA in this session; do not publish fabricated values","homepage says 2 canonical country profiles, Brazil and India, with 239 country boundary entries and 0 direct place-evidence rows"
CHL,CL,Chile,Republic of Chile,release-candidate-2026-07-07.country-context.v0,country:CHL,missing_canonical_country_profile_or_only_boundary_context,country boundary/context only or not individually verified; live site states only Brazil and India have canonical country profiles,source snapshots; license verification; source vintage; reference period; method transform; comparability metadata; QA; release artifact regeneration,blocked_pending_source_snapshots_license_method_QA,"no verified source snapshots, licenses, methods, reference periods, or QA in this session; do not publish fabricated values","homepage says 2 canonical country profiles, Brazil and India, with 239 country boundary entries and 0 direct place-evidence rows"
CHN,CN,China,People's Republic of China,release-candidate-2026-07-07.country-context.v0,country:CHN,missing_canonical_country_profile_or_only_boundary_context,country boundary/context only or not individually verified; live site states only Brazil and India have canonical country profiles,source snapshots; license verification; source vintage; reference period; method transform; comparability metadata; QA; release artifact regeneration,blocked_pending_source_snapshots_license_method_QA,"no verified source snapshots, licenses, methods, reference periods, or QA in this session; do not publish fabricated values","homepage says 2 canonical country profiles, Brazil and India, with 239 country boundary entries and 0 direct place-evidence rows"
CIV,CI,Côte d'Ivoire,Republic of Côte d'Ivoire,release-candidate-2026-07-07.country-context.v0,country:CIV,missing_canonical_country_profile_or_only_boundary_context,country boundary/context only or not individually verified; live site states only Brazil and India have canonical country profiles,source snapshots; license verification; source vintage; reference period; method transform; comparability metadata; QA; release artifact regeneration,blocked_pending_source_snapshots_license_method_QA,"no verified source snapshots, licenses, methods, reference periods, or QA in this session; do not publish fabricated values","homepage says 2 canonical country profiles, Brazil and India, with 239 country boundary entries and 0 direct place-evidence rows"
CMR,CM,Cameroon,Republic of Cameroon,release-candidate-2026-07-07.country-context.v0,country:CMR,missing_canonical_country_profile_or_only_boundary_context,country boundary/context only or not individually verified; live site states only Brazil and India have canonical country profiles,source snapshots; license verification; source vintage; reference period; method transform; comparability metadata; QA; release artifact regeneration,blocked_pending_source_snapshots_license_method_QA,"no verified source snapshots, licenses, methods, reference periods, or QA in this session; do not publish fabricated values","homepage says 2 canonical country profiles, Brazil and India, with 239 country boundary entries and 0 direct place-evidence rows"
COD,CD,"Congo, The Democratic Republic of the",,release-candidate-2026-07-07.country-context.v0,country:COD,missing_canonical_country_profile_or_only_boundary_context,country boundary/context only or not individually verified; live site states only Brazil and India have canonical country profiles,source snapshots; license verification; source vintage; reference period; method transform; comparability metadata; QA; release artifact regeneration,blocked_pending_source_snapshots_license_method_QA,"no verified source snapshots, licenses, methods, reference periods, or QA in this session; do not publish fabricated values","homepage says 2 canonical country profiles, Brazil and India, with 239 country boundary entries and 0 direct place-evidence rows"
COG,CG,Congo,Republic of the Congo,release-candidate-2026-07-07.country-context.v0,country:COG,missing_canonical_country_profile_or_only_boundary_context,country boundary/context only or not individually verified; live site states only Brazil and India have canonical country profiles,source snapshots; license verification; source vintage; reference period; method transform; comparability metadata; QA; release artifact regeneration,blocked_pending_source_snapshots_license_method_QA,"no verified source snapshots, licenses, methods, reference periods, or QA in this session; do not publish fabricated values","homepage says 2 canonical country profiles, Brazil and India, with 239 country boundary entries and 0 direct place-evidence rows"
COK,CK,Cook Islands,,release-candidate-2026-07-07.country-context.v0,country:COK,missing_canonical_country_profile_or_only_boundary_context,country boundary/context only or not individually verified; live site states only Brazil and India have canonical country profiles,source snapshots; license verification; source vintage; reference period; method transform; comparability metadata; QA; release artifact regeneration,blocked_pending_source_snapshots_license_method_QA,"no verified source snapshots, licenses, methods, reference periods, or QA in this session; do not publish fabricated values","homepage says 2 canonical country profiles, Brazil and India, with 239 country boundary entries and 0 direct place-evidence rows"
COL,CO,Colombia,Republic of Colombia,release-candidate-2026-07-07.country-context.v0,country:COL,missing_canonical_country_profile_or_only_boundary_context,country boundary/context only or not individually verified; live site states only Brazil and India have canonical country profiles,source snapshots; license verification; source vintage; reference period; method transform; comparability metadata; QA; release artifact regeneration,blocked_pending_source_snapshots_license_method_QA,"no verified source snapshots, licenses, methods, reference periods, or QA in this session; do not publish fabricated values","homepage says 2 canonical country profiles, Brazil and India, with 239 country boundary entries and 0 direct place-evidence rows"
COM,KM,Comoros,Union of the Comoros,release-candidate-2026-07-07.country-context.v0,country:COM,missing_canonical_country_profile_or_only_boundary_context,country boundary/context only or not individually verified; live site states only Brazil and India have canonical country profiles,source snapshots; license verification; source vintage; reference period; method transform; comparability metadata; QA; release artifact regeneration,blocked_pending_source_snapshots_license_method_QA,"no verified source snapshots, licenses, methods, reference periods, or QA in this session; do not publish fabricated values","homepage says 2 canonical country profiles, Brazil and India, with 239 country boundary entries and 0 direct place-evidence rows"
CPV,CV,Cabo Verde,Republic of Cabo Verde,release-candidate-2026-07-07.country-context.v0,country:CPV,missing_canonical_country_profile_or_only_boundary_context,country boundary/context only or not individually verified; live site states only Brazil and India have canonical country profiles,source snapshots; license verification; source vintage; reference period; method transform; comparability metadata; QA; release artifact regeneration,blocked_pending_source_snapshots_license_method_QA,"no verified source snapshots, licenses, methods, reference periods, or QA in this session; do not publish fabricated values","homepage says 2 canonical country profiles, Brazil and India, with 239 country boundary entries and 0 direct place-evidence rows"
CRI,CR,Costa Rica,Republic of Costa Rica,release-candidate-2026-07-07.country-context.v0,country:CRI,missing_canonical_country_profile_or_only_boundary_context,country boundary/context only or not individually verified; live site states only Brazil and India have canonical country profiles,source snapshots; license verification; source vintage; reference period; method transform; comparability metadata; QA; release artifact regeneration,blocked_pending_source_snapshots_license_method_QA,"no verified source snapshots, licenses, methods, reference periods, or QA in this session; do not publish fabricated values","homepage says 2 canonical country profiles, Brazil and India, with 239 country boundary entries and 0 direct place-evidence rows"
CUB,CU,Cuba,Republic of Cuba,release-candidate-2026-07-07.country-context.v0,country:CUB,missing_canonical_country_profile_or_only_boundary_context,country boundary/context only or not individually verified; live site states only Brazil and India have canonical country profiles,source snapshots; license verification; source vintage; reference period; method transform; comparability metadata; QA; release artifact regeneration,blocked_pending_source_snapshots_license_method_QA,"no verified source snapshots, licenses, methods, reference periods, or QA in this session; do not publish fabricated values","homepage says 2 canonical country profiles, Brazil and India, with 239 country boundary entries and 0 direct place-evidence rows"
CUW,CW,Curaçao,Curaçao,release-candidate-2026-07-07.country-context.v0,country:CUW,missing_canonical_country_profile_or_only_boundary_context,country boundary/context only or not individually verified; live site states only Brazil and India have canonical country profiles,source snapshots; license verification; source vintage; reference period; method transform; comparability metadata; QA; release artifact regeneration,blocked_pending_source_snapshots_license_method_QA,"no verified source snapshots, licenses, methods, reference periods, or QA in this session; do not publish fabricated values","homepage says 2 canonical country profiles, Brazil and India, with 239 country boundary entries and 0 direct place-evidence rows"
CXR,CX,Christmas Island,,release-candidate-2026-07-07.country-context.v0,country:CXR,missing_canonical_country_profile_or_only_boundary_context,country boundary/context only or not individually verified; live site states only Brazil and India have canonical country profiles,source snapshots; license verification; source vintage; reference period; method transform; comparability metadata; QA; release artifact regeneration,blocked_pending_source_snapshots_license_method_QA,"no verified source snapshots, licenses, methods, reference periods, or QA in this session; do not publish fabricated values","homepage says 2 canonical country profiles, Brazil and India, with 239 country boundary entries and 0 direct place-evidence rows"
CYM,KY,Cayman Islands,,release-candidate-2026-07-07.country-context.v0,country:CYM,missing_canonical_country_profile_or_only_boundary_context,country boundary/context only or not individually verified; live site states only Brazil and India have canonical country profiles,source snapshots; license verification; source vintage; reference period; method transform; comparability metadata; QA; release artifact regeneration,blocked_pending_source_snapshots_license_method_QA,"no verified source snapshots, licenses, methods, reference periods, or QA in this session; do not publish fabricated values","homepage says 2 canonical country profiles, Brazil and India, with 239 country boundary entries and 0 direct place-evidence rows"
CYP,CY,Cyprus,Republic of Cyprus,release-candidate-2026-07-07.country-context.v0,country:CYP,missing_canonical_country_profile_or_only_boundary_context,country boundary/context only or not individually verified; live site states only Brazil and India have canonical country profiles,source snapshots; license verification; source vintage; reference period; method transform; comparability metadata; QA; release artifact regeneration,blocked_pending_source_snapshots_license_method_QA,"no verified source snapshots, licenses, methods, reference periods, or QA in this session; do not publish fabricated values","homepage says 2 canonical country profiles, Brazil and India, with 239 country boundary entries and 0 direct place-evidence rows"
CZE,CZ,Czechia,Czech Republic,release-candidate-2026-07-07.country-context.v0,country:CZE,missing_canonical_country_profile_or_only_boundary_context,country boundary/context only or not individually verified; live site states only Brazil and India have canonical country profiles,source snapshots; license verification; source vintage; reference period; method transform; comparability metadata; QA; release artifact regeneration,blocked_pending_source_snapshots_license_method_QA,"no verified source snapshots, licenses, methods, reference periods, or QA in this session; do not publish fabricated values","homepage says 2 canonical country profiles, Brazil and India, with 239 country boundary entries and 0 direct place-evidence rows"
DEU,DE,Germany,Federal Republic of Germany,release-candidate-2026-07-07.country-context.v0,country:DEU,missing_canonical_country_profile_or_only_boundary_context,country boundary/context only or not individually verified; live site states only Brazil and India have canonical country profiles,source snapshots; license verification; source vintage; reference period; method transform; comparability metadata; QA; release artifact regeneration,blocked_pending_source_snapshots_license_method_QA,"no verified source snapshots, licenses, methods, reference periods, or QA in this session; do not publish fabricated values","homepage says 2 canonical country profiles, Brazil and India, with 239 country boundary entries and 0 direct place-evidence rows"
DJI,DJ,Djibouti,Republic of Djibouti,release-candidate-2026-07-07.country-context.v0,country:DJI,missing_canonical_country_profile_or_only_boundary_context,country boundary/context only or not individually verified; live site states only Brazil and India have canonical country profiles,source snapshots; license verification; source vintage; reference period; method transform; comparability metadata; QA; release artifact regeneration,blocked_pending_source_snapshots_license_method_QA,"no verified source snapshots, licenses, methods, reference periods, or QA in this session; do not publish fabricated values","homepage says 2 canonical country profiles, Brazil and India, with 239 country boundary entries and 0 direct place-evidence rows"
DMA,DM,Dominica,Commonwealth of Dominica,release-candidate-2026-07-07.country-context.v0,country:DMA,missing_canonical_country_profile_or_only_boundary_context,country boundary/context only or not individually verified; live site states only Brazil and India have canonical country profiles,source snapshots; license verification; source vintage; reference period; method transform; comparability metadata; QA; release artifact regeneration,blocked_pending_source_snapshots_license_method_QA,"no verified source snapshots, licenses, methods, reference periods, or QA in this session; do not publish fabricated values","homepage says 2 canonical country profiles, Brazil and India, with 239 country boundary entries and 0 direct place-evidence rows"
DNK,DK,Denmark,Kingdom of Denmark,release-candidate-2026-07-07.country-context.v0,country:DNK,missing_canonical_country_profile_or_only_boundary_context,country boundary/context only or not individually verified; live site states only Brazil and India have canonical country profiles,source snapshots; license verification; source vintage; reference period; method transform; comparability metadata; QA; release artifact regeneration,blocked_pending_source_snapshots_license_method_QA,"no verified source snapshots, licenses, methods, reference periods, or QA in this session; do not publish fabricated values","homepage says 2 canonical country profiles, Brazil and India, with 239 country boundary entries and 0 direct place-evidence rows"
DOM,DO,Dominican Republic,,release-candidate-2026-07-07.country-context.v0,country:DOM,missing_canonical_country_profile_or_only_boundary_context,country boundary/context only or not individually verified; live site states only Brazil and India have canonical country profiles,source snapshots; license verification; source vintage; reference period; method transform; comparability metadata; QA; release artifact regeneration,blocked_pending_source_snapshots_license_method_QA,"no verified source snapshots, licenses, methods, reference periods, or QA in this session; do not publish fabricated values","homepage says 2 canonical country profiles, Brazil and India, with 239 country boundary entries and 0 direct place-evidence rows"
DZA,DZ,Algeria,People's Democratic Republic of Algeria,release-candidate-2026-07-07.country-context.v0,country:DZA,missing_canonical_country_profile_or_only_boundary_context,country boundary/context only or not individually verified; live site states only Brazil and India have canonical country profiles,source snapshots; license verification; source vintage; reference period; method transform; comparability metadata; QA; release artifact regeneration,blocked_pending_source_snapshots_license_method_QA,"no verified source snapshots, licenses, methods, reference periods, or QA in this session; do not publish fabricated values","homepage says 2 canonical country profiles, Brazil and India, with 239 country boundary entries and 0 direct place-evidence rows"
ECU,EC,Ecuador,Republic of Ecuador,release-candidate-2026-07-07.country-context.v0,country:ECU,missing_canonical_country_profile_or_only_boundary_context,country boundary/context only or not individually verified; live site states only Brazil and India have canonical country profiles,source snapshots; license verification; source vintage; reference period; method transform; comparability metadata; QA; release artifact regeneration,blocked_pending_source_snapshots_license_method_QA,"no verified source snapshots, licenses, methods, reference periods, or QA in this session; do not publish fabricated values","homepage says 2 canonical country profiles, Brazil and India, with 239 country boundary entries and 0 direct place-evidence rows"
EGY,EG,Egypt,Arab Republic of Egypt,release-candidate-2026-07-07.country-context.v0,country:EGY,missing_canonical_country_profile_or_only_boundary_context,country boundary/context only or not individually verified; live site states only Brazil and India have canonical country profiles,source snapshots; license verification; source vintage; reference period; method transform; comparability metadata; QA; release artifact regeneration,blocked_pending_source_snapshots_license_method_QA,"no verified source snapshots, licenses, methods, reference periods, or QA in this session; do not publish fabricated values","homepage says 2 canonical country profiles, Brazil and India, with 239 country boundary entries and 0 direct place-evidence rows"
ERI,ER,Eritrea,the State of Eritrea,release-candidate-2026-07-07.country-context.v0,country:ERI,missing_canonical_country_profile_or_only_boundary_context,country boundary/context only or not individually verified; live site states only Brazil and India have canonical country profiles,source snapshots; license verification; source vintage; reference period; method transform; comparability metadata; QA; release artifact regeneration,blocked_pending_source_snapshots_license_method_QA,"no verified source snapshots, licenses, methods, reference periods, or QA in this session; do not publish fabricated values","homepage says 2 canonical country profiles, Brazil and India, with 239 country boundary entries and 0 direct place-evidence rows"
ESH,EH,Western Sahara,,release-candidate-2026-07-07.country-context.v0,country:ESH,missing_canonical_country_profile_or_only_boundary_context,country boundary/context only or not individually verified; live site states only Brazil and India have canonical country profiles,source snapshots; license verification; source vintage; reference period; method transform; comparability metadata; QA; release artifact regeneration,blocked_pending_source_snapshots_license_method_QA,"no verified source snapshots, licenses, methods, reference periods, or QA in this session; do not publish fabricated values","homepage says 2 canonical country profiles, Brazil and India, with 239 country boundary entries and 0 direct place-evidence rows"
ESP,ES,Spain,Kingdom of Spain,release-candidate-2026-07-07.country-context.v0,country:ESP,missing_canonical_country_profile_or_only_boundary_context,country boundary/context only or not individually verified; live site states only Brazil and India have canonical country profiles,source snapshots; license verification; source vintage; reference period; method transform; comparability metadata; QA; release artifact regeneration,blocked_pending_source_snapshots_license_method_QA,"no verified source snapshots, licenses, methods, reference periods, or QA in this session; do not publish fabricated values","homepage says 2 canonical country profiles, Brazil and India, with 239 country boundary entries and 0 direct place-evidence rows"
EST,EE,Estonia,Republic of Estonia,release-candidate-2026-07-07.country-context.v0,country:EST,missing_canonical_country_profile_or_only_boundary_context,country boundary/context only or not individually verified; live site states only Brazil and India have canonical country profiles,source snapshots; license verification; source vintage; reference period; method transform; comparability metadata; QA; release artifact regeneration,blocked_pending_source_snapshots_license_method_QA,"no verified source snapshots, licenses, methods, reference periods, or QA in this session; do not publish fabricated values","homepage says 2 canonical country profiles, Brazil and India, with 239 country boundary entries and 0 direct place-evidence rows"
ETH,ET,Ethiopia,Federal Democratic Republic of Ethiopia,release-candidate-2026-07-07.country-context.v0,country:ETH,missing_canonical_country_profile_or_only_boundary_context,country boundary/context only or not individually verified; live site states only Brazil and India have canonical country profiles,source snapshots; license verification; source vintage; reference period; method transform; comparability metadata; QA; release artifact regeneration,blocked_pending_source_snapshots_license_method_QA,"no verified source snapshots, licenses, methods, reference periods, or QA in this session; do not publish fabricated values","homepage says 2 canonical country profiles, Brazil and India, with 239 country boundary entries and 0 direct place-evidence rows"
FIN,FI,Finland,Republic of Finland,release-candidate-2026-07-07.country-context.v0,country:FIN,missing_canonical_country_profile_or_only_boundary_context,country boundary/context only or not individually verified; live site states only Brazil and India have canonical country profiles,source snapshots; license verification; source vintage; reference period; method transform; comparability metadata; QA; release artifact regeneration,blocked_pending_source_snapshots_license_method_QA,"no verified source snapshots, licenses, methods, reference periods, or QA in this session; do not publish fabricated values","homepage says 2 canonical country profiles, Brazil and India, with 239 country boundary entries and 0 direct place-evidence rows"
FJI,FJ,Fiji,Republic of Fiji,release-candidate-2026-07-07.country-context.v0,country:FJI,missing_canonical_country_profile_or_only_boundary_context,country boundary/context only or not individually verified; live site states only Brazil and India have canonical country profiles,source snapshots; license verification; source vintage; reference period; method transform; comparability metadata; QA; release artifact regeneration,blocked_pending_source_snapshots_license_method_QA,"no verified source snapshots, licenses, methods, reference periods, or QA in this session; do not publish fabricated values","homepage says 2 canonical country profiles, Brazil and India, with 239 country boundary entries and 0 direct place-evidence rows"
FLK,FK,Falkland Islands (Malvinas),,release-candidate-2026-07-07.country-context.v0,country:FLK,missing_canonical_country_profile_or_only_boundary_context,country boundary/context only or not individually verified; live site states only Brazil and India have canonical country profiles,source snapshots; license verification; source vintage; reference period; method transform; comparability metadata; QA; release artifact regeneration,blocked_pending_source_snapshots_license_method_QA,"no verified source snapshots, licenses, methods, reference periods, or QA in this session; do not publish fabricated values","homepage says 2 canonical country profiles, Brazil and India, with 239 country boundary entries and 0 direct place-evidence rows"
FRA,FR,France,French Republic,release-candidate-2026-07-07.country-context.v0,country:FRA,missing_canonical_country_profile_or_only_boundary_context,country boundary/context only or not individually verified; live site states only Brazil and India have canonical country profiles,source snapshots; license verification; source vintage; reference period; method transform; comparability metadata; QA; release artifact regeneration,blocked_pending_source_snapshots_license_method_QA,"no verified source snapshots, licenses, methods, reference periods, or QA in this session; do not publish fabricated values","homepage says 2 canonical country profiles, Brazil and India, with 239 country boundary entries and 0 direct place-evidence rows"
FRO,FO,Faroe Islands,,release-candidate-2026-07-07.country-context.v0,country:FRO,missing_canonical_country_profile_or_only_boundary_context,country boundary/context only or not individually verified; live site states only Brazil and India have canonical country profiles,source snapshots; license verification; source vintage; reference period; method transform; comparability metadata; QA; release artifact regeneration,blocked_pending_source_snapshots_license_method_QA,"no verified source snapshots, licenses, methods, reference periods, or QA in this session; do not publish fabricated values","homepage says 2 canonical country profiles, Brazil and India, with 239 country boundary entries and 0 direct place-evidence rows"
FSM,FM,"Micronesia, Federated States of",Federated States of Micronesia,release-candidate-2026-07-07.country-context.v0,country:FSM,missing_canonical_country_profile_or_only_boundary_context,country boundary/context only or not individually verified; live site states only Brazil and India have canonical country profiles,source snapshots; license verification; source vintage; reference period; method transform; comparability metadata; QA; release artifact regeneration,blocked_pending_source_snapshots_license_method_QA,"no verified source snapshots, licenses, methods, reference periods, or QA in this session; do not publish fabricated values","homepage says 2 canonical country profiles, Brazil and India, with 239 country boundary entries and 0 direct place-evidence rows"
GAB,GA,Gabon,Gabonese Republic,release-candidate-2026-07-07.country-context.v0,country:GAB,missing_canonical_country_profile_or_only_boundary_context,country boundary/context only or not individually verified; live site states only Brazil and India have canonical country profiles,source snapshots; license verification; source vintage; reference period; method transform; comparability metadata; QA; release artifact regeneration,blocked_pending_source_snapshots_license_method_QA,"no verified source snapshots, licenses, methods, reference periods, or QA in this session; do not publish fabricated values","homepage says 2 canonical country profiles, Brazil and India, with 239 country boundary entries and 0 direct place-evidence rows"
GBR,GB,United Kingdom,United Kingdom of Great Britain and Northern Ireland,release-candidate-2026-07-07.country-context.v0,country:GBR,missing_canonical_country_profile_or_only_boundary_context,country boundary/context only or not individually verified; live site states only Brazil and India have canonical country profiles,source snapshots; license verification; source vintage; reference period; method transform; comparability metadata; QA; release artifact regeneration,blocked_pending_source_snapshots_license_method_QA,"no verified source snapshots, licenses, methods, reference periods, or QA in this session; do not publish fabricated values","homepage says 2 canonical country profiles, Brazil and India, with 239 country boundary entries and 0 direct place-evidence rows"
GEO,GE,Georgia,,release-candidate-2026-07-07.country-context.v0,country:GEO,missing_canonical_country_profile_or_only_boundary_context,country boundary/context only or not individually verified; live site states only Brazil and India have canonical country profiles,source snapshots; license verification; source vintage; reference period; method transform; comparability metadata; QA; release artifact regeneration,blocked_pending_source_snapshots_license_method_QA,"no verified source snapshots, licenses, methods, reference periods, or QA in this session; do not publish fabricated values","homepage says 2 canonical country profiles, Brazil and India, with 239 country boundary entries and 0 direct place-evidence rows"
GGY,GG,Guernsey,,release-candidate-2026-07-07.country-context.v0,country:GGY,missing_canonical_country_profile_or_only_boundary_context,country boundary/context only or not individually verified; live site states only Brazil and India have canonical country profiles,source snapshots; license verification; source vintage; reference period; method transform; comparability metadata; QA; release artifact regeneration,blocked_pending_source_snapshots_license_method_QA,"no verified source snapshots, licenses, methods, reference periods, or QA in this session; do not publish fabricated values","homepage says 2 canonical country profiles, Brazil and India, with 239 country boundary entries and 0 direct place-evidence rows"
GHA,GH,Ghana,Republic of Ghana,release-candidate-2026-07-07.country-context.v0,country:GHA,missing_canonical_country_profile_or_only_boundary_context,country boundary/context only or not individually verified; live site states only Brazil and India have canonical country profiles,source snapshots; license verification; source vintage; reference period; method transform; comparability metadata; QA; release artifact regeneration,blocked_pending_source_snapshots_license_method_QA,"no verified source snapshots, licenses, methods, reference periods, or QA in this session; do not publish fabricated values","homepage says 2 canonical country profiles, Brazil and India, with 239 country boundary entries and 0 direct place-evidence rows"
GIB,GI,Gibraltar,,release-candidate-2026-07-07.country-context.v0,country:GIB,missing_canonical_country_profile_or_only_boundary_context,country boundary/context only or not individually verified; live site states only Brazil and India have canonical country profiles,source snapshots; license verification; source vintage; reference period; method transform; comparability metadata; QA; release artifact regeneration,blocked_pending_source_snapshots_license_method_QA,"no verified source snapshots, licenses, methods, reference periods, or QA in this session; do not publish fabricated values","homepage says 2 canonical country profiles, Brazil and India, with 239 country boundary entries and 0 direct place-evidence rows"
GIN,GN,Guinea,Republic of Guinea,release-candidate-2026-07-07.country-context.v0,country:GIN,missing_canonical_country_profile_or_only_boundary_context,country boundary/context only or not individually verified; live site states only Brazil and India have canonical country profiles,source snapshots; license verification; source vintage; reference period; method transform; comparability metadata; QA; release artifact regeneration,blocked_pending_source_snapshots_license_method_QA,"no verified source snapshots, licenses, methods, reference periods, or QA in this session; do not publish fabricated values","homepage says 2 canonical country profiles, Brazil and India, with 239 country boundary entries and 0 direct place-evidence rows"
GLP,GP,Guadeloupe,,release-candidate-2026-07-07.country-context.v0,country:GLP,missing_canonical_country_profile_or_only_boundary_context,country boundary/context only or not individually verified; live site states only Brazil and India have canonical country profiles,source snapshots; license verification; source vintage; reference period; method transform; comparability metadata; QA; release artifact regeneration,blocked_pending_source_snapshots_license_method_QA,"no verified source snapshots, licenses, methods, reference periods, or QA in this session; do not publish fabricated values","homepage says 2 canonical country profiles, Brazil and India, with 239 country boundary entries and 0 direct place-evidence rows"
GMB,GM,Gambia,Republic of the Gambia,release-candidate-2026-07-07.country-context.v0,country:GMB,missing_canonical_country_profile_or_only_boundary_context,country boundary/context only or not individually verified; live site states only Brazil and India have canonical country profiles,source snapshots; license verification; source vintage; reference period; method transform; comparability metadata; QA; release artifact regeneration,blocked_pending_source_snapshots_license_method_QA,"no verified source snapshots, licenses, methods, reference periods, or QA in this session; do not publish fabricated values","homepage says 2 canonical country profiles, Brazil and India, with 239 country boundary entries and 0 direct place-evidence rows"
GNB,GW,Guinea-Bissau,Republic of Guinea-Bissau,release-candidate-2026-07-07.country-context.v0,country:GNB,missing_canonical_country_profile_or_only_boundary_context,country boundary/context only or not individually verified; live site states only Brazil and India have canonical country profiles,source snapshots; license verification; source vintage; reference period; method transform; comparability metadata; QA; release artifact regeneration,blocked_pending_source_snapshots_license_method_QA,"no verified source snapshots, licenses, methods, reference periods, or QA in this session; do not publish fabricated values","homepage says 2 canonical country profiles, Brazil and India, with 239 country boundary entries and 0 direct place-evidence rows"
GNQ,GQ,Equatorial Guinea,Republic of Equatorial Guinea,release-candidate-2026-07-07.country-context.v0,country:GNQ,missing_canonical_country_profile_or_only_boundary_context,country boundary/context only or not individually verified; live site states only Brazil and India have canonical country profiles,source snapshots; license verification; source vintage; reference period; method transform; comparability metadata; QA; release artifact regeneration,blocked_pending_source_snapshots_license_method_QA,"no verified source snapshots, licenses, methods, reference periods, or QA in this session; do not publish fabricated values","homepage says 2 canonical country profiles, Brazil and India, with 239 country boundary entries and 0 direct place-evidence rows"
GRC,GR,Greece,Hellenic Republic,release-candidate-2026-07-07.country-context.v0,country:GRC,missing_canonical_country_profile_or_only_boundary_context,country boundary/context only or not individually verified; live site states only Brazil and India have canonical country profiles,source snapshots; license verification; source vintage; reference period; method transform; comparability metadata; QA; release artifact regeneration,blocked_pending_source_snapshots_license_method_QA,"no verified source snapshots, licenses, methods, reference periods, or QA in this session; do not publish fabricated values","homepage says 2 canonical country profiles, Brazil and India, with 239 country boundary entries and 0 direct place-evidence rows"
GRD,GD,Grenada,,release-candidate-2026-07-07.country-context.v0,country:GRD,missing_canonical_country_profile_or_only_boundary_context,country boundary/context only or not individually verified; live site states only Brazil and India have canonical country profiles,source snapshots; license verification; source vintage; reference period; method transform; comparability metadata; QA; release artifact regeneration,blocked_pending_source_snapshots_license_method_QA,"no verified source snapshots, licenses, methods, reference periods, or QA in this session; do not publish fabricated values","homepage says 2 canonical country profiles, Brazil and India, with 239 country boundary entries and 0 direct place-evidence rows"
GRL,GL,Greenland,,release-candidate-2026-07-07.country-context.v0,country:GRL,missing_canonical_country_profile_or_only_boundary_context,country boundary/context only or not individually verified; live site states only Brazil and India have canonical country profiles,source snapshots; license verification; source vintage; reference period; method transform; comparability metadata; QA; release artifact regeneration,blocked_pending_source_snapshots_license_method_QA,"no verified source snapshots, licenses, methods, reference periods, or QA in this session; do not publish fabricated values","homepage says 2 canonical country profiles, Brazil and India, with 239 country boundary entries and 0 direct place-evidence rows"
GTM,GT,Guatemala,Republic of Guatemala,release-candidate-2026-07-07.country-context.v0,country:GTM,missing_canonical_country_profile_or_only_boundary_context,country boundary/context only or not individually verified; live site states only Brazil and India have canonical country profiles,source snapshots; license verification; source vintage; reference period; method transform; comparability metadata; QA; release artifact regeneration,blocked_pending_source_snapshots_license_method_QA,"no verified source snapshots, licenses, methods, reference periods, or QA in this session; do not publish fabricated values","homepage says 2 canonical country profiles, Brazil and India, with 239 country boundary entries and 0 direct place-evidence rows"
GUF,GF,French Guiana,,release-candidate-2026-07-07.country-context.v0,country:GUF,missing_canonical_country_profile_or_only_boundary_context,country boundary/context only or not individually verified; live site states only Brazil and India have canonical country profiles,source snapshots; license verification; source vintage; reference period; method transform; comparability metadata; QA; release artifact regeneration,blocked_pending_source_snapshots_license_method_QA,"no verified source snapshots, licenses, methods, reference periods, or QA in this session; do not publish fabricated values","homepage says 2 canonical country profiles, Brazil and India, with 239 country boundary entries and 0 direct place-evidence rows"
GUM,GU,Guam,,release-candidate-2026-07-07.country-context.v0,country:GUM,missing_canonical_country_profile_or_only_boundary_context,country boundary/context only or not individually verified; live site states only Brazil and India have canonical country profiles,source snapshots; license verification; source vintage; reference period; method transform; comparability metadata; QA; release artifact regeneration,blocked_pending_source_snapshots_license_method_QA,"no verified source snapshots, licenses, methods, reference periods, or QA in this session; do not publish fabricated values","homepage says 2 canonical country profiles, Brazil and India, with 239 country boundary entries and 0 direct place-evidence rows"
GUY,GY,Guyana,Republic of Guyana,release-candidate-2026-07-07.country-context.v0,country:GUY,missing_canonical_country_profile_or_only_boundary_context,country boundary/context only or not individually verified; live site states only Brazil and India have canonical country profiles,source snapshots; license verification; source vintage; reference period; method transform; comparability metadata; QA; release artifact regeneration,blocked_pending_source_snapshots_license_method_QA,"no verified source snapshots, licenses, methods, reference periods, or QA in this session; do not publish fabricated values","homepage says 2 canonical country profiles, Brazil and India, with 239 country boundary entries and 0 direct place-evidence rows"
HKG,HK,Hong Kong,Hong Kong Special Administrative Region of China,release-candidate-2026-07-07.country-context.v0,country:HKG,missing_canonical_country_profile_or_only_boundary_context,country boundary/context only or not individually verified; live site states only Brazil and India have canonical country profiles,source snapshots; license verification; source vintage; reference period; method transform; comparability metadata; QA; release artifact regeneration,blocked_pending_source_snapshots_license_method_QA,"no verified source snapshots, licenses, methods, reference periods, or QA in this session; do not publish fabricated values","homepage says 2 canonical country profiles, Brazil and India, with 239 country boundary entries and 0 direct place-evidence rows"
HMD,HM,Heard Island and McDonald Islands,,release-candidate-2026-07-07.country-context.v0,country:HMD,missing_canonical_country_profile_or_only_boundary_context,country boundary/context only or not individually verified; live site states only Brazil and India have canonical country profiles,source snapshots; license verification; source vintage; reference period; method transform; comparability metadata; QA; release artifact regeneration,blocked_pending_source_snapshots_license_method_QA,"no verified source snapshots, licenses, methods, reference periods, or QA in this session; do not publish fabricated values","homepage says 2 canonical country profiles, Brazil and India, with 239 country boundary entries and 0 direct place-evidence rows"
HND,HN,Honduras,Republic of Honduras,release-candidate-2026-07-07.country-context.v0,country:HND,missing_canonical_country_profile_or_only_boundary_context,country boundary/context only or not individually verified; live site states only Brazil and India have canonical country profiles,source snapshots; license verification; source vintage; reference period; method transform; comparability metadata; QA; release artifact regeneration,blocked_pending_source_snapshots_license_method_QA,"no verified source snapshots, licenses, methods, reference periods, or QA in this session; do not publish fabricated values","homepage says 2 canonical country profiles, Brazil and India, with 239 country boundary entries and 0 direct place-evidence rows"
HRV,HR,Croatia,Republic of Croatia,release-candidate-2026-07-07.country-context.v0,country:HRV,missing_canonical_country_profile_or_only_boundary_context,country boundary/context only or not individually verified; live site states only Brazil and India have canonical country profiles,source snapshots; license verification; source vintage; reference period; method transform; comparability metadata; QA; release artifact regeneration,blocked_pending_source_snapshots_license_method_QA,"no verified source snapshots, licenses, methods, reference periods, or QA in this session; do not publish fabricated values","homepage says 2 canonical country profiles, Brazil and India, with 239 country boundary entries and 0 direct place-evidence rows"
HTI,HT,Haiti,Republic of Haiti,release-candidate-2026-07-07.country-context.v0,country:HTI,missing_canonical_country_profile_or_only_boundary_context,country boundary/context only or not individually verified; live site states only Brazil and India have canonical country profiles,source snapshots; license verification; source vintage; reference period; method transform; comparability metadata; QA; release artifact regeneration,blocked_pending_source_snapshots_license_method_QA,"no verified source snapshots, licenses, methods, reference periods, or QA in this session; do not publish fabricated values","homepage says 2 canonical country profiles, Brazil and India, with 239 country boundary entries and 0 direct place-evidence rows"
HUN,HU,Hungary,Hungary,release-candidate-2026-07-07.country-context.v0,country:HUN,missing_canonical_country_profile_or_only_boundary_context,country boundary/context only or not individually verified; live site states only Brazil and India have canonical country profiles,source snapshots; license verification; source vintage; reference period; method transform; comparability metadata; QA; release artifact regeneration,blocked_pending_source_snapshots_license_method_QA,"no verified source snapshots, licenses, methods, reference periods, or QA in this session; do not publish fabricated values","homepage says 2 canonical country profiles, Brazil and India, with 239 country boundary entries and 0 direct place-evidence rows"
IDN,ID,Indonesia,Republic of Indonesia,release-candidate-2026-07-07.country-context.v0,country:IDN,missing_canonical_country_profile_or_only_boundary_context,country boundary/context only or not individually verified; live site states only Brazil and India have canonical country profiles,source snapshots; license verification; source vintage; reference period; method transform; comparability metadata; QA; release artifact regeneration,blocked_pending_source_snapshots_license_method_QA,"no verified source snapshots, licenses, methods, reference periods, or QA in this session; do not publish fabricated values","homepage says 2 canonical country profiles, Brazil and India, with 239 country boundary entries and 0 direct place-evidence rows"
IMN,IM,Isle of Man,,release-candidate-2026-07-07.country-context.v0,country:IMN,missing_canonical_country_profile_or_only_boundary_context,country boundary/context only or not individually verified; live site states only Brazil and India have canonical country profiles,source snapshots; license verification; source vintage; reference period; method transform; comparability metadata; QA; release artifact regeneration,blocked_pending_source_snapshots_license_method_QA,"no verified source snapshots, licenses, methods, reference periods, or QA in this session; do not publish fabricated values","homepage says 2 canonical country profiles, Brazil and India, with 239 country boundary entries and 0 direct place-evidence rows"
IND,IN,India,Republic of India,release-candidate-2026-07-07.country-context.v0,country:IND,canonical_country_profile_present_on_live_site,canonical country measurement profile; exact layers must be verified from release artifacts before modification,,retain_and_revalidate_against_new_source_snapshots,live site states Brazil and India currently have canonical country measurement profiles,"homepage says 2 canonical country profiles, Brazil and India, with 239 country boundary entries and 0 direct place-evidence rows"
IOT,IO,British Indian Ocean Territory,,release-candidate-2026-07-07.country-context.v0,country:IOT,missing_canonical_country_profile_or_only_boundary_context,country boundary/context only or not individually verified; live site states only Brazil and India have canonical country profiles,source snapshots; license verification; source vintage; reference period; method transform; comparability metadata; QA; release artifact regeneration,blocked_pending_source_snapshots_license_method_QA,"no verified source snapshots, licenses, methods, reference periods, or QA in this session; do not publish fabricated values","homepage says 2 canonical country profiles, Brazil and India, with 239 country boundary entries and 0 direct place-evidence rows"
IRL,IE,Ireland,,release-candidate-2026-07-07.country-context.v0,country:IRL,missing_canonical_country_profile_or_only_boundary_context,country boundary/context only or not individually verified; live site states only Brazil and India have canonical country profiles,source snapshots; license verification; source vintage; reference period; method transform; comparability metadata; QA; release artifact regeneration,blocked_pending_source_snapshots_license_method_QA,"no verified source snapshots, licenses, methods, reference periods, or QA in this session; do not publish fabricated values","homepage says 2 canonical country profiles, Brazil and India, with 239 country boundary entries and 0 direct place-evidence rows"
IRN,IR,"Iran, Islamic Republic of",Islamic Republic of Iran,release-candidate-2026-07-07.country-context.v0,country:IRN,missing_canonical_country_profile_or_only_boundary_context,country boundary/context only or not individually verified; live site states only Brazil and India have canonical country profiles,source snapshots; license verification; source vintage; reference period; method transform; comparability metadata; QA; release artifact regeneration,blocked_pending_source_snapshots_license_method_QA,"no verified source snapshots, licenses, methods, reference periods, or QA in this session; do not publish fabricated values","homepage says 2 canonical country profiles, Brazil and India, with 239 country boundary entries and 0 direct place-evidence rows"
IRQ,IQ,Iraq,Republic of Iraq,release-candidate-2026-07-07.country-context.v0,country:IRQ,missing_canonical_country_profile_or_only_boundary_context,country boundary/context only or not individually verified; live site states only Brazil and India have canonical country profiles,source snapshots; license verification; source vintage; reference period; method transform; comparability metadata; QA; release artifact regeneration,blocked_pending_source_snapshots_license_method_QA,"no verified source snapshots, licenses, methods, reference periods, or QA in this session; do not publish fabricated values","homepage says 2 canonical country profiles, Brazil and India, with 239 country boundary entries and 0 direct place-evidence rows"
ISL,IS,Iceland,Republic of Iceland,release-candidate-2026-07-07.country-context.v0,country:ISL,missing_canonical_country_profile_or_only_boundary_context,country boundary/context only or not individually verified; live site states only Brazil and India have canonical country profiles,source snapshots; license verification; source vintage; reference period; method transform; comparability metadata; QA; release artifact regeneration,blocked_pending_source_snapshots_license_method_QA,"no verified source snapshots, licenses, methods, reference periods, or QA in this session; do not publish fabricated values","homepage says 2 canonical country profiles, Brazil and India, with 239 country boundary entries and 0 direct place-evidence rows"
ISR,IL,Israel,State of Israel,release-candidate-2026-07-07.country-context.v0,country:ISR,missing_canonical_country_profile_or_only_boundary_context,country boundary/context only or not individually verified; live site states only Brazil and India have canonical country profiles,source snapshots; license verification; source vintage; reference period; method transform; comparability metadata; QA; release artifact regeneration,blocked_pending_source_snapshots_license_method_QA,"no verified source snapshots, licenses, methods, reference periods, or QA in this session; do not publish fabricated values","homepage says 2 canonical country profiles, Brazil and India, with 239 country boundary entries and 0 direct place-evidence rows"
ITA,IT,Italy,Italian Republic,release-candidate-2026-07-07.country-context.v0,country:ITA,missing_canonical_country_profile_or_only_boundary_context,country boundary/context only or not individually verified; live site states only Brazil and India have canonical country profiles,source snapshots; license verification; source vintage; reference period; method transform; comparability metadata; QA; release artifact regeneration,blocked_pending_source_snapshots_license_method_QA,"no verified source snapshots, licenses, methods, reference periods, or QA in this session; do not publish fabricated values","homepage says 2 canonical country profiles, Brazil and India, with 239 country boundary entries and 0 direct place-evidence rows"
JAM,JM,Jamaica,,release-candidate-2026-07-07.country-context.v0,country:JAM,missing_canonical_country_profile_or_only_boundary_context,country boundary/context only or not individually verified; live site states only Brazil and India have canonical country profiles,source snapshots; license verification; source vintage; reference period; method transform; comparability metadata; QA; release artifact regeneration,blocked_pending_source_snapshots_license_method_QA,"no verified source snapshots, licenses, methods, reference periods, or QA in this session; do not publish fabricated values","homepage says 2 canonical country profiles, Brazil and India, with 239 country boundary entries and 0 direct place-evidence rows"
JEY,JE,Jersey,,release-candidate-2026-07-07.country-context.v0,country:JEY,missing_canonical_country_profile_or_only_boundary_context,country boundary/context only or not individually verified; live site states only Brazil and India have canonical country profiles,source snapshots; license verification; source vintage; reference period; method transform; comparability metadata; QA; release artifact regeneration,blocked_pending_source_snapshots_license_method_QA,"no verified source snapshots, licenses, methods, reference periods, or QA in this session; do not publish fabricated values","homepage says 2 canonical country profiles, Brazil and India, with 239 country boundary entries and 0 direct place-evidence rows"
JOR,JO,Jordan,Hashemite Kingdom of Jordan,release-candidate-2026-07-07.country-context.v0,country:JOR,missing_canonical_country_profile_or_only_boundary_context,country boundary/context only or not individually verified; live site states only Brazil and India have canonical country profiles,source snapshots; license verification; source vintage; reference period; method transform; comparability metadata; QA; release artifact regeneration,blocked_pending_source_snapshots_license_method_QA,"no verified source snapshots, licenses, methods, reference periods, or QA in this session; do not publish fabricated values","homepage says 2 canonical country profiles, Brazil and India, with 239 country boundary entries and 0 direct place-evidence rows"
JPN,JP,Japan,,release-candidate-2026-07-07.country-context.v0,country:JPN,missing_canonical_country_profile_or_only_boundary_context,country boundary/context only or not individually verified; live site states only Brazil and India have canonical country profiles,source snapshots; license verification; source vintage; reference period; method transform; comparability metadata; QA; release artifact regeneration,blocked_pending_source_snapshots_license_method_QA,"no verified source snapshots, licenses, methods, reference periods, or QA in this session; do not publish fabricated values","homepage says 2 canonical country profiles, Brazil and India, with 239 country boundary entries and 0 direct place-evidence rows"
KAZ,KZ,Kazakhstan,Republic of Kazakhstan,release-candidate-2026-07-07.country-context.v0,country:KAZ,missing_canonical_country_profile_or_only_boundary_context,country boundary/context only or not individually verified; live site states only Brazil and India have canonical country profiles,source snapshots; license verification; source vintage; reference period; method transform; comparability metadata; QA; release artifact regeneration,blocked_pending_source_snapshots_license_method_QA,"no verified source snapshots, licenses, methods, reference periods, or QA in this session; do not publish fabricated values","homepage says 2 canonical country profiles, Brazil and India, with 239 country boundary entries and 0 direct place-evidence rows"
KEN,KE,Kenya,Republic of Kenya,release-candidate-2026-07-07.country-context.v0,country:KEN,missing_canonical_country_profile_or_only_boundary_context,country boundary/context only or not individually verified; live site states only Brazil and India have canonical country profiles,source snapshots; license verification; source vintage; reference period; method transform; comparability metadata; QA; release artifact regeneration,blocked_pending_source_snapshots_license_method_QA,"no verified source snapshots, licenses, methods, reference periods, or QA in this session; do not publish fabricated values","homepage says 2 canonical country profiles, Brazil and India, with 239 country boundary entries and 0 direct place-evidence rows"
KGZ,KG,Kyrgyzstan,Kyrgyz Republic,release-candidate-2026-07-07.country-context.v0,country:KGZ,missing_canonical_country_profile_or_only_boundary_context,country boundary/context only or not individually verified; live site states only Brazil and India have canonical country profiles,source snapshots; license verification; source vintage; reference period; method transform; comparability metadata; QA; release artifact regeneration,blocked_pending_source_snapshots_license_method_QA,"no verified source snapshots, licenses, methods, reference periods, or QA in this session; do not publish fabricated values","homepage says 2 canonical country profiles, Brazil and India, with 239 country boundary entries and 0 direct place-evidence rows"
KHM,KH,Cambodia,Kingdom of Cambodia,release-candidate-2026-07-07.country-context.v0,country:KHM,missing_canonical_country_profile_or_only_boundary_context,country boundary/context only or not individually verified; live site states only Brazil and India have canonical country profiles,source snapshots; license verification; source vintage; reference period; method transform; comparability metadata; QA; release artifact regeneration,blocked_pending_source_snapshots_license_method_QA,"no verified source snapshots, licenses, methods, reference periods, or QA in this session; do not publish fabricated values","homepage says 2 canonical country profiles, Brazil and India, with 239 country boundary entries and 0 direct place-evidence rows"
KIR,KI,Kiribati,Republic of Kiribati,release-candidate-2026-07-07.country-context.v0,country:KIR,missing_canonical_country_profile_or_only_boundary_context,country boundary/context only or not individually verified; live site states only Brazil and India have canonical country profiles,source snapshots; license verification; source vintage; reference period; method transform; comparability metadata; QA; release artifact regeneration,blocked_pending_source_snapshots_license_method_QA,"no verified source snapshots, licenses, methods, reference periods, or QA in this session; do not publish fabricated values","homepage says 2 canonical country profiles, Brazil and India, with 239 country boundary entries and 0 direct place-evidence rows"
KNA,KN,Saint Kitts and Nevis,,release-candidate-2026-07-07.country-context.v0,country:KNA,missing_canonical_country_profile_or_only_boundary_context,country boundary/context only or not individually verified; live site states only Brazil and India have canonical country profiles,source snapshots; license verification; source vintage; reference period; method transform; comparability metadata; QA; release artifact regeneration,blocked_pending_source_snapshots_license_method_QA,"no verified source snapshots, licenses, methods, reference periods, or QA in this session; do not publish fabricated values","homepage says 2 canonical country profiles, Brazil and India, with 239 country boundary entries and 0 direct place-evidence rows"
KOR,KR,"Korea, Republic of",,release-candidate-2026-07-07.country-context.v0,country:KOR,missing_canonical_country_profile_or_only_boundary_context,country boundary/context only or not individually verified; live site states only Brazil and India have canonical country profiles,source snapshots; license verification; source vintage; reference period; method transform; comparability metadata; QA; release artifact regeneration,blocked_pending_source_snapshots_license_method_QA,"no verified source snapshots, licenses, methods, reference periods, or QA in this session; do not publish fabricated values","homepage says 2 canonical country profiles, Brazil and India, with 239 country boundary entries and 0 direct place-evidence rows"
KWT,KW,Kuwait,State of Kuwait,release-candidate-2026-07-07.country-context.v0,country:KWT,missing_canonical_country_profile_or_only_boundary_context,country boundary/context only or not individually verified; live site states only Brazil and India have canonical country profiles,source snapshots; license verification; source vintage; reference period; method transform; comparability metadata; QA; release artifact regeneration,blocked_pending_source_snapshots_license_method_QA,"no verified source snapshots, licenses, methods, reference periods, or QA in this session; do not publish fabricated values","homepage says 2 canonical country profiles, Brazil and India, with 239 country boundary entries and 0 direct place-evidence rows"
LAO,LA,Lao People's Democratic Republic,,release-candidate-2026-07-07.country-context.v0,country:LAO,missing_canonical_country_profile_or_only_boundary_context,country boundary/context only or not individually verified; live site states only Brazil and India have canonical country profiles,source snapshots; license verification; source vintage; reference period; method transform; comparability metadata; QA; release artifact regeneration,blocked_pending_source_snapshots_license_method_QA,"no verified source snapshots, licenses, methods, reference periods, or QA in this session; do not publish fabricated values","homepage says 2 canonical country profiles, Brazil and India, with 239 country boundary entries and 0 direct place-evidence rows"
LBN,LB,Lebanon,Lebanese Republic,release-candidate-2026-07-07.country-context.v0,country:LBN,missing_canonical_country_profile_or_only_boundary_context,country boundary/context only or not individually verified; live site states only Brazil and India have canonical country profiles,source snapshots; license verification; source vintage; reference period; method transform; comparability metadata; QA; release artifact regeneration,blocked_pending_source_snapshots_license_method_QA,"no verified source snapshots, licenses, methods, reference periods, or QA in this session; do not publish fabricated values","homepage says 2 canonical country profiles, Brazil and India, with 239 country boundary entries and 0 direct place-evidence rows"
LBR,LR,Liberia,Republic of Liberia,release-candidate-2026-07-07.country-context.v0,country:LBR,missing_canonical_country_profile_or_only_boundary_context,country boundary/context only or not individually verified; live site states only Brazil and India have canonical country profiles,source snapshots; license verification; source vintage; reference period; method transform; comparability metadata; QA; release artifact regeneration,blocked_pending_source_snapshots_license_method_QA,"no verified source snapshots, licenses, methods, reference periods, or QA in this session; do not publish fabricated values","homepage says 2 canonical country profiles, Brazil and India, with 239 country boundary entries and 0 direct place-evidence rows"
LBY,LY,Libya,Libya,release-candidate-2026-07-07.country-context.v0,country:LBY,missing_canonical_country_profile_or_only_boundary_context,country boundary/context only or not individually verified; live site states only Brazil and India have canonical country profiles,source snapshots; license verification; source vintage; reference period; method transform; comparability metadata; QA; release artifact regeneration,blocked_pending_source_snapshots_license_method_QA,"no verified source snapshots, licenses, methods, reference periods, or QA in this session; do not publish fabricated values","homepage says 2 canonical country profiles, Brazil and India, with 239 country boundary entries and 0 direct place-evidence rows"
LCA,LC,Saint Lucia,,release-candidate-2026-07-07.country-context.v0,country:LCA,missing_canonical_country_profile_or_only_boundary_context,country boundary/context only or not individually verified; live site states only Brazil and India have canonical country profiles,source snapshots; license verification; source vintage; reference period; method transform; comparability metadata; QA; release artifact regeneration,blocked_pending_source_snapshots_license_method_QA,"no verified source snapshots, licenses, methods, reference periods, or QA in this session; do not publish fabricated values","homepage says 2 canonical country profiles, Brazil and India, with 239 country boundary entries and 0 direct place-evidence rows"
LIE,LI,Liechtenstein,Principality of Liechtenstein,release-candidate-2026-07-07.country-context.v0,country:LIE,missing_canonical_country_profile_or_only_boundary_context,country boundary/context only or not individually verified; live site states only Brazil and India have canonical country profiles,source snapshots; license verification; source vintage; reference period; method transform; comparability metadata; QA; release artifact regeneration,blocked_pending_source_snapshots_license_method_QA,"no verified source snapshots, licenses, methods, reference periods, or QA in this session; do not publish fabricated values","homepage says 2 canonical country profiles, Brazil and India, with 239 country boundary entries and 0 direct place-evidence rows"
LKA,LK,Sri Lanka,Democratic Socialist Republic of Sri Lanka,release-candidate-2026-07-07.country-context.v0,country:LKA,missing_canonical_country_profile_or_only_boundary_context,country boundary/context only or not individually verified; live site states only Brazil and India have canonical country profiles,source snapshots; license verification; source vintage; reference period; method transform; comparability metadata; QA; release artifact regeneration,blocked_pending_source_snapshots_license_method_QA,"no verified source snapshots, licenses, methods, reference periods, or QA in this session; do not publish fabricated values","homepage says 2 canonical country profiles, Brazil and India, with 239 country boundary entries and 0 direct place-evidence rows"
LSO,LS,Lesotho,Kingdom of Lesotho,release-candidate-2026-07-07.country-context.v0,country:LSO,missing_canonical_country_profile_or_only_boundary_context,country boundary/context only or not individually verified; live site states only Brazil and India have canonical country profiles,source snapshots; license verification; source vintage; reference period; method transform; comparability metadata; QA; release artifact regeneration,blocked_pending_source_snapshots_license_method_QA,"no verified source snapshots, licenses, methods, reference periods, or QA in this session; do not publish fabricated values","homepage says 2 canonical country profiles, Brazil and India, with 239 country boundary entries and 0 direct place-evidence rows"
LTU,LT,Lithuania,Republic of Lithuania,release-candidate-2026-07-07.country-context.v0,country:LTU,missing_canonical_country_profile_or_only_boundary_context,country boundary/context only or not individually verified; live site states only Brazil and India have canonical country profiles,source snapshots; license verification; source vintage; reference period; method transform; comparability metadata; QA; release artifact regeneration,blocked_pending_source_snapshots_license_method_QA,"no verified source snapshots, licenses, methods, reference periods, or QA in this session; do not publish fabricated values","homepage says 2 canonical country profiles, Brazil and India, with 239 country boundary entries and 0 direct place-evidence rows"
LUX,LU,Luxembourg,Grand Duchy of Luxembourg,release-candidate-2026-07-07.country-context.v0,country:LUX,missing_canonical_country_profile_or_only_boundary_context,country boundary/context only or not individually verified; live site states only Brazil and India have canonical country profiles,source snapshots; license verification; source vintage; reference period; method transform; comparability metadata; QA; release artifact regeneration,blocked_pending_source_snapshots_license_method_QA,"no verified source snapshots, licenses, methods, reference periods, or QA in this session; do not publish fabricated values","homepage says 2 canonical country profiles, Brazil and India, with 239 country boundary entries and 0 direct place-evidence rows"
LVA,LV,Latvia,Republic of Latvia,release-candidate-2026-07-07.country-context.v0,country:LVA,missing_canonical_country_profile_or_only_boundary_context,country boundary/context only or not individually verified; live site states only Brazil and India have canonical country profiles,source snapshots; license verification; source vintage; reference period; method transform; comparability metadata; QA; release artifact regeneration,blocked_pending_source_snapshots_license_method_QA,"no verified source snapshots, licenses, methods, reference periods, or QA in this session; do not publish fabricated values","homepage says 2 canonical country profiles, Brazil and India, with 239 country boundary entries and 0 direct place-evidence rows"
MAC,MO,Macao,Macao Special Administrative Region of China,release-candidate-2026-07-07.country-context.v0,country:MAC,missing_canonical_country_profile_or_only_boundary_context,country boundary/context only or not individually verified; live site states only Brazil and India have canonical country profiles,source snapshots; license verification; source vintage; reference period; method transform; comparability metadata; QA; release artifact regeneration,blocked_pending_source_snapshots_license_method_QA,"no verified source snapshots, licenses, methods, reference periods, or QA in this session; do not publish fabricated values","homepage says 2 canonical country profiles, Brazil and India, with 239 country boundary entries and 0 direct place-evidence rows"
MAF,MF,Saint Martin (French part),,release-candidate-2026-07-07.country-context.v0,country:MAF,missing_canonical_country_profile_or_only_boundary_context,country boundary/context only or not individually verified; live site states only Brazil and India have canonical country profiles,source snapshots; license verification; source vintage; reference period; method transform; comparability metadata; QA; release artifact regeneration,blocked_pending_source_snapshots_license_method_QA,"no verified source snapshots, licenses, methods, reference periods, or QA in this session; do not publish fabricated values","homepage says 2 canonical country profiles, Brazil and India, with 239 country boundary entries and 0 direct place-evidence rows"
MAR,MA,Morocco,Kingdom of Morocco,release-candidate-2026-07-07.country-context.v0,country:MAR,missing_canonical_country_profile_or_only_boundary_context,country boundary/context only or not individually verified; live site states only Brazil and India have canonical country profiles,source snapshots; license verification; source vintage; reference period; method transform; comparability metadata; QA; release artifact regeneration,blocked_pending_source_snapshots_license_method_QA,"no verified source snapshots, licenses, methods, reference periods, or QA in this session; do not publish fabricated values","homepage says 2 canonical country profiles, Brazil and India, with 239 country boundary entries and 0 direct place-evidence rows"
MCO,MC,Monaco,Principality of Monaco,release-candidate-2026-07-07.country-context.v0,country:MCO,missing_canonical_country_profile_or_only_boundary_context,country boundary/context only or not individually verified; live site states only Brazil and India have canonical country profiles,source snapshots; license verification; source vintage; reference period; method transform; comparability metadata; QA; release artifact regeneration,blocked_pending_source_snapshots_license_method_QA,"no verified source snapshots, licenses, methods, reference periods, or QA in this session; do not publish fabricated values","homepage says 2 canonical country profiles, Brazil and India, with 239 country boundary entries and 0 direct place-evidence rows"
MDA,MD,"Moldova, Republic of",Republic of Moldova,release-candidate-2026-07-07.country-context.v0,country:MDA,missing_canonical_country_profile_or_only_boundary_context,country boundary/context only or not individually verified; live site states only Brazil and India have canonical country profiles,source snapshots; license verification; source vintage; reference period; method transform; comparability metadata; QA; release artifact regeneration,blocked_pending_source_snapshots_license_method_QA,"no verified source snapshots, licenses, methods, reference periods, or QA in this session; do not publish fabricated values","homepage says 2 canonical country profiles, Brazil and India, with 239 country boundary entries and 0 direct place-evidence rows"
MDG,MG,Madagascar,Republic of Madagascar,release-candidate-2026-07-07.country-context.v0,country:MDG,missing_canonical_country_profile_or_only_boundary_context,country boundary/context only or not individually verified; live site states only Brazil and India have canonical country profiles,source snapshots; license verification; source vintage; reference period; method transform; comparability metadata; QA; release artifact regeneration,blocked_pending_source_snapshots_license_method_QA,"no verified source snapshots, licenses, methods, reference periods, or QA in this session; do not publish fabricated values","homepage says 2 canonical country profiles, Brazil and India, with 239 country boundary entries and 0 direct place-evidence rows"
MDV,MV,Maldives,Republic of Maldives,release-candidate-2026-07-07.country-context.v0,country:MDV,missing_canonical_country_profile_or_only_boundary_context,country boundary/context only or not individually verified; live site states only Brazil and India have canonical country profiles,source snapshots; license verification; source vintage; reference period; method transform; comparability metadata; QA; release artifact regeneration,blocked_pending_source_snapshots_license_method_QA,"no verified source snapshots, licenses, methods, reference periods, or QA in this session; do not publish fabricated values","homepage says 2 canonical country profiles, Brazil and India, with 239 country boundary entries and 0 direct place-evidence rows"
MEX,MX,Mexico,United Mexican States,release-candidate-2026-07-07.country-context.v0,country:MEX,missing_canonical_country_profile_or_only_boundary_context,country boundary/context only or not individually verified; live site states only Brazil and India have canonical country profiles,source snapshots; license verification; source vintage; reference period; method transform; comparability metadata; QA; release artifact regeneration,blocked_pending_source_snapshots_license_method_QA,"no verified source snapshots, licenses, methods, reference periods, or QA in this session; do not publish fabricated values","homepage says 2 canonical country profiles, Brazil and India, with 239 country boundary entries and 0 direct place-evidence rows"
MHL,MH,Marshall Islands,Republic of the Marshall Islands,release-candidate-2026-07-07.country-context.v0,country:MHL,missing_canonical_country_profile_or_only_boundary_context,country boundary/context only or not individually verified; live site states only Brazil and India have canonical country profiles,source snapshots; license verification; source vintage; reference period; method transform; comparability metadata; QA; release artifact regeneration,blocked_pending_source_snapshots_license_method_QA,"no verified source snapshots, licenses, methods, reference periods, or QA in this session; do not publish fabricated values","homepage says 2 canonical country profiles, Brazil and India, with 239 country boundary entries and 0 direct place-evidence rows"
MKD,MK,North Macedonia,Republic of North Macedonia,release-candidate-2026-07-07.country-context.v0,country:MKD,missing_canonical_country_profile_or_only_boundary_context,country boundary/context only or not individually verified; live site states only Brazil and India have canonical country profiles,source snapshots; license verification; source vintage; reference period; method transform; comparability metadata; QA; release artifact regeneration,blocked_pending_source_snapshots_license_method_QA,"no verified source snapshots, licenses, methods, reference periods, or QA in this session; do not publish fabricated values","homepage says 2 canonical country profiles, Brazil and India, with 239 country boundary entries and 0 direct place-evidence rows"
MLI,ML,Mali,Republic of Mali,release-candidate-2026-07-07.country-context.v0,country:MLI,missing_canonical_country_profile_or_only_boundary_context,country boundary/context only or not individually verified; live site states only Brazil and India have canonical country profiles,source snapshots; license verification; source vintage; reference period; method transform; comparability metadata; QA; release artifact regeneration,blocked_pending_source_snapshots_license_method_QA,"no verified source snapshots, licenses, methods, reference periods, or QA in this session; do not publish fabricated values","homepage says 2 canonical country profiles, Brazil and India, with 239 country boundary entries and 0 direct place-evidence rows"
MLT,MT,Malta,Republic of Malta,release-candidate-2026-07-07.country-context.v0,country:MLT,missing_canonical_country_profile_or_only_boundary_context,country boundary/context only or not individually verified; live site states only Brazil and India have canonical country profiles,source snapshots; license verification; source vintage; reference period; method transform; comparability metadata; QA; release artifact regeneration,blocked_pending_source_snapshots_license_method_QA,"no verified source snapshots, licenses, methods, reference periods, or QA in this session; do not publish fabricated values","homepage says 2 canonical country profiles, Brazil and India, with 239 country boundary entries and 0 direct place-evidence rows"
MMR,MM,Myanmar,Republic of Myanmar,release-candidate-2026-07-07.country-context.v0,country:MMR,missing_canonical_country_profile_or_only_boundary_context,country boundary/context only or not individually verified; live site states only Brazil and India have canonical country profiles,source snapshots; license verification; source vintage; reference period; method transform; comparability metadata; QA; release artifact regeneration,blocked_pending_source_snapshots_license_method_QA,"no verified source snapshots, licenses, methods, reference periods, or QA in this session; do not publish fabricated values","homepage says 2 canonical country profiles, Brazil and India, with 239 country boundary entries and 0 direct place-evidence rows"
MNE,ME,Montenegro,Montenegro,release-candidate-2026-07-07.country-context.v0,country:MNE,missing_canonical_country_profile_or_only_boundary_context,country boundary/context only or not individually verified; live site states only Brazil and India have canonical country profiles,source snapshots; license verification; source vintage; reference period; method transform; comparability metadata; QA; release artifact regeneration,blocked_pending_source_snapshots_license_method_QA,"no verified source snapshots, licenses, methods, reference periods, or QA in this session; do not publish fabricated values","homepage says 2 canonical country profiles, Brazil and India, with 239 country boundary entries and 0 direct place-evidence rows"
MNG,MN,Mongolia,,release-candidate-2026-07-07.country-context.v0,country:MNG,missing_canonical_country_profile_or_only_boundary_context,country boundary/context only or not individually verified; live site states only Brazil and India have canonical country profiles,source snapshots; license verification; source vintage; reference period; method transform; comparability metadata; QA; release artifact regeneration,blocked_pending_source_snapshots_license_method_QA,"no verified source snapshots, licenses, methods, reference periods, or QA in this session; do not publish fabricated values","homepage says 2 canonical country profiles, Brazil and India, with 239 country boundary entries and 0 direct place-evidence rows"
MNP,MP,Northern Mariana Islands,Commonwealth of the Northern Mariana Islands,release-candidate-2026-07-07.country-context.v0,country:MNP,missing_canonical_country_profile_or_only_boundary_context,country boundary/context only or not individually verified; live site states only Brazil and India have canonical country profiles,source snapshots; license verification; source vintage; reference period; method transform; comparability metadata; QA; release artifact regeneration,blocked_pending_source_snapshots_license_method_QA,"no verified source snapshots, licenses, methods, reference periods, or QA in this session; do not publish fabricated values","homepage says 2 canonical country profiles, Brazil and India, with 239 country boundary entries and 0 direct place-evidence rows"
MOZ,MZ,Mozambique,Republic of Mozambique,release-candidate-2026-07-07.country-context.v0,country:MOZ,missing_canonical_country_profile_or_only_boundary_context,country boundary/context only or not individually verified; live site states only Brazil and India have canonical country profiles,source snapshots; license verification; source vintage; reference period; method transform; comparability metadata; QA; release artifact regeneration,blocked_pending_source_snapshots_license_method_QA,"no verified source snapshots, licenses, methods, reference periods, or QA in this session; do not publish fabricated values","homepage says 2 canonical country profiles, Brazil and India, with 239 country boundary entries and 0 direct place-evidence rows"
MRT,MR,Mauritania,Islamic Republic of Mauritania,release-candidate-2026-07-07.country-context.v0,country:MRT,missing_canonical_country_profile_or_only_boundary_context,country boundary/context only or not individually verified; live site states only Brazil and India have canonical country profiles,source snapshots; license verification; source vintage; reference period; method transform; comparability metadata; QA; release artifact regeneration,blocked_pending_source_snapshots_license_method_QA,"no verified source snapshots, licenses, methods, reference periods, or QA in this session; do not publish fabricated values","homepage says 2 canonical country profiles, Brazil and India, with 239 country boundary entries and 0 direct place-evidence rows"
MSR,MS,Montserrat,,release-candidate-2026-07-07.country-context.v0,country:MSR,missing_canonical_country_profile_or_only_boundary_context,country boundary/context only or not individually verified; live site states only Brazil and India have canonical country profiles,source snapshots; license verification; source vintage; reference period; method transform; comparability metadata; QA; release artifact regeneration,blocked_pending_source_snapshots_license_method_QA,"no verified source snapshots, licenses, methods, reference periods, or QA in this session; do not publish fabricated values","homepage says 2 canonical country profiles, Brazil and India, with 239 country boundary entries and 0 direct place-evidence rows"
MTQ,MQ,Martinique,,release-candidate-2026-07-07.country-context.v0,country:MTQ,missing_canonical_country_profile_or_only_boundary_context,country boundary/context only or not individually verified; live site states only Brazil and India have canonical country profiles,source snapshots; license verification; source vintage; reference period; method transform; comparability metadata; QA; release artifact regeneration,blocked_pending_source_snapshots_license_method_QA,"no verified source snapshots, licenses, methods, reference periods, or QA in this session; do not publish fabricated values","homepage says 2 canonical country profiles, Brazil and India, with 239 country boundary entries and 0 direct place-evidence rows"
MUS,MU,Mauritius,Republic of Mauritius,release-candidate-2026-07-07.country-context.v0,country:MUS,missing_canonical_country_profile_or_only_boundary_context,country boundary/context only or not individually verified; live site states only Brazil and India have canonical country profiles,source snapshots; license verification; source vintage; reference period; method transform; comparability metadata; QA; release artifact regeneration,blocked_pending_source_snapshots_license_method_QA,"no verified source snapshots, licenses, methods, reference periods, or QA in this session; do not publish fabricated values","homepage says 2 canonical country profiles, Brazil and India, with 239 country boundary entries and 0 direct place-evidence rows"
MWI,MW,Malawi,Republic of Malawi,release-candidate-2026-07-07.country-context.v0,country:MWI,missing_canonical_country_profile_or_only_boundary_context,country boundary/context only or not individually verified; live site states only Brazil and India have canonical country profiles,source snapshots; license verification; source vintage; reference period; method transform; comparability metadata; QA; release artifact regeneration,blocked_pending_source_snapshots_license_method_QA,"no verified source snapshots, licenses, methods, reference periods, or QA in this session; do not publish fabricated values","homepage says 2 canonical country profiles, Brazil and India, with 239 country boundary entries and 0 direct place-evidence rows"
MYS,MY,Malaysia,,release-candidate-2026-07-07.country-context.v0,country:MYS,missing_canonical_country_profile_or_only_boundary_context,country boundary/context only or not individually verified; live site states only Brazil and India have canonical country profiles,source snapshots; license verification; source vintage; reference period; method transform; comparability metadata; QA; release artifact regeneration,blocked_pending_source_snapshots_license_method_QA,"no verified source snapshots, licenses, methods, reference periods, or QA in this session; do not publish fabricated values","homepage says 2 canonical country profiles, Brazil and India, with 239 country boundary entries and 0 direct place-evidence rows"
MYT,YT,Mayotte,,release-candidate-2026-07-07.country-context.v0,country:MYT,missing_canonical_country_profile_or_only_boundary_context,country boundary/context only or not individually verified; live site states only Brazil and India have canonical country profiles,source snapshots; license verification; source vintage; reference period; method transform; comparability metadata; QA; release artifact regeneration,blocked_pending_source_snapshots_license_method_QA,"no verified source snapshots, licenses, methods, reference periods, or QA in this session; do not publish fabricated values","homepage says 2 canonical country profiles, Brazil and India, with 239 country boundary entries and 0 direct place-evidence rows"
NAM,NA,Namibia,Republic of Namibia,release-candidate-2026-07-07.country-context.v0,country:NAM,missing_canonical_country_profile_or_only_boundary_context,country boundary/context only or not individually verified; live site states only Brazil and India have canonical country profiles,source snapshots; license verification; source vintage; reference period; method transform; comparability metadata; QA; release artifact regeneration,blocked_pending_source_snapshots_license_method_QA,"no verified source snapshots, licenses, methods, reference periods, or QA in this session; do not publish fabricated values","homepage says 2 canonical country profiles, Brazil and India, with 239 country boundary entries and 0 direct place-evidence rows"
NCL,NC,New Caledonia,,release-candidate-2026-07-07.country-context.v0,country:NCL,missing_canonical_country_profile_or_only_boundary_context,country boundary/context only or not individually verified; live site states only Brazil and India have canonical country profiles,source snapshots; license verification; source vintage; reference period; method transform; comparability metadata; QA; release artifact regeneration,blocked_pending_source_snapshots_license_method_QA,"no verified source snapshots, licenses, methods, reference periods, or QA in this session; do not publish fabricated values","homepage says 2 canonical country profiles, Brazil and India, with 239 country boundary entries and 0 direct place-evidence rows"
NER,NE,Niger,Republic of the Niger,release-candidate-2026-07-07.country-context.v0,country:NER,missing_canonical_country_profile_or_only_boundary_context,country boundary/context only or not individually verified; live site states only Brazil and India have canonical country profiles,source snapshots; license verification; source vintage; reference period; method transform; comparability metadata; QA; release artifact regeneration,blocked_pending_source_snapshots_license_method_QA,"no verified source snapshots, licenses, methods, reference periods, or QA in this session; do not publish fabricated values","homepage says 2 canonical country profiles, Brazil and India, with 239 country boundary entries and 0 direct place-evidence rows"
NFK,NF,Norfolk Island,,release-candidate-2026-07-07.country-context.v0,country:NFK,missing_canonical_country_profile_or_only_boundary_context,country boundary/context only or not individually verified; live site states only Brazil and India have canonical country profiles,source snapshots; license verification; source vintage; reference period; method transform; comparability metadata; QA; release artifact regeneration,blocked_pending_source_snapshots_license_method_QA,"no verified source snapshots, licenses, methods, reference periods, or QA in this session; do not publish fabricated values","homepage says 2 canonical country profiles, Brazil and India, with 239 country boundary entries and 0 direct place-evidence rows"
NGA,NG,Nigeria,Federal Republic of Nigeria,release-candidate-2026-07-07.country-context.v0,country:NGA,missing_canonical_country_profile_or_only_boundary_context,country boundary/context only or not individually verified; live site states only Brazil and India have canonical country profiles,source snapshots; license verification; source vintage; reference period; method transform; comparability metadata; QA; release artifact regeneration,blocked_pending_source_snapshots_license_method_QA,"no verified source snapshots, licenses, methods, reference periods, or QA in this session; do not publish fabricated values","homepage says 2 canonical country profiles, Brazil and India, with 239 country boundary entries and 0 direct place-evidence rows"
NIC,NI,Nicaragua,Republic of Nicaragua,release-candidate-2026-07-07.country-context.v0,country:NIC,missing_canonical_country_profile_or_only_boundary_context,country boundary/context only or not individually verified; live site states only Brazil and India have canonical country profiles,source snapshots; license verification; source vintage; reference period; method transform; comparability metadata; QA; release artifact regeneration,blocked_pending_source_snapshots_license_method_QA,"no verified source snapshots, licenses, methods, reference periods, or QA in this session; do not publish fabricated values","homepage says 2 canonical country profiles, Brazil and India, with 239 country boundary entries and 0 direct place-evidence rows"
NIU,NU,Niue,Niue,release-candidate-2026-07-07.country-context.v0,country:NIU,missing_canonical_country_profile_or_only_boundary_context,country boundary/context only or not individually verified; live site states only Brazil and India have canonical country profiles,source snapshots; license verification; source vintage; reference period; method transform; comparability metadata; QA; release artifact regeneration,blocked_pending_source_snapshots_license_method_QA,"no verified source snapshots, licenses, methods, reference periods, or QA in this session; do not publish fabricated values","homepage says 2 canonical country profiles, Brazil and India, with 239 country boundary entries and 0 direct place-evidence rows"
NLD,NL,Netherlands,Kingdom of the Netherlands,release-candidate-2026-07-07.country-context.v0,country:NLD,missing_canonical_country_profile_or_only_boundary_context,country boundary/context only or not individually verified; live site states only Brazil and India have canonical country profiles,source snapshots; license verification; source vintage; reference period; method transform; comparability metadata; QA; release artifact regeneration,blocked_pending_source_snapshots_license_method_QA,"no verified source snapshots, licenses, methods, reference periods, or QA in this session; do not publish fabricated values","homepage says 2 canonical country profiles, Brazil and India, with 239 country boundary entries and 0 direct place-evidence rows"
NOR,NO,Norway,Kingdom of Norway,release-candidate-2026-07-07.country-context.v0,country:NOR,missing_canonical_country_profile_or_only_boundary_context,country boundary/context only or not individually verified; live site states only Brazil and India have canonical country profiles,source snapshots; license verification; source vintage; reference period; method transform; comparability metadata; QA; release artifact regeneration,blocked_pending_source_snapshots_license_method_QA,"no verified source snapshots, licenses, methods, reference periods, or QA in this session; do not publish fabricated values","homepage says 2 canonical country profiles, Brazil and India, with 239 country boundary entries and 0 direct place-evidence rows"
NPL,NP,Nepal,Federal Democratic Republic of Nepal,release-candidate-2026-07-07.country-context.v0,country:NPL,missing_canonical_country_profile_or_only_boundary_context,country boundary/context only or not individually verified; live site states only Brazil and India have canonical country profiles,source snapshots; license verification; source vintage; reference period; method transform; comparability metadata; QA; release artifact regeneration,blocked_pending_source_snapshots_license_method_QA,"no verified source snapshots, licenses, methods, reference periods, or QA in this session; do not publish fabricated values","homepage says 2 canonical country profiles, Brazil and India, with 239 country boundary entries and 0 direct place-evidence rows"
NRU,NR,Nauru,Republic of Nauru,release-candidate-2026-07-07.country-context.v0,country:NRU,missing_canonical_country_profile_or_only_boundary_context,country boundary/context only or not individually verified; live site states only Brazil and India have canonical country profiles,source snapshots; license verification; source vintage; reference period; method transform; comparability metadata; QA; release artifact regeneration,blocked_pending_source_snapshots_license_method_QA,"no verified source snapshots, licenses, methods, reference periods, or QA in this session; do not publish fabricated values","homepage says 2 canonical country profiles, Brazil and India, with 239 country boundary entries and 0 direct place-evidence rows"
NZL,NZ,New Zealand,,release-candidate-2026-07-07.country-context.v0,country:NZL,missing_canonical_country_profile_or_only_boundary_context,country boundary/context only or not individually verified; live site states only Brazil and India have canonical country profiles,source snapshots; license verification; source vintage; reference period; method transform; comparability metadata; QA; release artifact regeneration,blocked_pending_source_snapshots_license_method_QA,"no verified source snapshots, licenses, methods, reference periods, or QA in this session; do not publish fabricated values","homepage says 2 canonical country profiles, Brazil and India, with 239 country boundary entries and 0 direct place-evidence rows"
OMN,OM,Oman,Sultanate of Oman,release-candidate-2026-07-07.country-context.v0,country:OMN,missing_canonical_country_profile_or_only_boundary_context,country boundary/context only or not individually verified; live site states only Brazil and India have canonical country profiles,source snapshots; license verification; source vintage; reference period; method transform; comparability metadata; QA; release artifact regeneration,blocked_pending_source_snapshots_license_method_QA,"no verified source snapshots, licenses, methods, reference periods, or QA in this session; do not publish fabricated values","homepage says 2 canonical country profiles, Brazil and India, with 239 country boundary entries and 0 direct place-evidence rows"
PAK,PK,Pakistan,Islamic Republic of Pakistan,release-candidate-2026-07-07.country-context.v0,country:PAK,missing_canonical_country_profile_or_only_boundary_context,country boundary/context only or not individually verified; live site states only Brazil and India have canonical country profiles,source snapshots; license verification; source vintage; reference period; method transform; comparability metadata; QA; release artifact regeneration,blocked_pending_source_snapshots_license_method_QA,"no verified source snapshots, licenses, methods, reference periods, or QA in this session; do not publish fabricated values","homepage says 2 canonical country profiles, Brazil and India, with 239 country boundary entries and 0 direct place-evidence rows"
PAN,PA,Panama,Republic of Panama,release-candidate-2026-07-07.country-context.v0,country:PAN,missing_canonical_country_profile_or_only_boundary_context,country boundary/context only or not individually verified; live site states only Brazil and India have canonical country profiles,source snapshots; license verification; source vintage; reference period; method transform; comparability metadata; QA; release artifact regeneration,blocked_pending_source_snapshots_license_method_QA,"no verified source snapshots, licenses, methods, reference periods, or QA in this session; do not publish fabricated values","homepage says 2 canonical country profiles, Brazil and India, with 239 country boundary entries and 0 direct place-evidence rows"
PCN,PN,Pitcairn,,release-candidate-2026-07-07.country-context.v0,country:PCN,missing_canonical_country_profile_or_only_boundary_context,country boundary/context only or not individually verified; live site states only Brazil and India have canonical country profiles,source snapshots; license verification; source vintage; reference period; method transform; comparability metadata; QA; release artifact regeneration,blocked_pending_source_snapshots_license_method_QA,"no verified source snapshots, licenses, methods, reference periods, or QA in this session; do not publish fabricated values","homepage says 2 canonical country profiles, Brazil and India, with 239 country boundary entries and 0 direct place-evidence rows"
PER,PE,Peru,Republic of Peru,release-candidate-2026-07-07.country-context.v0,country:PER,missing_canonical_country_profile_or_only_boundary_context,country boundary/context only or not individually verified; live site states only Brazil and India have canonical country profiles,source snapshots; license verification; source vintage; reference period; method transform; comparability metadata; QA; release artifact regeneration,blocked_pending_source_snapshots_license_method_QA,"no verified source snapshots, licenses, methods, reference periods, or QA in this session; do not publish fabricated values","homepage says 2 canonical country profiles, Brazil and India, with 239 country boundary entries and 0 direct place-evidence rows"
PHL,PH,Philippines,Republic of the Philippines,release-candidate-2026-07-07.country-context.v0,country:PHL,missing_canonical_country_profile_or_only_boundary_context,country boundary/context only or not individually verified; live site states only Brazil and India have canonical country profiles,source snapshots; license verification; source vintage; reference period; method transform; comparability metadata; QA; release artifact regeneration,blocked_pending_source_snapshots_license_method_QA,"no verified source snapshots, licenses, methods, reference periods, or QA in this session; do not publish fabricated values","homepage says 2 canonical country profiles, Brazil and India, with 239 country boundary entries and 0 direct place-evidence rows"
PLW,PW,Palau,Republic of Palau,release-candidate-2026-07-07.country-context.v0,country:PLW,missing_canonical_country_profile_or_only_boundary_context,country boundary/context only or not individually verified; live site states only Brazil and India have canonical country profiles,source snapshots; license verification; source vintage; reference period; method transform; comparability metadata; QA; release artifact regeneration,blocked_pending_source_snapshots_license_method_QA,"no verified source snapshots, licenses, methods, reference periods, or QA in this session; do not publish fabricated values","homepage says 2 canonical country profiles, Brazil and India, with 239 country boundary entries and 0 direct place-evidence rows"
PNG,PG,Papua New Guinea,Independent State of Papua New Guinea,release-candidate-2026-07-07.country-context.v0,country:PNG,missing_canonical_country_profile_or_only_boundary_context,country boundary/context only or not individually verified; live site states only Brazil and India have canonical country profiles,source snapshots; license verification; source vintage; reference period; method transform; comparability metadata; QA; release artifact regeneration,blocked_pending_source_snapshots_license_method_QA,"no verified source snapshots, licenses, methods, reference periods, or QA in this session; do not publish fabricated values","homepage says 2 canonical country profiles, Brazil and India, with 239 country boundary entries and 0 direct place-evidence rows"
POL,PL,Poland,Republic of Poland,release-candidate-2026-07-07.country-context.v0,country:POL,missing_canonical_country_profile_or_only_boundary_context,country boundary/context only or not individually verified; live site states only Brazil and India have canonical country profiles,source snapshots; license verification; source vintage; reference period; method transform; comparability metadata; QA; release artifact regeneration,blocked_pending_source_snapshots_license_method_QA,"no verified source snapshots, licenses, methods, reference periods, or QA in this session; do not publish fabricated values","homepage says 2 canonical country profiles, Brazil and India, with 239 country boundary entries and 0 direct place-evidence rows"
PRI,PR,Puerto Rico,,release-candidate-2026-07-07.country-context.v0,country:PRI,missing_canonical_country_profile_or_only_boundary_context,country boundary/context only or not individually verified; live site states only Brazil and India have canonical country profiles,source snapshots; license verification; source vintage; reference period; method transform; comparability metadata; QA; release artifact regeneration,blocked_pending_source_snapshots_license_method_QA,"no verified source snapshots, licenses, methods, reference periods, or QA in this session; do not publish fabricated values","homepage says 2 canonical country profiles, Brazil and India, with 239 country boundary entries and 0 direct place-evidence rows"
PRK,KP,"Korea, Democratic People's Republic of",Democratic People's Republic of Korea,release-candidate-2026-07-07.country-context.v0,country:PRK,missing_canonical_country_profile_or_only_boundary_context,country boundary/context only or not individually verified; live site states only Brazil and India have canonical country profiles,source snapshots; license verification; source vintage; reference period; method transform; comparability metadata; QA; release artifact regeneration,blocked_pending_source_snapshots_license_method_QA,"no verified source snapshots, licenses, methods, reference periods, or QA in this session; do not publish fabricated values","homepage says 2 canonical country profiles, Brazil and India, with 239 country boundary entries and 0 direct place-evidence rows"
PRT,PT,Portugal,Portuguese Republic,release-candidate-2026-07-07.country-context.v0,country:PRT,missing_canonical_country_profile_or_only_boundary_context,country boundary/context only or not individually verified; live site states only Brazil and India have canonical country profiles,source snapshots; license verification; source vintage; reference period; method transform; comparability metadata; QA; release artifact regeneration,blocked_pending_source_snapshots_license_method_QA,"no verified source snapshots, licenses, methods, reference periods, or QA in this session; do not publish fabricated values","homepage says 2 canonical country profiles, Brazil and India, with 239 country boundary entries and 0 direct place-evidence rows"
PRY,PY,Paraguay,Republic of Paraguay,release-candidate-2026-07-07.country-context.v0,country:PRY,missing_canonical_country_profile_or_only_boundary_context,country boundary/context only or not individually verified; live site states only Brazil and India have canonical country profiles,source snapshots; license verification; source vintage; reference period; method transform; comparability metadata; QA; release artifact regeneration,blocked_pending_source_snapshots_license_method_QA,"no verified source snapshots, licenses, methods, reference periods, or QA in this session; do not publish fabricated values","homepage says 2 canonical country profiles, Brazil and India, with 239 country boundary entries and 0 direct place-evidence rows"
PSE,PS,"Palestine, State of",the State of Palestine,release-candidate-2026-07-07.country-context.v0,country:PSE,missing_canonical_country_profile_or_only_boundary_context,country boundary/context only or not individually verified; live site states only Brazil and India have canonical country profiles,source snapshots; license verification; source vintage; reference period; method transform; comparability metadata; QA; release artifact regeneration,blocked_pending_source_snapshots_license_method_QA,"no verified source snapshots, licenses, methods, reference periods, or QA in this session; do not publish fabricated values","homepage says 2 canonical country profiles, Brazil and India, with 239 country boundary entries and 0 direct place-evidence rows"
PYF,PF,French Polynesia,,release-candidate-2026-07-07.country-context.v0,country:PYF,missing_canonical_country_profile_or_only_boundary_context,country boundary/context only or not individually verified; live site states only Brazil and India have canonical country profiles,source snapshots; license verification; source vintage; reference period; method transform; comparability metadata; QA; release artifact regeneration,blocked_pending_source_snapshots_license_method_QA,"no verified source snapshots, licenses, methods, reference periods, or QA in this session; do not publish fabricated values","homepage says 2 canonical country profiles, Brazil and India, with 239 country boundary entries and 0 direct place-evidence rows"
QAT,QA,Qatar,State of Qatar,release-candidate-2026-07-07.country-context.v0,country:QAT,missing_canonical_country_profile_or_only_boundary_context,country boundary/context only or not individually verified; live site states only Brazil and India have canonical country profiles,source snapshots; license verification; source vintage; reference period; method transform; comparability metadata; QA; release artifact regeneration,blocked_pending_source_snapshots_license_method_QA,"no verified source snapshots, licenses, methods, reference periods, or QA in this session; do not publish fabricated values","homepage says 2 canonical country profiles, Brazil and India, with 239 country boundary entries and 0 direct place-evidence rows"
REU,RE,Réunion,,release-candidate-2026-07-07.country-context.v0,country:REU,missing_canonical_country_profile_or_only_boundary_context,country boundary/context only or not individually verified; live site states only Brazil and India have canonical country profiles,source snapshots; license verification; source vintage; reference period; method transform; comparability metadata; QA; release artifact regeneration,blocked_pending_source_snapshots_license_method_QA,"no verified source snapshots, licenses, methods, reference periods, or QA in this session; do not publish fabricated values","homepage says 2 canonical country profiles, Brazil and India, with 239 country boundary entries and 0 direct place-evidence rows"
ROU,RO,Romania,,release-candidate-2026-07-07.country-context.v0,country:ROU,missing_canonical_country_profile_or_only_boundary_context,country boundary/context only or not individually verified; live site states only Brazil and India have canonical country profiles,source snapshots; license verification; source vintage; reference period; method transform; comparability metadata; QA; release artifact regeneration,blocked_pending_source_snapshots_license_method_QA,"no verified source snapshots, licenses, methods, reference periods, or QA in this session; do not publish fabricated values","homepage says 2 canonical country profiles, Brazil and India, with 239 country boundary entries and 0 direct place-evidence rows"
RUS,RU,Russian Federation,,release-candidate-2026-07-07.country-context.v0,country:RUS,missing_canonical_country_profile_or_only_boundary_context,country boundary/context only or not individually verified; live site states only Brazil and India have canonical country profiles,source snapshots; license verification; source vintage; reference period; method transform; comparability metadata; QA; release artifact regeneration,blocked_pending_source_snapshots_license_method_QA,"no verified source snapshots, licenses, methods, reference periods, or QA in this session; do not publish fabricated values","homepage says 2 canonical country profiles, Brazil and India, with 239 country boundary entries and 0 direct place-evidence rows"
RWA,RW,Rwanda,Rwandese Republic,release-candidate-2026-07-07.country-context.v0,country:RWA,missing_canonical_country_profile_or_only_boundary_context,country boundary/context only or not individually verified; live site states only Brazil and India have canonical country profiles,source snapshots; license verification; source vintage; reference period; method transform; comparability metadata; QA; release artifact regeneration,blocked_pending_source_snapshots_license_method_QA,"no verified source snapshots, licenses, methods, reference periods, or QA in this session; do not publish fabricated values","homepage says 2 canonical country profiles, Brazil and India, with 239 country boundary entries and 0 direct place-evidence rows"
SAU,SA,Saudi Arabia,Kingdom of Saudi Arabia,release-candidate-2026-07-07.country-context.v0,country:SAU,missing_canonical_country_profile_or_only_boundary_context,country boundary/context only or not individually verified; live site states only Brazil and India have canonical country profiles,source snapshots; license verification; source vintage; reference period; method transform; comparability metadata; QA; release artifact regeneration,blocked_pending_source_snapshots_license_method_QA,"no verified source snapshots, licenses, methods, reference periods, or QA in this session; do not publish fabricated values","homepage says 2 canonical country profiles, Brazil and India, with 239 country boundary entries and 0 direct place-evidence rows"
SDN,SD,Sudan,Republic of the Sudan,release-candidate-2026-07-07.country-context.v0,country:SDN,missing_canonical_country_profile_or_only_boundary_context,country boundary/context only or not individually verified; live site states only Brazil and India have canonical country profiles,source snapshots; license verification; source vintage; reference period; method transform; comparability metadata; QA; release artifact regeneration,blocked_pending_source_snapshots_license_method_QA,"no verified source snapshots, licenses, methods, reference periods, or QA in this session; do not publish fabricated values","homepage says 2 canonical country profiles, Brazil and India, with 239 country boundary entries and 0 direct place-evidence rows"
SEN,SN,Senegal,Republic of Senegal,release-candidate-2026-07-07.country-context.v0,country:SEN,missing_canonical_country_profile_or_only_boundary_context,country boundary/context only or not individually verified; live site states only Brazil and India have canonical country profiles,source snapshots; license verification; source vintage; reference period; method transform; comparability metadata; QA; release artifact regeneration,blocked_pending_source_snapshots_license_method_QA,"no verified source snapshots, licenses, methods, reference periods, or QA in this session; do not publish fabricated values","homepage says 2 canonical country profiles, Brazil and India, with 239 country boundary entries and 0 direct place-evidence rows"
SGP,SG,Singapore,Republic of Singapore,release-candidate-2026-07-07.country-context.v0,country:SGP,missing_canonical_country_profile_or_only_boundary_context,country boundary/context only or not individually verified; live site states only Brazil and India have canonical country profiles,source snapshots; license verification; source vintage; reference period; method transform; comparability metadata; QA; release artifact regeneration,blocked_pending_source_snapshots_license_method_QA,"no verified source snapshots, licenses, methods, reference periods, or QA in this session; do not publish fabricated values","homepage says 2 canonical country profiles, Brazil and India, with 239 country boundary entries and 0 direct place-evidence rows"
SGS,GS,South Georgia and the South Sandwich Islands,,release-candidate-2026-07-07.country-context.v0,country:SGS,missing_canonical_country_profile_or_only_boundary_context,country boundary/context only or not individually verified; live site states only Brazil and India have canonical country profiles,source snapshots; license verification; source vintage; reference period; method transform; comparability metadata; QA; release artifact regeneration,blocked_pending_source_snapshots_license_method_QA,"no verified source snapshots, licenses, methods, reference periods, or QA in this session; do not publish fabricated values","homepage says 2 canonical country profiles, Brazil and India, with 239 country boundary entries and 0 direct place-evidence rows"
SHN,SH,"Saint Helena, Ascension and Tristan da Cunha",,release-candidate-2026-07-07.country-context.v0,country:SHN,missing_canonical_country_profile_or_only_boundary_context,country boundary/context only or not individually verified; live site states only Brazil and India have canonical country profiles,source snapshots; license verification; source vintage; reference period; method transform; comparability metadata; QA; release artifact regeneration,blocked_pending_source_snapshots_license_method_QA,"no verified source snapshots, licenses, methods, reference periods, or QA in this session; do not publish fabricated values","homepage says 2 canonical country profiles, Brazil and India, with 239 country boundary entries and 0 direct place-evidence rows"
SJM,SJ,Svalbard and Jan Mayen,,release-candidate-2026-07-07.country-context.v0,country:SJM,missing_canonical_country_profile_or_only_boundary_context,country boundary/context only or not individually verified; live site states only Brazil and India have canonical country profiles,source snapshots; license verification; source vintage; reference period; method transform; comparability metadata; QA; release artifact regeneration,blocked_pending_source_snapshots_license_method_QA,"no verified source snapshots, licenses, methods, reference periods, or QA in this session; do not publish fabricated values","homepage says 2 canonical country profiles, Brazil and India, with 239 country boundary entries and 0 direct place-evidence rows"
SLB,SB,Solomon Islands,,release-candidate-2026-07-07.country-context.v0,country:SLB,missing_canonical_country_profile_or_only_boundary_context,country boundary/context only or not individually verified; live site states only Brazil and India have canonical country profiles,source snapshots; license verification; source vintage; reference period; method transform; comparability metadata; QA; release artifact regeneration,blocked_pending_source_snapshots_license_method_QA,"no verified source snapshots, licenses, methods, reference periods, or QA in this session; do not publish fabricated values","homepage says 2 canonical country profiles, Brazil and India, with 239 country boundary entries and 0 direct place-evidence rows"
SLE,SL,Sierra Leone,Republic of Sierra Leone,release-candidate-2026-07-07.country-context.v0,country:SLE,missing_canonical_country_profile_or_only_boundary_context,country boundary/context only or not individually verified; live site states only Brazil and India have canonical country profiles,source snapshots; license verification; source vintage; reference period; method transform; comparability metadata; QA; release artifact regeneration,blocked_pending_source_snapshots_license_method_QA,"no verified source snapshots, licenses, methods, reference periods, or QA in this session; do not publish fabricated values","homepage says 2 canonical country profiles, Brazil and India, with 239 country boundary entries and 0 direct place-evidence rows"
SLV,SV,El Salvador,Republic of El Salvador,release-candidate-2026-07-07.country-context.v0,country:SLV,missing_canonical_country_profile_or_only_boundary_context,country boundary/context only or not individually verified; live site states only Brazil and India have canonical country profiles,source snapshots; license verification; source vintage; reference period; method transform; comparability metadata; QA; release artifact regeneration,blocked_pending_source_snapshots_license_method_QA,"no verified source snapshots, licenses, methods, reference periods, or QA in this session; do not publish fabricated values","homepage says 2 canonical country profiles, Brazil and India, with 239 country boundary entries and 0 direct place-evidence rows"
SMR,SM,San Marino,Republic of San Marino,release-candidate-2026-07-07.country-context.v0,country:SMR,missing_canonical_country_profile_or_only_boundary_context,country boundary/context only or not individually verified; live site states only Brazil and India have canonical country profiles,source snapshots; license verification; source vintage; reference period; method transform; comparability metadata; QA; release artifact regeneration,blocked_pending_source_snapshots_license_method_QA,"no verified source snapshots, licenses, methods, reference periods, or QA in this session; do not publish fabricated values","homepage says 2 canonical country profiles, Brazil and India, with 239 country boundary entries and 0 direct place-evidence rows"
SOM,SO,Somalia,Federal Republic of Somalia,release-candidate-2026-07-07.country-context.v0,country:SOM,missing_canonical_country_profile_or_only_boundary_context,country boundary/context only or not individually verified; live site states only Brazil and India have canonical country profiles,source snapshots; license verification; source vintage; reference period; method transform; comparability metadata; QA; release artifact regeneration,blocked_pending_source_snapshots_license_method_QA,"no verified source snapshots, licenses, methods, reference periods, or QA in this session; do not publish fabricated values","homepage says 2 canonical country profiles, Brazil and India, with 239 country boundary entries and 0 direct place-evidence rows"
SPM,PM,Saint Pierre and Miquelon,,release-candidate-2026-07-07.country-context.v0,country:SPM,missing_canonical_country_profile_or_only_boundary_context,country boundary/context only or not individually verified; live site states only Brazil and India have canonical country profiles,source snapshots; license verification; source vintage; reference period; method transform; comparability metadata; QA; release artifact regeneration,blocked_pending_source_snapshots_license_method_QA,"no verified source snapshots, licenses, methods, reference periods, or QA in this session; do not publish fabricated values","homepage says 2 canonical country profiles, Brazil and India, with 239 country boundary entries and 0 direct place-evidence rows"
SRB,RS,Serbia,Republic of Serbia,release-candidate-2026-07-07.country-context.v0,country:SRB,missing_canonical_country_profile_or_only_boundary_context,country boundary/context only or not individually verified; live site states only Brazil and India have canonical country profiles,source snapshots; license verification; source vintage; reference period; method transform; comparability metadata; QA; release artifact regeneration,blocked_pending_source_snapshots_license_method_QA,"no verified source snapshots, licenses, methods, reference periods, or QA in this session; do not publish fabricated values","homepage says 2 canonical country profiles, Brazil and India, with 239 country boundary entries and 0 direct place-evidence rows"
SSD,SS,South Sudan,Republic of South Sudan,release-candidate-2026-07-07.country-context.v0,country:SSD,missing_canonical_country_profile_or_only_boundary_context,country boundary/context only or not individually verified; live site states only Brazil and India have canonical country profiles,source snapshots; license verification; source vintage; reference period; method transform; comparability metadata; QA; release artifact regeneration,blocked_pending_source_snapshots_license_method_QA,"no verified source snapshots, licenses, methods, reference periods, or QA in this session; do not publish fabricated values","homepage says 2 canonical country profiles, Brazil and India, with 239 country boundary entries and 0 direct place-evidence rows"
STP,ST,Sao Tome and Principe,Democratic Republic of Sao Tome and Principe,release-candidate-2026-07-07.country-context.v0,country:STP,missing_canonical_country_profile_or_only_boundary_context,country boundary/context only or not individually verified; live site states only Brazil and India have canonical country profiles,source snapshots; license verification; source vintage; reference period; method transform; comparability metadata; QA; release artifact regeneration,blocked_pending_source_snapshots_license_method_QA,"no verified source snapshots, licenses, methods, reference periods, or QA in this session; do not publish fabricated values","homepage says 2 canonical country profiles, Brazil and India, with 239 country boundary entries and 0 direct place-evidence rows"
SUR,SR,Suriname,Republic of Suriname,release-candidate-2026-07-07.country-context.v0,country:SUR,missing_canonical_country_profile_or_only_boundary_context,country boundary/context only or not individually verified; live site states only Brazil and India have canonical country profiles,source snapshots; license verification; source vintage; reference period; method transform; comparability metadata; QA; release artifact regeneration,blocked_pending_source_snapshots_license_method_QA,"no verified source snapshots, licenses, methods, reference periods, or QA in this session; do not publish fabricated values","homepage says 2 canonical country profiles, Brazil and India, with 239 country boundary entries and 0 direct place-evidence rows"
SVK,SK,Slovakia,Slovak Republic,release-candidate-2026-07-07.country-context.v0,country:SVK,missing_canonical_country_profile_or_only_boundary_context,country boundary/context only or not individually verified; live site states only Brazil and India have canonical country profiles,source snapshots; license verification; source vintage; reference period; method transform; comparability metadata; QA; release artifact regeneration,blocked_pending_source_snapshots_license_method_QA,"no verified source snapshots, licenses, methods, reference periods, or QA in this session; do not publish fabricated values","homepage says 2 canonical country profiles, Brazil and India, with 239 country boundary entries and 0 direct place-evidence rows"
SVN,SI,Slovenia,Republic of Slovenia,release-candidate-2026-07-07.country-context.v0,country:SVN,missing_canonical_country_profile_or_only_boundary_context,country boundary/context only or not individually verified; live site states only Brazil and India have canonical country profiles,source snapshots; license verification; source vintage; reference period; method transform; comparability metadata; QA; release artifact regeneration,blocked_pending_source_snapshots_license_method_QA,"no verified source snapshots, licenses, methods, reference periods, or QA in this session; do not publish fabricated values","homepage says 2 canonical country profiles, Brazil and India, with 239 country boundary entries and 0 direct place-evidence rows"
SWE,SE,Sweden,Kingdom of Sweden,release-candidate-2026-07-07.country-context.v0,country:SWE,missing_canonical_country_profile_or_only_boundary_context,country boundary/context only or not individually verified; live site states only Brazil and India have canonical country profiles,source snapshots; license verification; source vintage; reference period; method transform; comparability metadata; QA; release artifact regeneration,blocked_pending_source_snapshots_license_method_QA,"no verified source snapshots, licenses, methods, reference periods, or QA in this session; do not publish fabricated values","homepage says 2 canonical country profiles, Brazil and India, with 239 country boundary entries and 0 direct place-evidence rows"
SWZ,SZ,Eswatini,Kingdom of Eswatini,release-candidate-2026-07-07.country-context.v0,country:SWZ,missing_canonical_country_profile_or_only_boundary_context,country boundary/context only or not individually verified; live site states only Brazil and India have canonical country profiles,source snapshots; license verification; source vintage; reference period; method transform; comparability metadata; QA; release artifact regeneration,blocked_pending_source_snapshots_license_method_QA,"no verified source snapshots, licenses, methods, reference periods, or QA in this session; do not publish fabricated values","homepage says 2 canonical country profiles, Brazil and India, with 239 country boundary entries and 0 direct place-evidence rows"
SXM,SX,Sint Maarten (Dutch part),Sint Maarten (Dutch part),release-candidate-2026-07-07.country-context.v0,country:SXM,missing_canonical_country_profile_or_only_boundary_context,country boundary/context only or not individually verified; live site states only Brazil and India have canonical country profiles,source snapshots; license verification; source vintage; reference period; method transform; comparability metadata; QA; release artifact regeneration,blocked_pending_source_snapshots_license_method_QA,"no verified source snapshots, licenses, methods, reference periods, or QA in this session; do not publish fabricated values","homepage says 2 canonical country profiles, Brazil and India, with 239 country boundary entries and 0 direct place-evidence rows"
SYC,SC,Seychelles,Republic of Seychelles,release-candidate-2026-07-07.country-context.v0,country:SYC,missing_canonical_country_profile_or_only_boundary_context,country boundary/context only or not individually verified; live site states only Brazil and India have canonical country profiles,source snapshots; license verification; source vintage; reference period; method transform; comparability metadata; QA; release artifact regeneration,blocked_pending_source_snapshots_license_method_QA,"no verified source snapshots, licenses, methods, reference periods, or QA in this session; do not publish fabricated values","homepage says 2 canonical country profiles, Brazil and India, with 239 country boundary entries and 0 direct place-evidence rows"
SYR,SY,Syrian Arab Republic,,release-candidate-2026-07-07.country-context.v0,country:SYR,missing_canonical_country_profile_or_only_boundary_context,country boundary/context only or not individually verified; live site states only Brazil and India have canonical country profiles,source snapshots; license verification; source vintage; reference period; method transform; comparability metadata; QA; release artifact regeneration,blocked_pending_source_snapshots_license_method_QA,"no verified source snapshots, licenses, methods, reference periods, or QA in this session; do not publish fabricated values","homepage says 2 canonical country profiles, Brazil and India, with 239 country boundary entries and 0 direct place-evidence rows"
TCA,TC,Turks and Caicos Islands,,release-candidate-2026-07-07.country-context.v0,country:TCA,missing_canonical_country_profile_or_only_boundary_context,country boundary/context only or not individually verified; live site states only Brazil and India have canonical country profiles,source snapshots; license verification; source vintage; reference period; method transform; comparability metadata; QA; release artifact regeneration,blocked_pending_source_snapshots_license_method_QA,"no verified source snapshots, licenses, methods, reference periods, or QA in this session; do not publish fabricated values","homepage says 2 canonical country profiles, Brazil and India, with 239 country boundary entries and 0 direct place-evidence rows"
TCD,TD,Chad,Republic of Chad,release-candidate-2026-07-07.country-context.v0,country:TCD,missing_canonical_country_profile_or_only_boundary_context,country boundary/context only or not individually verified; live site states only Brazil and India have canonical country profiles,source snapshots; license verification; source vintage; reference period; method transform; comparability metadata; QA; release artifact regeneration,blocked_pending_source_snapshots_license_method_QA,"no verified source snapshots, licenses, methods, reference periods, or QA in this session; do not publish fabricated values","homepage says 2 canonical country profiles, Brazil and India, with 239 country boundary entries and 0 direct place-evidence rows"
TGO,TG,Togo,Togolese Republic,release-candidate-2026-07-07.country-context.v0,country:TGO,missing_canonical_country_profile_or_only_boundary_context,country boundary/context only or not individually verified; live site states only Brazil and India have canonical country profiles,source snapshots; license verification; source vintage; reference period; method transform; comparability metadata; QA; release artifact regeneration,blocked_pending_source_snapshots_license_method_QA,"no verified source snapshots, licenses, methods, reference periods, or QA in this session; do not publish fabricated values","homepage says 2 canonical country profiles, Brazil and India, with 239 country boundary entries and 0 direct place-evidence rows"
THA,TH,Thailand,Kingdom of Thailand,release-candidate-2026-07-07.country-context.v0,country:THA,missing_canonical_country_profile_or_only_boundary_context,country boundary/context only or not individually verified; live site states only Brazil and India have canonical country profiles,source snapshots; license verification; source vintage; reference period; method transform; comparability metadata; QA; release artifact regeneration,blocked_pending_source_snapshots_license_method_QA,"no verified source snapshots, licenses, methods, reference periods, or QA in this session; do not publish fabricated values","homepage says 2 canonical country profiles, Brazil and India, with 239 country boundary entries and 0 direct place-evidence rows"
TJK,TJ,Tajikistan,Republic of Tajikistan,release-candidate-2026-07-07.country-context.v0,country:TJK,missing_canonical_country_profile_or_only_boundary_context,country boundary/context only or not individually verified; live site states only Brazil and India have canonical country profiles,source snapshots; license verification; source vintage; reference period; method transform; comparability metadata; QA; release artifact regeneration,blocked_pending_source_snapshots_license_method_QA,"no verified source snapshots, licenses, methods, reference periods, or QA in this session; do not publish fabricated values","homepage says 2 canonical country profiles, Brazil and India, with 239 country boundary entries and 0 direct place-evidence rows"
TKL,TK,Tokelau,,release-candidate-2026-07-07.country-context.v0,country:TKL,missing_canonical_country_profile_or_only_boundary_context,country boundary/context only or not individually verified; live site states only Brazil and India have canonical country profiles,source snapshots; license verification; source vintage; reference period; method transform; comparability metadata; QA; release artifact regeneration,blocked_pending_source_snapshots_license_method_QA,"no verified source snapshots, licenses, methods, reference periods, or QA in this session; do not publish fabricated values","homepage says 2 canonical country profiles, Brazil and India, with 239 country boundary entries and 0 direct place-evidence rows"
TKM,TM,Turkmenistan,,release-candidate-2026-07-07.country-context.v0,country:TKM,missing_canonical_country_profile_or_only_boundary_context,country boundary/context only or not individually verified; live site states only Brazil and India have canonical country profiles,source snapshots; license verification; source vintage; reference period; method transform; comparability metadata; QA; release artifact regeneration,blocked_pending_source_snapshots_license_method_QA,"no verified source snapshots, licenses, methods, reference periods, or QA in this session; do not publish fabricated values","homepage says 2 canonical country profiles, Brazil and India, with 239 country boundary entries and 0 direct place-evidence rows"
TLS,TL,Timor-Leste,Democratic Republic of Timor-Leste,release-candidate-2026-07-07.country-context.v0,country:TLS,missing_canonical_country_profile_or_only_boundary_context,country boundary/context only or not individually verified; live site states only Brazil and India have canonical country profiles,source snapshots; license verification; source vintage; reference period; method transform; comparability metadata; QA; release artifact regeneration,blocked_pending_source_snapshots_license_method_QA,"no verified source snapshots, licenses, methods, reference periods, or QA in this session; do not publish fabricated values","homepage says 2 canonical country profiles, Brazil and India, with 239 country boundary entries and 0 direct place-evidence rows"
TON,TO,Tonga,Kingdom of Tonga,release-candidate-2026-07-07.country-context.v0,country:TON,missing_canonical_country_profile_or_only_boundary_context,country boundary/context only or not individually verified; live site states only Brazil and India have canonical country profiles,source snapshots; license verification; source vintage; reference period; method transform; comparability metadata; QA; release artifact regeneration,blocked_pending_source_snapshots_license_method_QA,"no verified source snapshots, licenses, methods, reference periods, or QA in this session; do not publish fabricated values","homepage says 2 canonical country profiles, Brazil and India, with 239 country boundary entries and 0 direct place-evidence rows"
TTO,TT,Trinidad and Tobago,Republic of Trinidad and Tobago,release-candidate-2026-07-07.country-context.v0,country:TTO,missing_canonical_country_profile_or_only_boundary_context,country boundary/context only or not individually verified; live site states only Brazil and India have canonical country profiles,source snapshots; license verification; source vintage; reference period; method transform; comparability metadata; QA; release artifact regeneration,blocked_pending_source_snapshots_license_method_QA,"no verified source snapshots, licenses, methods, reference periods, or QA in this session; do not publish fabricated values","homepage says 2 canonical country profiles, Brazil and India, with 239 country boundary entries and 0 direct place-evidence rows"
TUN,TN,Tunisia,Republic of Tunisia,release-candidate-2026-07-07.country-context.v0,country:TUN,missing_canonical_country_profile_or_only_boundary_context,country boundary/context only or not individually verified; live site states only Brazil and India have canonical country profiles,source snapshots; license verification; source vintage; reference period; method transform; comparability metadata; QA; release artifact regeneration,blocked_pending_source_snapshots_license_method_QA,"no verified source snapshots, licenses, methods, reference periods, or QA in this session; do not publish fabricated values","homepage says 2 canonical country profiles, Brazil and India, with 239 country boundary entries and 0 direct place-evidence rows"
TUR,TR,Türkiye,Republic of Türkiye,release-candidate-2026-07-07.country-context.v0,country:TUR,missing_canonical_country_profile_or_only_boundary_context,country boundary/context only or not individually verified; live site states only Brazil and India have canonical country profiles,source snapshots; license verification; source vintage; reference period; method transform; comparability metadata; QA; release artifact regeneration,blocked_pending_source_snapshots_license_method_QA,"no verified source snapshots, licenses, methods, reference periods, or QA in this session; do not publish fabricated values","homepage says 2 canonical country profiles, Brazil and India, with 239 country boundary entries and 0 direct place-evidence rows"
TUV,TV,Tuvalu,,release-candidate-2026-07-07.country-context.v0,country:TUV,missing_canonical_country_profile_or_only_boundary_context,country boundary/context only or not individually verified; live site states only Brazil and India have canonical country profiles,source snapshots; license verification; source vintage; reference period; method transform; comparability metadata; QA; release artifact regeneration,blocked_pending_source_snapshots_license_method_QA,"no verified source snapshots, licenses, methods, reference periods, or QA in this session; do not publish fabricated values","homepage says 2 canonical country profiles, Brazil and India, with 239 country boundary entries and 0 direct place-evidence rows"
TWN,TW,"Taiwan, Province of China","Taiwan, Province of China",release-candidate-2026-07-07.country-context.v0,country:TWN,missing_canonical_country_profile_or_only_boundary_context,country boundary/context only or not individually verified; live site states only Brazil and India have canonical country profiles,source snapshots; license verification; source vintage; reference period; method transform; comparability metadata; QA; release artifact regeneration,blocked_pending_source_snapshots_license_method_QA,"no verified source snapshots, licenses, methods, reference periods, or QA in this session; do not publish fabricated values","homepage says 2 canonical country profiles, Brazil and India, with 239 country boundary entries and 0 direct place-evidence rows"
TZA,TZ,"Tanzania, United Republic of",United Republic of Tanzania,release-candidate-2026-07-07.country-context.v0,country:TZA,missing_canonical_country_profile_or_only_boundary_context,country boundary/context only or not individually verified; live site states only Brazil and India have canonical country profiles,source snapshots; license verification; source vintage; reference period; method transform; comparability metadata; QA; release artifact regeneration,blocked_pending_source_snapshots_license_method_QA,"no verified source snapshots, licenses, methods, reference periods, or QA in this session; do not publish fabricated values","homepage says 2 canonical country profiles, Brazil and India, with 239 country boundary entries and 0 direct place-evidence rows"
UGA,UG,Uganda,Republic of Uganda,release-candidate-2026-07-07.country-context.v0,country:UGA,missing_canonical_country_profile_or_only_boundary_context,country boundary/context only or not individually verified; live site states only Brazil and India have canonical country profiles,source snapshots; license verification; source vintage; reference period; method transform; comparability metadata; QA; release artifact regeneration,blocked_pending_source_snapshots_license_method_QA,"no verified source snapshots, licenses, methods, reference periods, or QA in this session; do not publish fabricated values","homepage says 2 canonical country profiles, Brazil and India, with 239 country boundary entries and 0 direct place-evidence rows"
UKR,UA,Ukraine,,release-candidate-2026-07-07.country-context.v0,country:UKR,missing_canonical_country_profile_or_only_boundary_context,country boundary/context only or not individually verified; live site states only Brazil and India have canonical country profiles,source snapshots; license verification; source vintage; reference period; method transform; comparability metadata; QA; release artifact regeneration,blocked_pending_source_snapshots_license_method_QA,"no verified source snapshots, licenses, methods, reference periods, or QA in this session; do not publish fabricated values","homepage says 2 canonical country profiles, Brazil and India, with 239 country boundary entries and 0 direct place-evidence rows"
UMI,UM,United States Minor Outlying Islands,,release-candidate-2026-07-07.country-context.v0,country:UMI,missing_canonical_country_profile_or_only_boundary_context,country boundary/context only or not individually verified; live site states only Brazil and India have canonical country profiles,source snapshots; license verification; source vintage; reference period; method transform; comparability metadata; QA; release artifact regeneration,blocked_pending_source_snapshots_license_method_QA,"no verified source snapshots, licenses, methods, reference periods, or QA in this session; do not publish fabricated values","homepage says 2 canonical country profiles, Brazil and India, with 239 country boundary entries and 0 direct place-evidence rows"
URY,UY,Uruguay,Eastern Republic of Uruguay,release-candidate-2026-07-07.country-context.v0,country:URY,missing_canonical_country_profile_or_only_boundary_context,country boundary/context only or not individually verified; live site states only Brazil and India have canonical country profiles,source snapshots; license verification; source vintage; reference period; method transform; comparability metadata; QA; release artifact regeneration,blocked_pending_source_snapshots_license_method_QA,"no verified source snapshots, licenses, methods, reference periods, or QA in this session; do not publish fabricated values","homepage says 2 canonical country profiles, Brazil and India, with 239 country boundary entries and 0 direct place-evidence rows"
USA,US,United States,United States of America,release-candidate-2026-07-07.country-context.v0,country:USA,missing_canonical_country_profile_or_only_boundary_context,country boundary/context only or not individually verified; live site states only Brazil and India have canonical country profiles,source snapshots; license verification; source vintage; reference period; method transform; comparability metadata; QA; release artifact regeneration,blocked_pending_source_snapshots_license_method_QA,"no verified source snapshots, licenses, methods, reference periods, or QA in this session; do not publish fabricated values","homepage says 2 canonical country profiles, Brazil and India, with 239 country boundary entries and 0 direct place-evidence rows"
UZB,UZ,Uzbekistan,Republic of Uzbekistan,release-candidate-2026-07-07.country-context.v0,country:UZB,missing_canonical_country_profile_or_only_boundary_context,country boundary/context only or not individually verified; live site states only Brazil and India have canonical country profiles,source snapshots; license verification; source vintage; reference period; method transform; comparability metadata; QA; release artifact regeneration,blocked_pending_source_snapshots_license_method_QA,"no verified source snapshots, licenses, methods, reference periods, or QA in this session; do not publish fabricated values","homepage says 2 canonical country profiles, Brazil and India, with 239 country boundary entries and 0 direct place-evidence rows"
VAT,VA,Holy See (Vatican City State),,release-candidate-2026-07-07.country-context.v0,country:VAT,missing_canonical_country_profile_or_only_boundary_context,country boundary/context only or not individually verified; live site states only Brazil and India have canonical country profiles,source snapshots; license verification; source vintage; reference period; method transform; comparability metadata; QA; release artifact regeneration,blocked_pending_source_snapshots_license_method_QA,"no verified source snapshots, licenses, methods, reference periods, or QA in this session; do not publish fabricated values","homepage says 2 canonical country profiles, Brazil and India, with 239 country boundary entries and 0 direct place-evidence rows"
VCT,VC,Saint Vincent and the Grenadines,,release-candidate-2026-07-07.country-context.v0,country:VCT,missing_canonical_country_profile_or_only_boundary_context,country boundary/context only or not individually verified; live site states only Brazil and India have canonical country profiles,source snapshots; license verification; source vintage; reference period; method transform; comparability metadata; QA; release artifact regeneration,blocked_pending_source_snapshots_license_method_QA,"no verified source snapshots, licenses, methods, reference periods, or QA in this session; do not publish fabricated values","homepage says 2 canonical country profiles, Brazil and India, with 239 country boundary entries and 0 direct place-evidence rows"
VEN,VE,"Venezuela, Bolivarian Republic of",Bolivarian Republic of Venezuela,release-candidate-2026-07-07.country-context.v0,country:VEN,missing_canonical_country_profile_or_only_boundary_context,country boundary/context only or not individually verified; live site states only Brazil and India have canonical country profiles,source snapshots; license verification; source vintage; reference period; method transform; comparability metadata; QA; release artifact regeneration,blocked_pending_source_snapshots_license_method_QA,"no verified source snapshots, licenses, methods, reference periods, or QA in this session; do not publish fabricated values","homepage says 2 canonical country profiles, Brazil and India, with 239 country boundary entries and 0 direct place-evidence rows"
VGB,VG,"Virgin Islands, British",British Virgin Islands,release-candidate-2026-07-07.country-context.v0,country:VGB,missing_canonical_country_profile_or_only_boundary_context,country boundary/context only or not individually verified; live site states only Brazil and India have canonical country profiles,source snapshots; license verification; source vintage; reference period; method transform; comparability metadata; QA; release artifact regeneration,blocked_pending_source_snapshots_license_method_QA,"no verified source snapshots, licenses, methods, reference periods, or QA in this session; do not publish fabricated values","homepage says 2 canonical country profiles, Brazil and India, with 239 country boundary entries and 0 direct place-evidence rows"
VIR,VI,"Virgin Islands, U.S.",Virgin Islands of the United States,release-candidate-2026-07-07.country-context.v0,country:VIR,missing_canonical_country_profile_or_only_boundary_context,country boundary/context only or not individually verified; live site states only Brazil and India have canonical country profiles,source snapshots; license verification; source vintage; reference period; method transform; comparability metadata; QA; release artifact regeneration,blocked_pending_source_snapshots_license_method_QA,"no verified source snapshots, licenses, methods, reference periods, or QA in this session; do not publish fabricated values","homepage says 2 canonical country profiles, Brazil and India, with 239 country boundary entries and 0 direct place-evidence rows"
VNM,VN,Viet Nam,Socialist Republic of Viet Nam,release-candidate-2026-07-07.country-context.v0,country:VNM,missing_canonical_country_profile_or_only_boundary_context,country boundary/context only or not individually verified; live site states only Brazil and India have canonical country profiles,source snapshots; license verification; source vintage; reference period; method transform; comparability metadata; QA; release artifact regeneration,blocked_pending_source_snapshots_license_method_QA,"no verified source snapshots, licenses, methods, reference periods, or QA in this session; do not publish fabricated values","homepage says 2 canonical country profiles, Brazil and India, with 239 country boundary entries and 0 direct place-evidence rows"
VUT,VU,Vanuatu,Republic of Vanuatu,release-candidate-2026-07-07.country-context.v0,country:VUT,missing_canonical_country_profile_or_only_boundary_context,country boundary/context only or not individually verified; live site states only Brazil and India have canonical country profiles,source snapshots; license verification; source vintage; reference period; method transform; comparability metadata; QA; release artifact regeneration,blocked_pending_source_snapshots_license_method_QA,"no verified source snapshots, licenses, methods, reference periods, or QA in this session; do not publish fabricated values","homepage says 2 canonical country profiles, Brazil and India, with 239 country boundary entries and 0 direct place-evidence rows"
WLF,WF,Wallis and Futuna,,release-candidate-2026-07-07.country-context.v0,country:WLF,missing_canonical_country_profile_or_only_boundary_context,country boundary/context only or not individually verified; live site states only Brazil and India have canonical country profiles,source snapshots; license verification; source vintage; reference period; method transform; comparability metadata; QA; release artifact regeneration,blocked_pending_source_snapshots_license_method_QA,"no verified source snapshots, licenses, methods, reference periods, or QA in this session; do not publish fabricated values","homepage says 2 canonical country profiles, Brazil and India, with 239 country boundary entries and 0 direct place-evidence rows"
WSM,WS,Samoa,Independent State of Samoa,release-candidate-2026-07-07.country-context.v0,country:WSM,missing_canonical_country_profile_or_only_boundary_context,country boundary/context only or not individually verified; live site states only Brazil and India have canonical country profiles,source snapshots; license verification; source vintage; reference period; method transform; comparability metadata; QA; release artifact regeneration,blocked_pending_source_snapshots_license_method_QA,"no verified source snapshots, licenses, methods, reference periods, or QA in this session; do not publish fabricated values","homepage says 2 canonical country profiles, Brazil and India, with 239 country boundary entries and 0 direct place-evidence rows"
YEM,YE,Yemen,Republic of Yemen,release-candidate-2026-07-07.country-context.v0,country:YEM,missing_canonical_country_profile_or_only_boundary_context,country boundary/context only or not individually verified; live site states only Brazil and India have canonical country profiles,source snapshots; license verification; source vintage; reference period; method transform; comparability metadata; QA; release artifact regeneration,blocked_pending_source_snapshots_license_method_QA,"no verified source snapshots, licenses, methods, reference periods, or QA in this session; do not publish fabricated values","homepage says 2 canonical country profiles, Brazil and India, with 239 country boundary entries and 0 direct place-evidence rows"
ZAF,ZA,South Africa,Republic of South Africa,release-candidate-2026-07-07.country-context.v0,country:ZAF,missing_canonical_country_profile_or_only_boundary_context,country boundary/context only or not individually verified; live site states only Brazil and India have canonical country profiles,source snapshots; license verification; source vintage; reference period; method transform; comparability metadata; QA; release artifact regeneration,blocked_pending_source_snapshots_license_method_QA,"no verified source snapshots, licenses, methods, reference periods, or QA in this session; do not publish fabricated values","homepage says 2 canonical country profiles, Brazil and India, with 239 country boundary entries and 0 direct place-evidence rows"
ZMB,ZM,Zambia,Republic of Zambia,release-candidate-2026-07-07.country-context.v0,country:ZMB,missing_canonical_country_profile_or_only_boundary_context,country boundary/context only or not individually verified; live site states only Brazil and India have canonical country profiles,source snapshots; license verification; source vintage; reference period; method transform; comparability metadata; QA; release artifact regeneration,blocked_pending_source_snapshots_license_method_QA,"no verified source snapshots, licenses, methods, reference periods, or QA in this session; do not publish fabricated values","homepage says 2 canonical country profiles, Brazil and India, with 239 country boundary entries and 0 direct place-evidence rows"
ZWE,ZW,Zimbabwe,Republic of Zimbabwe,release-candidate-2026-07-07.country-context.v0,country:ZWE,missing_canonical_country_profile_or_only_boundary_context,country boundary/context only or not individually verified; live site states only Brazil and India have canonical country profiles,source snapshots; license verification; source vintage; reference period; method transform; comparability metadata; QA; release artifact regeneration,blocked_pending_source_snapshots_license_method_QA,"no verified source snapshots, licenses, methods, reference periods, or QA in this session; do not publish fabricated values","homepage says 2 canonical country profiles, Brazil and India, with 239 country boundary entries and 0 direct place-evidence rows"
